ID_Cashflow,ID_Sumber,TANGGAL,KETERANGAN/TRANSAKSI,Jenis,Kategori,Pemasukan,pengeluaran,POS,Saldo Kas,Apakah Stok?,ID Bahan Baku,Qty,SALDO CASH,SALDO REKENING N,SALDO REKENING Y
9NEGNT3D,,01-04-2026,PINJAMAN MODAL AHMAD YAZID PASARIBU,Pemasukan,Pemasukan,Rp1.200.000,,SALDO CASH,Rp1.200.000,,,,"Rp3.956.500,00","Rp124.437,00","Rp8.087.000,00"
8CPLJTS5,,01-04-2026,OMZET CARWASH CASH,Pemasukan carwash,Pemasukan,Rp625.000,,SALDO CASH,Rp1.825.000,,,,,,
58D8B1VF,,01-04-2026,OMZET CARWASH QRIS,Pemasukan carwash,Pemasukan,Rp105.000,,SALDO REKENING Y,Rp1.930.000,,,,TOTAL SALDO,,
8CD7TUVJ,,01-04-2026,BUKU EKSPEDISI,pengeluaran carwash,Barang,,Rp34.000,SALDO CASH,Rp1.896.000,,,,"Rp12.167.937,00",,
8BPBGVHX,,01-04-2026,BADAK 1KRAT,pengeluaran cafe,Bahan Baku,,Rp135.000,SALDO CASH,Rp1.761.000,,,,,,
ELQHD8P8,,01-04-2026,LE MINERAL 1DUS,pengeluaran cafe,Bahan Baku,,Rp47.000,SALDO CASH,Rp1.714.000,,,,,,
M72ASJIH,,01-04-2026,STP,pengeluaran carwash,Bahan Baku,,Rp240.000,SALDO CASH,Rp1.474.000,,,,,,
72UXGMUR,,01-04-2026,SEGALA TEMPE,pemasukan tenant,Pemasukan,Rp500.000,,SALDO REKENING N,Rp1.974.000,,,,,,
PKLKZU9Y,,02-04-2026,PRINT,pengeluaran cafe,Operasional,,Rp5.000,SALDO CASH,Rp1.969.000,,,,,,
UMKZZ33F,,02-04-2026,ES KRISTAL,pengeluaran cafe,Bahan Baku,,Rp5.000,SALDO CASH,Rp1.964.000,,,,,#REF!,
8991IEN2,,02-04-2026,GULA 1 KG,pengeluaran cafe,Bahan Baku,,Rp18.500,SALDO CASH,Rp1.945.500,,,,,,
MR9M2NQA,,02-04-2026,TEH 1 KOTAK,pengeluaran cafe,Bahan Baku,,Rp5.500,SALDO CASH,Rp1.940.000,,,,,,
Y64BTK2M,,02-04-2026,GULA AREN 1 KG,pengeluaran cafe,Bahan Baku,,Rp30.000,SALDO CASH,Rp1.910.000,,,,,,
MORA80AO,,02-04-2026,TISSUE 1 KOTAK,pengeluaran cafe,Lainnya,,Rp255.000,SALDO CASH,Rp1.655.000,,,,,,
SN5QYHKN,,02-04-2026,BIJI KOPI 1 KG,pengeluaran cafe,Bahan Baku,,Rp207.500,SALDO REKENING N,Rp1.447.500,,,,,,
ESJE8SF8,,02-04-2026,MINYAK WAK UDIN,pengeluaran,Lainnya,,Rp10.000,SALDO CASH,Rp1.437.500,,,,,,
0748BIP6,,02-04-2026,ONGKIR BIJI KOPI,pengeluaran cafe,Operasional,,Rp20.000,SALDO CASH,Rp1.417.500,,,,,,
1LSPT9S8,,02-04-2026,OMZET CARWASH CASH,Pemasukan carwash,Pemasukan,Rp1.510.000,,SALDO CASH,Rp2.927.500,,,,,,
7JF5TSED,,02-04-2026,OMZET CARWASH QRIS,Pemasukan carwash,Pemasukan,Rp710.000,,SALDO REKENING Y,Rp3.637.500,,,,,,
Q100W0N8,,02-04-2026,ADMIN,pengeluaran,Lainnya,,Rp50.000,SALDO REKENING N,Rp3.587.500,,,,,,
MDEPSU7C,,02-04-2026,ADMIN,pengeluaran,Lainnya,,Rp652,SALDO REKENING N,Rp3.586.848,,,,,,
NEVLXNJH,,03-04-2026,LISTRIK CARWASH,pengeluaran carwash,Operasional,,Rp503.000,SALDO REKENING Y,Rp3.083.848,,,,,,
O24V0Q2Y,,03-04-2026,ES KRISTAL,pengeluaran Cafe,Bahan Baku,,Rp5.000,SALDO CASH,Rp3.078.848,,,,,,
KDBXMJ0L,,03-04-2026,OMZET CARWASH CASH,Pemasukan carwash,Pemasukan,Rp2.001.000,,SALDO CASH,Rp5.079.848,,,,,,
MIAIJZR0,,03-04-2026,OMZET CARWASH QRIS,Pemasukan carwash,Pemasukan,Rp1.080.000,,SALDO REKENING Y,Rp6.159.848,,,,,,
SPNBUSJW,,03-04-2026,LISTRIK CAFE DI TANGGAL 31 MARET 2026,pengeluaran cafe,Operasional,,Rp202.000,SALDO CASH,Rp5.957.848,,,,,,
AA8H7PKR,,03-04-2026,UANG TENANT BURGER,pemasukan tenant,Pemasukan,Rp1.300.000,,SALDO CASH,Rp7.257.848,,,,,,
CQU0600N,,03-04-2026,Galon air,pengeluaran cafe,Operasional,,Rp30.000,SALDO CASH,Rp7.227.848,,,,,,
OAKPY39L,,04-04-2026,Gaji Hotang (Resign),pengeluaran carwash,Karyawan,,Rp375.000,SALDO CASH,Rp6.852.848,,,,,,
6DDA9GYF,,04-04-2026,Gaji Putri (Resign),pengeluaran carwash,Karyawan,,Rp200.000,SALDO CASH,Rp6.652.848,,,,,,
ZYFLLYQ7,,04-04-2026,ES KRISTAL,pengeluaran cafe,Bahan Baku,,Rp5.000,SALDO CASH,Rp6.647.848,,,,,,
A80HCZ5B,,04-04-2026,OMZET CARWASH CASH,Pemasukan carwash,Pemasukan,Rp2.085.000,,SALDO CASH,Rp8.732.848,,,,,,
Q5NHDDSM,,04-04-2026,OMZET CARWASH QRIS,Pemasukan carwash,Pemasukan,Rp225.000,,SALDO REKENING Y,Rp8.957.848,,,,,,
COFQKZG1,,04-04-2026,Rokok Bang Aseng CCTV,pengeluaran,Lainnya,,Rp34.000,SALDO CASH,Rp8.923.848,,,,,,
51NA005S,,05-04-2026,OMZET CARWASH CASH,Pemasukan carwash,Pemasukan,Rp1.675.000,,SALDO CASH,Rp10.598.848,,,,,,
37R142WN,,05-04-2026,OMZET CARWASH QRIS,Pemasukan carwash,Pemasukan,Rp300.000,,SALDO REKENING Y,Rp10.898.848,,,,,,
7O1JNWWU,,05-04-2026,Es Batu,pengeluaran cafe,Bahan Baku,,Rp5.000,SALDO CASH,Rp10.893.848,,,,,,
0NVYUDT0,,05-04-2026,Listrik Cafe,pengeluaran cafe,Operasional,,Rp203.000,SALDO REKENING N,Rp10.690.848,,,,,,
15Z4OOIF,,06-04-2026,OMZET CARWASH CASH,Pemasukan carwash,Pemasukan,Rp785.000,,SALDO CASH,Rp11.475.848,,,,,,
LT3I9G2M,,06-04-2026,OMZET CARWASH QRIS,Pemasukan carwash,Pemasukan,Rp285.000,,SALDO REKENING Y,Rp11.760.848,,,,,,
JR7WO8CC,,06-04-2026,STP,pengeluaran carwash,Bahan Baku,,Rp260.000,SALDO CASH,Rp11.500.848,,,,,,
S0HWCG27,,06-04-2026,oli ,pengeluaran carwash,Lainnya,,Rp55.000,SALDO CASH,Rp11.445.848,,,,,,
HOX3I85W,,06-04-2026,Pindah Saldo,Pindah,Pindah,,Rp6.700.000,SALDO CASH,Rp4.745.848,,,,,,
4K0KID4M,,06-04-2026,pindah Saldo,Pindah,Pindah,Rp6.700.000,,SALDO REKENING N,Rp11.445.848,,,,,,
8YEWMGET,,06-04-2026,susu kaleng,pengeluaran cafe,Lainnya,,Rp30.000,SALDO CASH,Rp11.415.848,,,,,,
JVLTVJA6,,06-04-2026,service mesin kopi,pengeluaran cafe,Operasional,,Rp350.000,SALDO CASH,Rp11.065.848,,,,,,
6FNY188H,,07-04-2026,belanja peralatan bar,pengeluaran cafe,Lainnya,,Rp460.000,SALDO REKENING N,Rp10.605.848,,,,,,
VI4T9DFZ,,07-04-2026,belanja susu,pengeluaran cafe,Lainnya,,Rp194.500,SALDO REKENING N,Rp10.411.348,,,,,,
MYI5NDJN,,07-04-2026,badak 1KRAT,pengeluaran cafe,Bahan Baku,,Rp135.000,SALDO CASH,Rp10.276.348,,,,,,
CSTIGOGK,,07-04-2026,fee wak udin,pengeluaran,Lainnya,,Rp14.000,SALDO CASH,Rp10.262.348,,,,,,
BUXP9RCI,,07-04-2026,LE MINERAL 1DUS,pengeluaran cafe,Bahan Baku,,Rp46.000,SALDO CASH,Rp10.216.348,,,,,,
1PUOQ44C,,07-04-2026,bongkar jendela,pengeluaran cafe,Lainnya,,Rp760.000,SALDO CASH,Rp9.456.348,,,,,,
UXYRK90G,,07-04-2026,es batu,pengeluaran cafe,Bahan Baku,,Rp5.000,SALDO CASH,Rp9.451.348,,,,,,
258BYK1H,,07-04-2026,omzet carwash cash,Pemasukan carwash,Pemasukan,Rp505.000,,SALDO CASH,Rp9.956.348,,,,,,
I309BQUV,,07-04-2026,omzet carwash qrIS,Pemasukan carwash,Pemasukan,Rp615.000,,SALDO REKENING Y,Rp10.571.348,,,,,,
S9X09B70,,07-04-2026,casbon raka,casbon,Casbon,,Rp100.000,SALDO CASH,Rp10.471.348,,,,,,
NH9D0W7A,,07-04-2026,pindah saldo,pindah,Pindah,Rp100.000,,SALDO REKENING N,Rp10.571.348,,,,,,
XKUYEU7F,,07-04-2026,pindah saldo,pindah,Pindah,,Rp100.000,SALDO CASH,Rp10.471.348,,,,,,
NA5FTSYA,,07-04-2026,casbon rahman,casbon,Casbon,,Rp20.000,SALDO CASH,Rp10.451.348,,,,,,
4FTFQC0P,,08-04-2026,es batu,pengeluaran cafe,Bahan Baku,,Rp5.000,SALDO CASH,Rp10.446.348,,,,,,
57XIFKJ2,,08-04-2026,foging,pengeluaran,Lainnya,,Rp5.000,SALDO CASH,Rp10.441.348,,,,,,
7JHCSSYH,,08-04-2026,omzet carwash cash,Pemasukan carwash,Pemasukan,Rp720.000,,SALDO CASH,Rp11.161.348,,,,,,
YLWW3UO9,,08-04-2026,omzet carwash qris,Pemasukan carwash,Pemasukan,Rp395.000,,SALDO REKENING Y,Rp11.556.348,,,,,,
FO5VNXT9,,09-04-2026,casbon raka,casbon,Casbon,,Rp50.000,SALDO CASH,Rp11.506.348,,,,,,
R725YPX6,,09-04-2026,es batu,pengeluaran cafe,Bahan Baku,,Rp5.000,SALDO CASH,Rp11.501.348,,,,,,
O32NYTV1,,09-04-2026,omzet carwash cash,Pemasukan carwash,Pemasukan,Rp460.000,,SALDO CASH,Rp11.961.348,,,,,,
QE98BDYK,,09-04-2026,omzet carwash qris,Pemasukan carwash,Pemasukan,Rp160.000,,SALDO REKENING Y,Rp12.121.348,,,,,,
55FAAQM6,,09-04-2026,Casbon rahman,casbon,Casbon,,Rp30.000,SALDO CASH,Rp12.091.348,,,,,,
46MTZZ05,,10-04-2026,es batu,pengeluaran cafe,Bahan Baku,,Rp5.000,SALDO CASH,Rp12.086.348,,,,,,
83KX4GJE,,10-04-2026,omzet carwash cash,Pemasukan carwash,Pemasukan,Rp1.370.000,,SALDO CASH,Rp13.456.348,,,,,,
L4QX2N0N,,10-04-2026,omzet carwash qris,Pemasukan carwash,Pemasukan,Rp105.000,,SALDO REKENING Y,Rp13.561.348,,,,,,
HN7XQ63Q,,10-04-2026,omzet carwash transfer,Pemasukan carwash,Pemasukan,Rp55.000,,SALDO REKENING N,Rp13.616.348,,,,,,
UGR9Z7L9,,10-04-2026,pindah saldo,pindah,Pindah,Rp170.000,,SALDO REKENING N,Rp13.786.348,,,,,,
TLR9BLZB,,10-04-2026,pindah saldo,pindah,Pindah,,Rp170.000,SALDO CASH,Rp13.616.348,,,,,,
CLMFGPFK,,10-04-2026,pindah saldo,pindah,Pindah,Rp50.000,,SALDO REKENING N,Rp13.666.348,,,,,,
ZUKTTKTD,,10-04-2026,pindah saldo,pindah,Pindah,,Rp50.000,SALDO CASH,Rp13.616.348,,,,,,
W7JIRRJY,,10-04-2026,rahman,casbon,Casbon,,Rp30.000,SALDO CASH,Rp13.586.348,,,,,,
IPBRCX0V,,10-04-2026,casbon raka,casbon,Casbon,,Rp150.000,SALDO CASH,Rp13.436.348,,,,,,
1KOB8N5Q,,10-04-2026,listrik cafe,pengeluaran cafe,Operasional,,Rp507.000,SALDO REKENING N,Rp12.929.348,,,,,,
SQDCO90X,,11-04-2026,es batu,pengeluaran cafe,Bahan Baku,,Rp5.000,SALDO CASH,Rp12.924.348,,,,,,
4SW3MFP2,,11-04-2026,sabun,pengeluaran carwash,Bahan Baku,,Rp85.000,SALDO CASH,Rp12.839.348,,,,,,
HPQMGT3M,,11-04-2026,skm,pengeluaran cafe,Bahan Baku,,Rp30.000,SALDO CASH,Rp12.809.348,,,,,,
CKKTJ6X5,,11-04-2026,mama lemon,pengeluaran cafe,Bahan Baku,,Rp10.000,SALDO CASH,Rp12.799.348,,,,,,
GYE0Y4LL,,11-04-2026,Omzet carwash cash,Pemasukan carwash,Pemasukan,Rp1.640.000,,SALDO CASH,Rp14.439.348,,,,,,
UMAH9XQN,,11-04-2026,omzet carwash qris,Pemasukan carwash,Pemasukan,Rp755.000,,SALDO REKENING Y,Rp15.194.348,,,,,,
U4AZN0BE,,11-04-2026,Casbon nopal,casbon,Casbon,,Rp30.000,SALDO CASH,Rp15.164.348,,,,,,
9GDULQO0,,11-04-2026,casbon Ferry,casbon,Casbon,,Rp100.000,SALDO CASH,Rp15.064.348,,,,,,
23AKLAYL,,12-04-2026,BIJI KOPI 1 KG,pengeluaran cafe,Bahan Baku,,Rp223.000,SALDO REKENING N,Rp14.841.348,,,,,,
T23ODTAU,,12-04-2026,galon,pengeluaran cafe,Operasional,,Rp30.000,SALDO CASH,Rp14.811.348,,,,,,
H6I89BJP,,12-04-2026,es batu,pengeluaran cafe,Bahan Baku,,Rp5.000,SALDO CASH,Rp14.806.348,,,,,,
K0KZKV7D,,12-04-2026,casbon bagus,casbon,Casbon,,Rp26.000,SALDO CASH,Rp14.780.348,,,,,,
05X8V7A6,,12-04-2026,casbon raka,casbon,Casbon,,Rp30.000,SALDO CASH,Rp14.750.348,,,,,,
K3R5XBW8,,12-04-2026,nikahan bagus,pengeluaran,Lainnya,,Rp300.000,SALDO CASH,Rp14.450.348,,,,,,
6FT4FXMV,,12-04-2026,casbon Rahman,casbon,Casbon,,Rp30.000,SALDO CASH,Rp14.420.348,,,,,,
378IN7C6,,12-04-2026,Omzet carwash cash,Pemasukan carwash,Pemasukan,Rp2.200.000,,SALDO CASH,Rp16.620.348,,,,,,
DX8TYXXF,,12-04-2026,Omzet carwash qris,Pemasukan carwash,Pemasukan,Rp1.065.000,,SALDO REKENING Y,Rp17.685.348,,,,,,
T8M6U381,,12-04-2026,Omzet Cafe per 1April-12 April 2026 Cash,Pemasukan cafe,Pemasukan,Rp451.000,,SALDO CASH,Rp18.136.348,,,,,,
NRAWMVDK,,12-04-2026,Omzet Cafe per 1April-12 April 2026 Qris,Pemasukan cafe,Pemasukan,Rp185.000,,SALDO REKENING Y,Rp18.321.348,,,,,,
Z9DBLX58,,13-04-2026,Listrik Carwash,pengeluaran carwash,Operasional,,Rp503.000,SALDO REKENING N,Rp17.818.348,,,,,,
CBGBO28W,,13-04-2026,casbon raka,casbon,Casbon,,Rp28.000,SALDO CASH,Rp17.790.348,,,,,,
P87PY8CC,,13-04-2026,casbon rahman,casbon,Casbon,,Rp30.000,SALDO CASH,Rp17.760.348,,,,,,
270OPT1K,,13-04-2026,perbaikan mesin air,pengeluaran carwash,Bahan Baku,,Rp200.000,SALDO CASH,Rp17.560.348,,,,,,
4UWO0EDK,,13-04-2026,Fotocopy,pengeluaran cafe,Lainnya,,Rp5.000,SALDO CASH,Rp17.555.348,,,,,,
VSIU7GFH,,13-04-2026,es batu,pengeluaran cafe,Bahan Baku,,Rp5.000,SALDO CASH,Rp17.550.348,,,,,,
Z3VAGVG8,,13-04-2026,Omzet Carwash cash,Pemasukan carwash,Pemasukan,Rp845.000,,SALDO CASH,Rp18.395.348,,,,,,
KOSD16E1,,13-04-2026,Omzet carwash qris,Pemasukan carwash,Pemasukan,Rp55.000,,SALDO REKENING Y,Rp18.450.348,,,,,,
O23W8JHJ,,13-04-2026,omzet cafe cash,Pemasukan cafe,Pemasukan,Rp35.000,,SALDO CASH,Rp18.485.348,,,,,,
CARWXDHL,,14-04-2026,casbon raka,casbon,Casbon,,Rp40.000,SALDO CASH,Rp18.445.348,,,,,,
ANP24QHB,,14-04-2026,omzet carwash cash,Pemasukan carwash,Pemasukan,Rp410.000,,SALDO CASH,Rp18.855.348,,,,,,
VF0OGIUW,,14-04-2026,omzet carwash qris,Pemasukan carwash,Pemasukan,Rp60.000,,SALDO REKENING Y,Rp18.915.348,,,,,,
A3L6IQO3,,14-04-2026,es batu,pengeluaran cafe,Bahan Baku,,Rp5.000,SALDO CASH,Rp18.910.348,,,,,,
JCRUOYZ2,,14-04-2026,omzet cafe cash,Pemasukan cafe,Pemasukan,Rp40.000,,SALDO CASH,Rp18.950.348,,,,,,
ZPBHT2A2,,14-04-2026,colokan listrik,pengeluaran cafe,Operasional,,Rp29.000,SALDO CASH,Rp18.921.348,,,,,,
2MSNH3BM,,14-04-2026,casbon bagus,casbon,Casbon,,Rp55.000,SALDO CASH,Rp18.866.348,,,,,,
S0NH05R6,,15-04-2026,es batu,pengeluaran cafe,Bahan Baku,,Rp5.000,SALDO CASH,Rp18.861.348,,,,,,
DZ5DPWC5,,15-04-2026,stp,pengeluaran carwash,Bahan Baku,,Rp260.000,SALDO CASH,Rp18.601.348,,,,,,
VRJ4HS72,,15-04-2026,sabun,pengeluaran carwash,Bahan Baku,,Rp85.000,SALDO CASH,Rp18.516.348,,,,,,
DW74W844,,15-04-2026,omzet carwash cash,Pemasukan carwash,Pemasukan,Rp560.000,,SALDO CASH,Rp19.076.348,,,,,,
IESW87L9,,15-04-2026,omzet carwash qris,Pemasukan carwash,Pemasukan,Rp295.000,,SALDO REKENING Y,Rp19.371.348,,,,,,
30PFTEML,,15-04-2026,omzet cafe cash,Pemasukan cafe,Pemasukan,Rp43.000,,SALDO CASH,Rp19.414.348,,,,,,
0XIVPSON,,15-04-2026,omzet cafe qris,Pemasukan cafe,Pemasukan,Rp16.000,,SALDO REKENING Y,Rp19.430.348,,,,,,
8TRVXRIN,,15-04-2026,print menu,pengeluaran,Operasional,,Rp12.000,SALDO CASH,Rp19.418.348,,,,,,
O0XWD0AN,,16-04-2026,gaji karyawan cuci,pengeluaran carwash,Karyawan,,Rp6.689.000,SALDO CASH,Rp12.729.348,,,,,,
57FGRVMS,,16-04-2026,perbaikan mesin air lanjutan,pengeluaran carwash,Bahan Baku,,Rp150.000,SALDO CASH,Rp12.579.348,,,,,,
J87LTAJG,,16-04-2026,es batu,pengeluaran cafe,Bahan Baku,,Rp5.000,SALDO CASH,Rp12.574.348,,,,,,
OWM15SZP,,16-04-2026,dp bon faktur,pengeluaran,Lainnya,,Rp150.000,SALDO REKENING N,Rp12.424.348,,,,,,
1CWIEP5L,,16-04-2026,pindah saldo,pindah,Pindah,Rp200.000,,SALDO REKENING N,Rp12.624.348,,,,,,
N1S4ML1K,,16-04-2026,pindah saldo,pindah,Pindah,,Rp200.000,SALDO CASH,Rp12.424.348,,,,,,
XCJDH1S6,,16-04-2026,omzet carwash cash,Pemasukan carwash,Pemasukan,Rp1.185.000,,SALDO CASH,Rp13.609.348,,,,,,
07GEL4L0,,16-04-2026,omset carwash qris,Pemasukan carwash,Pemasukan,Rp335.000,,SALDO REKENING Y,Rp13.944.348,,,, ,,
32M4D3MN,,16-04-2026,tenant segala tempe,pemasukan tenant,Pemasukan,Rp500.000,,SALDO REKENING N,Rp14.444.348,,,,,,
LWXZWKLL,,16-04-2026,serbet ,pengeluaran carwash,Lainnya,,Rp47.000,SALDO CASH,Rp14.397.348,,,,,,
UALC04M4,,17-04-2026,es batu,pengeluaran cafe,Bahan Baku,,Rp5.000,SALDO CASH,Rp14.392.348,,,,,,
3OUSHRZA,,17-04-2026,omzet carwash cash,pemasukan carwash,Pemasukan,Rp275.000,,SALDO CASH,Rp14.667.348,,,,,,
VTBA4CW2,,17-04-2026,omzet carwash qris,pemasukan carwash,Pemasukan,Rp110.000,,SALDO REKENING Y,Rp14.777.348,,,,,,
8MF89S5Y,,17-04-2026,dp paranet 90%,pengeluaran carwash,Lainnya,,Rp1.002.500,SALDO REKENING N,Rp13.774.848,,,,,,
BAOTSQW7,,17-04-2026,rice cooker ,pengeluaran cafe,Lainnya,,Rp452.000,SALDO REKENING N,Rp13.322.848,,,,,,
0ABO7EBX,,17-04-2026,Es batu,Pengeluaran Cafe,Bahan Baku,,Rp5.000,SALDO CASH,Rp13.317.848,,,,,,
RUW2T65B,,18-04-2026,biji kopi 1kg,pengeluaran cafe,Bahan Baku,,Rp205.000,SALDO REKENING N,Rp13.112.848,,,,,,
P9OVSUHQ,,18-04-2026,beras 10kg,pengeluaran cafe,Bahan Baku,,Rp160.000,SALDO CASH,Rp12.952.848,,,,,,
8BIMMAD1,,18-04-2026,telur sepapan,pengeluaran cafe,Bahan Baku,,Rp50.000,SALDO CASH,Rp12.902.848,,,,,,
SX0MSM1K,,18-04-2026,omset cash carwash,pemasukan carwash,Pemasukan,Rp1.910.000,,SALDO CASH,Rp14.812.848,,,,,,
E1KOFQXL,,18-04-2026,omset qris carwash,pemasukan carwash ,Pemasukan,Rp600.000,,SALDO REKENING Y,Rp15.412.848,,,,,,
LDC2A7XO,,18-04-2026,omset cash cafe,pemasukan cafe,Pemasukan,Rp241.000,,SALDO CASH,Rp15.653.848,,,,,,
1IT6OYNC,,18-04-2026,omset qris cafe,pemasukan cafe,Pemasukan,Rp104.000,,SALDO REKENING Y,Rp15.757.848,,,,,,
SJG5BQYR,,18-04-2026,Bayar sampah,Pengeluaran,Operasional,,Rp50.000,SALDO CASH,Rp15.707.848,,,,,,
1KSQ7QNJ,,18-04-2026,Es kristal,Pengeluaran Cafe,Bahan Baku,,Rp10.000,SALDO CASH,Rp15.697.848,,,,,,
UYEMXF1H,,18-04-2026,Susu,Pengeluaran Cafe,Lainnya,,Rp43.500,SALDO CASH,Rp15.654.348,,,,,,
98WTVA7E,,18-04-2026,Pelunasan faktur bon,Pengeluaran,Lainnya,,Rp150.000,SALDO CASH,Rp15.504.348,,,,,,
AFA10M6Q,,18-04-2026,Ongkir biji kopi,Pengeluaran Cafe,Operasional,,Rp17.000,SALDO CASH,Rp15.487.348,,,,,,
BJ9C40OD,,19-04-2026,stp 2,pengeluaran carwash,Bahan Baku,,Rp260.000,SALDO CASH,Rp15.227.348,,,,,,
OWGUHMCF,,19-04-2026,omset cash carwash,pemasukan carwash,Pemasukan,Rp1.210.000,,SALDO CASH,Rp16.437.348,,,,,,
SEYYD85V,,19-04-2026,omset qris carwash,pemasukan carwash ,Pemasukan,Rp580.000,,SALDO REKENING Y,Rp17.017.348,,,,,,
C28DTLGJ,,19-04-2026,omset cash cafe,pemasukan cafe,Pemasukan,Rp146.000,,SALDO CASH,Rp17.163.348,,,,,,
59SGALOW,,19-04-2026,omset qris cafe,pemasukan cafe,Pemasukan,Rp40.000,,SALDO REKENING Y,Rp17.203.348,,,,,,
CL2OTBH0,,19-04-2026,Es kristal,Pengeluaran Cafe,Bahan Baku,,Rp5.000,SALDO CASH,Rp17.198.348,,,,,,
QNF9Q5JR,,19-04-2026,Badak,Pengeluaran Cafe,Bahan Baku,,Rp135.000,SALDO CASH,Rp17.063.348,,,,,,
VHPHUHXA,,19-04-2026,Minyak wak udin,Pengeluaran,Lainnya,,Rp15.000,SALDO CASH,Rp17.048.348,,,,,,
04dee605,,19-04-2026,Bahan dapur,pengeluaran cafe,Lainnya,,Rp19.500,SALDO REKENING N,Rp17.028.848,,,,,,
IGTHDZ6W,,20-04-2026,besi + ongkir,pengeluaran carwash,Operasional,,Rp202.000,SALDO REKENING N,Rp16.826.848,,,,,,
2U7HVSPN,,20-04-2026,ember 5,pengeluaran carwash,Lainnya,,Rp75.000,SALDO REKENING N,Rp16.751.848,,,,,,
S0S8PJZ2,,20-04-2026,omset cash carwash,pemasukan carwash ,Pemasukan,Rp1.035.000,,SALDO CASH,Rp17.786.848,,,,,,
E9NL0007,,20-04-2026,omset qris carwash,pemasukan carwash ,Pemasukan,Rp115.000,,SALDO REKENING Y,Rp17.901.848,,,,,,
I4U37XR9,,20-04-2026,omset cash cafe,pemasukan cafe ,Pemasukan,Rp70.000,,SALDO CASH,Rp17.971.848,,,,,,
A8FQL845,,20-04-2026,omset qris cafe,pemasukan cafe ,Pemasukan,Rp10.000,,SALDO REKENING Y,Rp17.981.848,,,,,,
VZNY55ST,,20-04-2026,Es kristal,Pengeluaran Cafe,Bahan Baku,,Rp5.000,SALDO CASH,Rp17.976.848,,,,,,
SWTZQQAH,,20-04-2026,Le mineral,Pengeluaran Cafe,Bahan Baku,,Rp46.000,SALDO CASH,Rp17.930.848,,,,,,
9PF4UB7X,,21-04-2026,Es kristal,Pengeluaran Cafe,Bahan Baku,,Rp5.000,SALDO CASH,Rp17.925.848,,,,,,
WVCL2JP0,,21-04-2026,Galon air,Pengeluaran Cafe,Operasional,,Rp30.000,SALDO CASH,Rp17.895.848,,,,,,
VYCM0ZEF,,21-04-2026,kerusakan mobil customer,pengeluaran carwash ,Lainnya,,Rp1.350.000,SALDO CASH,Rp16.545.848,,,,,,
CEJW832L,,21-04-2026,gorengan dan rokok kegiatan general cleaning,pengeluaran,Lainnya,,Rp150.000,SALDO CASH,Rp16.395.848,,,,,,
460UEHUY,,21-04-2026,omzet carwash cash,pemasukan carwash,Pemasukan,Rp895.000,,SALDO CASH,Rp17.290.848,,,,,,
K52DRVCA,,21-04-2026,omzet carwash qris,pemasukan carwash,Pemasukan,Rp55.000,,SALDO REKENING Y,Rp17.345.848,,,,,,
RQ44Q0B5,,21-04-2026,omzet cafe cash,pemasukan cafe,Pemasukan,Rp20.000,,SALDO CASH,Rp17.365.848,,,,,,
R4J62CXI,,21-04-2026,omzet cafe qris,pemasukan cafe,Pemasukan,Rp15.000,,SALDO REKENING Y,Rp17.380.848,,,,,,
X7UA9YVH,,21-04-2026,wifi,pengeluaran,Operasional,,Rp275.000,SALDO REKENING N,Rp17.105.848,,,,,,
5CEPKJTY,,22-04-2026,biji kopi dan susu,pengeluaran cafe,Bahan Baku,,Rp310.000,SALDO REKENING N,Rp16.795.848,,,,,,
NCW0F2GY,,22-04-2026,casbon eza,casbon,Casbon,,Rp66.500,SALDO REKENING N,Rp16.729.348,,,,,,
CMIO4F5W,,22-04-2026,Vicky,casbon,Casbon,,Rp30.000,SALDO CASH,Rp16.699.348,,,,,,
PKRBYX0A,,22-04-2026,Ongkir biji kopi & fresh milk,Pengeluaran Cafe,Operasional,,Rp18.000,SALDO CASH,Rp16.681.348,,,,,,
6KKA9BD5,,22-04-2026,Belanja bahan dapur,Pengeluaran Cafe,Lainnya,,Rp46.000,SALDO CASH,Rp16.635.348,,,,,,
RWR5JEVI,,22-04-2026,Andaliman,Pengeluaran Cafe,Lainnya,,Rp5.000,SALDO CASH,Rp16.630.348,,,,,,
ROTOZCOR,,22-04-2026,Cetekkan,Pengeluaran,Lainnya,,Rp95.000,SALDO CASH,Rp16.535.348,,,,,,
9SHD3FSQ,,22-04-2026,Minyak wak udin,Pengeluaran,Lainnya,,Rp10.000,SALDO CASH,Rp16.525.348,,,,,,
FWUIU0PK,,22-04-2026,Omzet Carwash Cash,pemasukan carwash,Pemasukan,Rp1.085.000,,SALDO CASH,Rp17.610.348,,,,,,
W2505Z7R,,22-04-2026,omzet carwash qris,pemasukan carwash,Pemasukan,Rp165.000,,SALDO REKENING Y,Rp17.775.348,,,,,,
4EYY23X6,,22-04-2026,Omzet Cafe Cash,pemasukan cafe,Pemasukan,Rp52.000,,SALDO CASH,Rp17.827.348,,,,,,
GALZQYQT,,22-04-2026,omzet cafe qris,pemasukan cafe,Pemasukan,Rp12.000,,SALDO REKENING Y,Rp17.839.348,,,,,,
bdfefd52,,23-04-2026,Pelunasan paranet,pengeluaran carwash,Lainnya,,Rp1.118.000,SALDO REKENING N,Rp16.721.348,,,,,,
PVG4QS95,,23-04-2026,omzet carwash cash,pemasukan carwash,Pemasukan,Rp1.395.000,,SALDO CASH,Rp18.116.348,,,,,,
XXHNWMVI,,23-04-2026,omzet carwash qris,pemasukan carwash,Pemasukan,Rp405.000,,SALDO REKENING Y,Rp18.521.348,,,,,,
WC3YI4CX,,23-04-2026,omzet cafe cash,pemasukan cafe,Pemasukan,Rp80.000,,SALDO CASH,Rp18.601.348,,,,,,
TYK6DK5H,,23-04-2026,omzet cafe qris,pemasukan cafe,Pemasukan,Rp33.000,,SALDO REKENING Y,Rp18.634.348,,,,,,
36e2649f,879b68b8,24-04-2026,Es kristal,Pengeluaran Cafe,Bahan Baku,,Rp5.000,SALDO CASH,Rp18.629.348,,,,,,
c8dc420a,20c6978a,24-04-2026,Oli & baut,Pengeluaran Carwash,Lainnya,,Rp56.000,SALDO CASH,Rp18.573.348,,,,,,
87d6b900,551540eb,24-04-2026,Rahman,Casbon,Casbon,,Rp30.000,SALDO CASH,Rp18.543.348,,,,,,
64dc3df4,,24-04-2026,Listrik cafe,pengeluaran cafe,Operasional,,Rp503.500,SALDO REKENING N,Rp18.039.848,,,,,,
401ae5fd,cbe739b7,24-04-2026,Bagus,Casbon,Casbon,,Rp30.000,SALDO CASH,Rp18.009.848,,,,,,
c562371f,,24-04-2026,Pembelian alas kaki 5 pack,pengeluaran carwash,Lainnya,,Rp627.500,SALDO REKENING N,Rp17.382.348,,,,,,
d2fc74cb,,24-04-2026,Pindah,Pindah,Pindah,,Rp630.000,SALDO REKENING N,Rp16.752.348,,,,,,
f698c688,,24-04-2026,Pindah,Pindah,Pindah,Rp630.000,,SALDO REKENING Y,Rp17.382.348,,,,,,
398d5cd8,82360696,24-04-2026,Kawat las,Pengeluaran,Lainnya,,Rp65.000,SALDO CASH,Rp17.317.348,,,,,,
32b3a1b1,5d3d969f,24-04-2026,Paku,Pengeluaran,Barang,,Rp10.000,SALDO CASH,Rp17.307.348,,,,,,
32026648,,24-04-2026,Rokok bang putra,pengeluaran,Lainnya,,Rp20.000,SALDO CASH,Rp17.287.348,,,,,,
77a48b6d,,24-04-2026,omset cash carwash,Pemasukan carwash,Pemasukan,Rp1.125.000,,SALDO CASH,Rp18.412.348,,,,,,
a5b69021,,24-04-2026,omset qris carwash,Pemasukan carwash,Pemasukan,Rp455.000,,SALDO REKENING Y,Rp18.867.348,,,,,,
1eb69b1f,,24-04-2026,omset cash cafe,Pemasukan cafe,Pemasukan,Rp35.000,,SALDO CASH,Rp18.902.348,,,,,,
c4449f29,,24-04-2026,omset qris cafe,Pemasukan cafe,Pemasukan,Rp10.000,,SALDO REKENING Y,Rp18.912.348,,,,,,
d7ca51cd,e1e6be06,25-04-2026,Es kristal,Pengeluaran Cafe,Bahan Baku,,Rp10.000,SALDO CASH,Rp18.902.348,,,,,,
d905167e,490eecb0,25-04-2026,Pipa dĺl,Pengeluaran Carwash,Lainnya,,Rp55.000,SALDO CASH,Rp18.847.348,,,,,,
389bc549,08f62695,25-04-2026,Lebih qr,Pengeluaran,Lainnya,,Rp55.000,SALDO CASH,Rp18.792.348,,,,,,
c0cb989c,636d0399,25-04-2026,Eza,Casbon,Casbon,,Rp30.000,SALDO CASH,Rp18.762.348,,,,,,
25339a49,5f73215f,25-04-2026,Fery,Casbon,Casbon,,Rp100.000,SALDO CASH,Rp18.662.348,,,,,,
ea38d545,,25-04-2026,Stp,pengeluaran carwash,Bahan Baku,,Rp246.299,SALDO REKENING N,Rp18.416.049,,,,,,
13bea391,,25-04-2026,Nasi goreng bang putra dll,pengeluaran,Lainnya,,Rp100.000,SALDO CASH,Rp18.316.049,,,,,,
b790e2f1,,25-04-2026,Listrik carwash,pengeluaran carwash,Operasional,,Rp235.000,SALDO REKENING N,Rp18.081.049,,,,,,
12af2c73,,25-04-2026,Pindah saldo,Pindah,Pindah,,Rp6.850.000,SALDO CASH,Rp11.231.049,,,,,,
fc195469,,25-04-2026,Pindah saldo,Pindah,Pindah,Rp6.850.000,,SALDO REKENING N,Rp18.081.049,,,,,,
dc58ae75,,25-04-2026,omset cash carwash,Pemasukan carwash,Pemasukan,Rp1.875.000,,SALDO CASH,Rp19.956.049,,,,,,
63c3c66c,,25-04-2026,omset qris carwash,Pemasukan carwash,Pemasukan,Rp900.000,,SALDO REKENING Y,Rp20.856.049,,,,,,
075af163,,25-04-2026,omset cash cafe,Pemasukan cafe,Pemasukan,Rp139.000,,SALDO CASH,Rp20.995.049,,,,,,
107b9709,,25-04-2026,omset qris cafe,Pemasukan cafe,Pemasukan,Rp85.000,,SALDO REKENING Y,Rp21.080.049,,,,,,
d2b579b8,7aa77f0e,26-04-2026,Es kristal,Pengeluaran Cafe,Bahan Baku,,Rp10.000,SALDO CASH,Rp21.070.049,,,,,,
726c49cb,09d3b47a,26-04-2026,Skm,Pengeluaran Cafe,Bahan Baku,,Rp30.000,SALDO CASH,Rp21.040.049,,,,,,
8214b21a,1644ea3b,26-04-2026,Teh celup,Pengeluaran Cafe,Bahan Baku,,Rp16.000,SALDO CASH,Rp21.024.049,,,,,,
4e485a16,3a63eae5,26-04-2026,Stp & sabun,Pengeluaran Carwash,Bahan Baku,,Rp165.000,SALDO CASH,Rp20.859.049,,,,,,
13534a38,633210da,26-04-2026,Rahman,Casbon,Casbon,,Rp20.000,SALDO CASH,Rp20.839.049,,,,,,
1b014c35,db28b6ec,26-04-2026,Baterai,Pengeluaran,Lainnya,,Rp30.000,SALDO CASH,Rp20.809.049,,,,,,
25efdeb5,,26-04-2026,Nazrin,casbon,Casbon,,Rp165.000,SALDO REKENING N,Rp20.644.049,,,,,,
5315a446,57f5bef6,26-04-2026,Badak,Pengeluaran Cafe,Bahan Baku,,Rp135.000,SALDO CASH,Rp20.509.049,,,,,,
2e107ca1,5dcf8028,26-04-2026,Minyak wak udin,Pengeluaran,Lainnya,,Rp15.000,SALDO CASH,Rp20.494.049,,,,,,
27103699,daf46088,26-04-2026,Vicky,Casbon,Casbon,,Rp30.000,SALDO CASH,Rp20.464.049,,,,,,
b4bdbb31,,26-04-2026,Minyak raka,pengeluaran,Lainnya,,Rp25.000,SALDO CASH,Rp20.439.049,,,,,,
d11b1830,,26-04-2026,omset cash carwash,Pemasukan carwash,Pemasukan,Rp2.040.000,,SALDO CASH,Rp22.479.049,,,,,,
45a99cc3,,26-04-2026,omset qris carwash,Pemasukan carwash,Pemasukan,Rp825.000,,SALDO REKENING Y,Rp23.304.049,,,,,,
77b0f5a0,,26-04-2026,omset cash cafe,Pemasukan cafe,Pemasukan,Rp147.000,,SALDO CASH,Rp23.451.049,,,,,,
630bdae2,,26-04-2026,omset qris cafe,Pemasukan cafe,Pemasukan,Rp147.000,,SALDO REKENING Y,Rp23.598.049,,,,,,
de842eb8,,26-04-2026,"Pemasangan paranet, perbaikan mesin air, dan kelistrikan lainnya",pengeluaran,Operasional,,Rp700.000,SALDO CASH,Rp22.898.049,,,,,,
9b4f22b8,0a169a34,27-04-2026,Es kristal,Pengeluaran Cafe,Bahan Baku,,Rp10.000,SALDO CASH,Rp22.888.049,,,,,,
1fc4a5d0,f0281de7,27-04-2026,Foto copy,Pengeluaran Carwash,Operasional,,Rp5.000,SALDO CASH,Rp22.883.049,,,,,,
eaef95b9,362cab15,27-04-2026,Ambil cash,Pengeluaran,Lainnya,,Rp30.000,SALDO CASH,Rp22.853.049,,,,,,
e46f4202,b6b1bd4f,27-04-2026,Bayar Segala tempe,Pengeluaran,Lainnya,,Rp84.000,SALDO CASH,Rp22.769.049,,,,,,
897f9823,6e59c599,27-04-2026,Pipa,Pengeluaran,Lainnya,,Rp40.000,SALDO CASH,Rp22.729.049,,,,,,
4db46cab,c0564ff3,27-04-2026,Noval,Casbon,Casbon,,Rp30.000,SALDO CASH,Rp22.699.049,,,,,,
a029bf8f,a5898991,27-04-2026,Ongkos kopi,Pengeluaran Cafe,Bahan Baku,,Rp20.000,SALDO CASH,Rp22.679.049,,,,,,
60894c0a,a552a781,27-04-2026,Rahman,Casbon,Casbon,,Rp30.000,SALDO CASH,Rp22.649.049,,,,,,
3216fe43,c0d44ae8,27-04-2026,Tisu 1 dus,Pengeluaran Carwash,Lainnya,,Rp260.000,SALDO CASH,Rp22.389.049,,,,,,
b55b4080,,27-04-2026,Ongkir vakum,pengeluaran carwash,Operasional,,Rp36.000,SALDO CASH,Rp22.353.049,,,,,,
e346cad6,,27-04-2026,Biji kopi,pengeluaran cafe,Bahan Baku,,Rp205.000,SALDO REKENING N,Rp22.148.049,,,,,,
e6ac552e,,27-04-2026,omset qris carwash,Pemasukan carwash,Pemasukan,Rp495.000,,SALDO REKENING Y,Rp22.643.049,,,,,,
83282207,,27-04-2026,omset cash cafe,Pemasukan cafe,Pemasukan,Rp62.000,,SALDO CASH,Rp22.705.049,,,,,,
f1efcaae,,27-04-2026,omset cash carwash,Pemasukan carwash,Pemasukan,Rp900.000,,SALDO CASH,Rp23.605.049,,,,,,
b9226ff1,,27-04-2026,omset qris cafe,Pemasukan cafe,Pemasukan,Rp43.000,,SALDO REKENING Y,Rp23.648.049,,,,,,
4f508a8c,cf31de7a,28-04-2026,Ambil cash,Pengeluaran,Lainnya,,Rp10.000,SALDO CASH,Rp23.638.049,,,,,,
16eab2b1,fbb76350,28-04-2026,Es kristal,Pengeluaran Cafe,Bahan Baku,,Rp10.000,SALDO CASH,Rp23.628.049,,,,,,
dde1a0aa,2b94edcd,28-04-2026,Galon,Pengeluaran Cafe,Operasional,,Rp30.000,SALDO CASH,Rp23.598.049,,,,,,
f3c28a8f,46615282,28-04-2026,Le mineral,Pengeluaran Cafe,Bahan Baku,,Rp46.000,SALDO CASH,Rp23.552.049,,,,,,
3ce60b22,a3188ee8,28-04-2026,Rahman,Casbon,Casbon,,Rp30.000,SALDO CASH,Rp23.522.049,,,,,,
e845ac0a,4a75e5cc,28-04-2026,EZA,Casbon,Casbon,,Rp20.000,SALDO CASH,Rp23.502.049,,,,,,
049ed17d,46f808df,28-04-2026,Mama lemon,Pengeluaran Cafe,Bahan Baku,,Rp10.000,SALDO CASH,Rp23.492.049,,,,,,
3838a846,,28-04-2026,Listrik Carwash,pengeluaran carwash,Operasional,,Rp503.500,SALDO REKENING N,Rp22.988.549,,,,,,
f94c4906,,28-04-2026,omset cash carwash,Pemasukan carwash,Pemasukan,Rp1.020.000,,SALDO CASH,Rp24.008.549,,,,,,
aae6ef2c,,28-04-2026,omset qris carwash,Pemasukan carwash,Pemasukan,Rp300.000,,SALDO REKENING Y,Rp24.308.549,,,,,,
a4fcc8e8,,28-04-2026,omset cash cafe,Pemasukan cafe,Pemasukan,Rp88.000,,SALDO CASH,Rp24.396.549,,,,,,
54af081d,,28-04-2026,omset qris cafe,Pemasukan cafe,Pemasukan,Rp51.000,,SALDO REKENING Y,Rp24.447.549,,,,,,
39b921b9,0f12de70,29-04-2026,Es kristal,Pengeluaran Cafe,Bahan Baku,,Rp5.000,SALDO CASH,Rp24.442.549,,,,,,
15323047,abe6a0e2,29-04-2026,Rahman,Casbon,Casbon,,Rp30.000,SALDO CASH,Rp24.412.549,,,,,,
4048cf45,dced63a3,29-04-2026,Skm,Pengeluaran Cafe,Bahan Baku,,Rp45.000,SALDO CASH,Rp24.367.549,,,,,,
5ccdaa20,c8b929bb,29-04-2026,EZA,Casbon,Casbon,,Rp20.000,SALDO CASH,Rp24.347.549,,,,,,
093940a4,7f30bc2e,29-04-2026,Noval,Casbon,Casbon,,Rp30.000,SALDO CASH,Rp24.317.549,,,,,,
33f982d5,11bbf604,29-04-2026,Fery,Casbon,Casbon,,Rp30.000,SALDO CASH,Rp24.287.549,,,,,,
4ec4828f,,29-04-2026,Perbaikan selang,pengeluaran carwash,Barang,,Rp300.000,SALDO REKENING N,Rp23.987.549,,,,,,
78445aaf,,29-04-2026,omset cash carwash,Pemasukan carwash,Pemasukan,Rp645.000,,SALDO CASH,Rp24.632.549,,,,,,
5bb6566a,,29-04-2026,omset qris carwash,Pemasukan carwash,Pemasukan,Rp260.000,,SALDO REKENING Y,Rp24.892.549,,,,,,
c695979b,,29-04-2026,omset cash cafe,Pemasukan cafe,Pemasukan,Rp8.000,,SALDO CASH,Rp24.900.549,,,,,,
ebf20754,,29-04-2026,omset qris cafe,Pemasukan cafe,Pemasukan,Rp50.000,,SALDO REKENING Y,Rp24.950.549,,,,,,
bb13b3cf,36d3262b,30-04-2026,Es kristal,Pengeluaran Cafe,Bahan Baku,,Rp5.000,SALDO CASH,Rp24.945.549,,,,,,
9b34b088,bc28cd5e,30-04-2026,RAHMAN,Casbon,Casbon,,Rp30.000,SALDO CASH,Rp24.915.549,,,,,,
3ace377d,85c4673e,30-04-2026,Perbaiki vakum,Pengeluaran Carwash,Lainnya,,Rp60.000,SALDO CASH,Rp24.855.549,,,,,,
59c0dcf9,51f9c366,30-04-2026,FAISAL,Casbon,Casbon,,Rp30.000,SALDO CASH,Rp24.825.549,,,,,,
dbeaed7e,7d6a20e4,30-04-2026,Eza,Casbon,Casbon,,Rp10.000,SALDO CASH,Rp24.815.549,,,,,,
38e94dc4,669abb72,30-04-2026,EZA,Casbon,Casbon,,Rp5.000,SALDO CASH,Rp24.810.549,,,,,,
3d6ae514,,30-04-2026,Gaji karyawan cuci,pengeluaran carwash,Karyawan,,Rp5.945.000,SALDO CASH,Rp18.865.549,,,,,,
9fc37567,7fdd0a10,30-04-2026,Angga,Casbon,Casbon,,Rp100.000,SALDO CASH,Rp18.765.549,,,,,,
c5bdc8c5,9ffddbb8,30-04-2026,EZA,Casbon,Casbon,,Rp10.000,SALDO CASH,Rp18.755.549,,,,,,
499ce397,,30-04-2026,omset cash carwash,Pemasukan carwash,Pemasukan,Rp695.000,,SALDO CASH,Rp19.450.549,,,,,,
6d82f181,,30-04-2026,omset qris carwash,Pemasukan carwash,Pemasukan,Rp115.000,,SALDO REKENING Y,Rp19.565.549,,,,,,
fe79b614,,30-04-2026,omset cash cafe,Pemasukan cafe,Pemasukan,Rp16.000,,SALDO CASH,Rp19.581.549,,,,,,
15443130,,30-04-2026,omset qris cafe,Pemasukan cafe,Pemasukan,Rp16.000,,SALDO REKENING Y,Rp19.597.549,,,,,,
accdc5ff,,30-04-2026,Gaji leader (Raka),pengeluaran,Karyawan,,Rp3.002.500,SALDO REKENING N,Rp16.595.049,,,,,,
6f6c5560,,30-04-2026,Gaji kasir (Alexa),pengeluaran,Karyawan,,Rp2.000.000,SALDO REKENING N,Rp14.595.049,,,,,,
b00c740e,,30-04-2026,Gaji jaga malam (Wak Udin),pengeluaran,Karyawan,,Rp1.300.000,SALDO REKENING N,Rp13.295.049,,,,,,
0c21688b,,30-04-2026,Eza,pengeluaran carwash,Lainnya,,Rp700.000,SALDO REKENING N,Rp12.595.049,,,,,,
59c6c877,,30-04-2026,Pembayaran ke bang awal bulanan,pengeluaran,Lainnya,,Rp10.000.000,SALDO REKENING N,Rp2.595.049,,,,,,
c9eb4d90,692446c1,01-05-2026,Es kristal,Pengeluaran Cafe,Bahan Baku,,Rp5.000,SALDO CASH,Rp2.590.049,,,,,,
bbd0511b,3aba59c1,01-05-2026,RAHMAN,Casbon,Casbon,,Rp20.000,SALDO CASH,Rp2.570.049,,,,,,
1e9c6043,424ad02f,01-05-2026,Bagus,Casbon,Casbon,,Rp30.000,SALDO CASH,Rp2.540.049,,,,,,
adaac73c,,01-05-2026,Wax dan anti jamur,pengeluaran carwash,Bahan Baku,,Rp330.000,SALDO REKENING N,Rp2.210.049,,,,,,
ad065725,,01-05-2026,Eza,casbon,Casbon,,Rp95.000,SALDO REKENING N,Rp2.115.049,,,,,,
53398ecf,,01-05-2026,pindah,Pindah,Pindah,Rp13.200.000,,SALDO REKENING N,Rp15.315.049,,,,,,
708615f9,,01-05-2026,pindah,Pindah,Pindah,,Rp13.200.000,SALDO REKENING Y,Rp2.115.049,,,,,,
98e9209a,,01-05-2026,omset cash carwash,Pemasukan carwash,Pemasukan,Rp1.455.000,,SALDO CASH,Rp3.570.049,,,,,,
3aa01c0b,,01-05-2026,omset qris carwash,Pemasukan carwash,Pemasukan,Rp455.000,,SALDO REKENING Y,Rp4.025.049,,,,,,
3602ad54,,01-05-2026,omset cash cafe,Pemasukan cafe,Pemasukan,Rp146.000,,SALDO CASH,Rp4.171.049,,,,,,
266ca5e3,7bffc95e,02-05-2026,Es kristal,Pengeluaran Cafe,Bahan Baku,,Rp5.000,SALDO CASH,Rp4.166.049,,,,,,
065945a5,97c0cd39,02-05-2026,Teh bendera,Pengeluaran Cafe,Bahan Baku,,Rp6.000,SALDO CASH,Rp4.160.049,,,,,,
571f2e65,,02-05-2026,Tenant burger,pemasukan tenant,Pemasukan,Rp1.300.000,,SALDO REKENING N,Rp5.460.049,,,,,,
2f040245,,02-05-2026,omset cash carwash,Pemasukan carwash,Pemasukan,Rp1.175.000,,SALDO CASH,Rp6.635.049,,,,,,
c9403246,,02-05-2026,omset qris carwash,Pemasukan carwash,Pemasukan,Rp440.000,,SALDO REKENING Y,Rp7.075.049,,,,,,
f58873ee,,02-05-2026,omset cash cafe,Pemasukan cafe,Pemasukan,Rp45.000,,SALDO CASH,Rp7.120.049,,,,,,
6a0399ce,,02-05-2026,omset qris cafe,Pemasukan cafe,Pemasukan,Rp57.000,,SALDO REKENING Y,Rp7.177.049,,,,,,
ef267bdf,bd1ea5eb,03-05-2026,Es kristal,Pengeluaran Cafe,Bahan Baku,,Rp5.000,SALDO CASH,Rp7.172.049,,,,,,
ba2af6de,,03-05-2026,Pindah saldo,Pindah,Pindah,,Rp3.300.000,SALDO CASH,Rp3.872.049,,,,,,
8e8bc743,,03-05-2026,Pindah,Pindah,Pindah,Rp3.300.000,,SALDO REKENING N,Rp7.172.049,,,,,,
0fcdfd59,,03-05-2026,Listrik cafe,pengeluaran cafe,Operasional,,Rp500.000,SALDO REKENING N,Rp6.672.049,,,,,,
e9f7b55f,,03-05-2026,omset cash carwash,pemasukan carwash,Pemasukan,Rp1.535.000,,SALDO CASH,Rp8.207.049,,,,,,
5de34a92,,03-05-2026,omset qris carwash,pemasukan carwash,Pemasukan,Rp565.000,,SALDO REKENING Y,Rp8.772.049,,,,,,
4372f920,,03-05-2026,omset cash cafe,pemasukan cafe,Pemasukan,Rp115.000,,SALDO CASH,Rp8.887.049,,,,,,
24be7efa,,03-05-2026,omset qris cafe,pemasukan cafe,Pemasukan,Rp26.000,,SALDO REKENING Y,Rp8.913.049,,,,,,
725ba9ee,bb90af16,04-05-2026,Es kristal,Pengeluaran Cafe,Bahan Baku,,Rp5.000,SALDO CASH,Rp8.908.049,,,,,,
b5505a6f,abea288f,04-05-2026,Sabun,Pengeluaran Carwash,Bahan Baku,,Rp85.000,SALDO CASH,Rp8.823.049,,,,,,
7bf81865,4f602c95,04-05-2026,Ngeprint & lakban,Pengeluaran,Operasional,,Rp61.000,SALDO CASH,Rp8.762.049,,,,,,
7fd9b3c3,00f82b70,04-05-2026,Nasi bg yazid,Pengeluaran,Lainnya,,Rp17.000,SALDO CASH,Rp8.745.049,,,,,,
a991e8b0,b1f426e9,04-05-2026,Sapu & sikat,Pengeluaran,Operasional,,Rp15.000,SALDO CASH,Rp8.730.049,,,,,,
e8ff3973,,04-05-2026,omset cash carwash,Pemasukan carwash,Pemasukan,Rp715.000,,SALDO CASH,Rp9.445.049,,,,,,
231b8472,,04-05-2026,omset qris carwash,Pemasukan carwash,Pemasukan,Rp330.000,,SALDO REKENING Y,Rp9.775.049,,,,,,
6aafb6b1,,04-05-2026,omset cash cafe,Pemasukan cafe,Pemasukan,Rp41.000,,SALDO CASH,Rp9.816.049,,,,,,
b2e77d30,,04-05-2026,omset qris cafe,Pemasukan cafe,Pemasukan,Rp27.000,,SALDO REKENING Y,Rp9.843.049,,,,,,
59a2bcb6,e78db3b5,05-05-2026,Es batu,Pengeluaran Cafe,Bahan Baku,,Rp5.000,SALDO CASH,Rp9.838.049,,,,,,
dcc9fdc9,39bd1932,05-05-2026,Eza,Casbon,Casbon,,Rp50.000,SALDO CASH,Rp9.788.049,,,,,,
578019de,6970bd0a,05-05-2026,Print,Pengeluaran,Operasional,,Rp1.000,SALDO CASH,Rp9.787.049,,,,,,
c534d101,82118a2c,05-05-2026,Fery,Casbon,Casbon,,Rp100.000,SALDO CASH,Rp9.687.049,,,,,,
f1511d81,,05-05-2026,omset cash carwash,Pemasukan carwash,Pemasukan,Rp965.000,,SALDO CASH,Rp10.652.049,,,,,,
6ad7d1a2,,05-05-2026,omset qris carwash,Pemasukan carwash,Pemasukan,Rp380.000,,SALDO REKENING Y,Rp11.032.049,,,,,,
89bb9953,,05-05-2026,omset cash cafe,Pemasukan cafe,Pemasukan,Rp120.000,,SALDO CASH,Rp11.152.049,,,,,,
680185b7,,05-05-2026,omset qris cafe,Pemasukan cafe,Pemasukan,Rp30.000,,SALDO REKENING Y,Rp11.182.049,,,,,,
ca4fb3bf,88efe77d,06-05-2026,Es,Pengeluaran Cafe,Bahan Baku,,Rp5.000,SALDO CASH,Rp11.177.049,,,,,,
52338f47,a40cadcf,06-05-2026,Gula,Pengeluaran Cafe,Bahan Baku,,Rp18.500,SALDO CASH,Rp11.158.549,,,,,,
d682a1a7,,06-05-2026,omset cash carwash,Pemasukan carwash,Pemasukan,Rp170.000,,SALDO CASH,Rp11.328.549,,,,,,
cbeacdc4,,06-05-2026,omset qris carwash,Pemasukan carwash,Pemasukan,Rp265.000,,SALDO REKENING Y,Rp11.593.549,,,,,,
941d4bab,,06-05-2026,omset cash cafe,Pemasukan cafe,Pemasukan,Rp8.000,,SALDO CASH,Rp11.601.549,,,,,,
85df56b2,,06-05-2026,omset qris cafe,Pemasukan cafe,Pemasukan,Rp15.000,,SALDO REKENING Y,Rp11.616.549,,,,,,
cc841eb8,,06-05-2026,Stp 2 silikon 1,pengeluaran carwash,Bahan Baku,,Rp348.395,SALDO REKENING N,Rp11.268.154,,,,,,
f44d0a01,447c04b7,07-05-2026,Es kristal,Pengeluaran Cafe,Bahan Baku,,Rp5.000,SALDO CASH,Rp11.263.154,,,,,,
0ad15902,0baaec64,07-05-2026,Galon,Pengeluaran Cafe,Operasional,,Rp30.000,SALDO CASH,Rp11.233.154,,,,,,
e0133f11,7799b6b9,07-05-2026,EZA,Casbon,Casbon,,Rp10.000,SALDO CASH,Rp11.223.154,,,,,,
2825950b,626b993c,07-05-2026,Nopal,Casbon,Casbon,,Rp30.000,SALDO CASH,Rp11.193.154,,,,,,
bdfa114e,,07-05-2026,omset cash carwash,Pemasukan carwash,Pemasukan,Rp445.000,,SALDO CASH,Rp11.638.154,,,,,,
b984d74b,,07-05-2026,omset qris carwash,Pemasukan carwash,Pemasukan,Rp390.000,,SALDO REKENING Y,Rp12.028.154,,,,,,
89cc2635,,07-05-2026,omset cash cafe,Pemasukan cafe,Pemasukan,Rp68.000,,SALDO CASH,Rp12.096.154,,,,,,
866dbc5f,,07-05-2026,omset qris cafe,Pemasukan cafe,Pemasukan,Rp20.000,,SALDO REKENING Y,Rp12.116.154,,,,,,
7b46c7f6,,07-05-2026,Pindah,Pindah,Pindah,Rp2.300.000,,SALDO REKENING N,Rp14.416.154,,,,,,
9748c507,,07-05-2026,Pindah,Pindah,Pindah,,Rp2.300.000,SALDO CASH,Rp12.116.154,,,,,,
719a7ea7,50ece633,08-05-2026,Es kristal,Pengeluaran Cafe,Bahan Baku,,Rp5.000,SALDO CASH,Rp12.111.154,,,,,,
8d7a33e6,7ced6a86,08-05-2026,Foto copy,Pengeluaran Carwash,Operasional,,Rp5.000,SALDO CASH,Rp12.106.154,,,,,,
62b91a3c,,08-05-2026,omset cash carwash,Pemasukan carwash,Pemasukan,Rp455.000,,SALDO CASH,Rp12.561.154,,,,,,
f56f0da6,,08-05-2026,omset qris carwash,Pemasukan carwash,Pemasukan,Rp280.000,,SALDO REKENING Y,Rp12.841.154,,,,,,
9eb25918,,08-05-2026,omset cash cafe,Pemasukan cafe,Pemasukan,Rp60.000,,SALDO CASH,Rp12.901.154,,,,,,
8e75249f,,08-05-2026,omset qris cafe,Pemasukan cafe,Pemasukan,Rp20.000,,SALDO REKENING Y,Rp12.921.154,,,,,,
dd5785fd,,08-05-2026,Eza,casbon,Casbon,,Rp300.000,SALDO CASH,Rp12.621.154,,,,,,
044504b5,bbf8f20b,09-05-2026,Print menu,Pengeluaran Cafe,Operasional,,Rp18.000,SALDO CASH,Rp12.603.154,,,,,,
8db8fa8d,0b0de682,09-05-2026,Es kristal,Pengeluaran Cafe,Bahan Baku,,Rp5.000,SALDO CASH,Rp12.598.154,,,,,,
b27db5a0,5737f8e9,09-05-2026,RAHMAN,Casbon,Casbon,,Rp100.000,SALDO CASH,Rp12.498.154,,,,,,
58495687,fb1ff1da,09-05-2026,Skm,Pengeluaran Cafe,Bahan Baku,,Rp45.000,SALDO CASH,Rp12.453.154,,,,,,
393c4428,a29b9c43,09-05-2026,Sarung tangan,Pengeluaran Carwash,Lainnya,,Rp8.000,SALDO CASH,Rp12.445.154,,,,,,
9a74662e,3325551a,09-05-2026,Ongkir kopi,Pengeluaran Cafe,Operasional,,Rp18.000,SALDO CASH,Rp12.427.154,,,,,,
0ea4a38c,fe709a1b,09-05-2026,Teh,Pengeluaran Cafe,Bahan Baku,,Rp6.000,SALDO CASH,Rp12.421.154,,,,,,
6481d630,52b6388e,09-05-2026,Bayar angga 10,Pengeluaran,Lainnya,,Rp10.000,SALDO CASH,Rp12.411.154,,,,,,
6dfa5aea,95fad191,09-05-2026,VICKY,Casbon,Casbon,,Rp200.000,SALDO CASH,Rp12.211.154,,,,,,
43a8234f,4bcf6091,09-05-2026,Fery,Casbon,Casbon,,Rp100.000,SALDO CASH,Rp12.111.154,,,,,,
537737df,,09-05-2026,omset cash carwash,Pemasukan carwash,Pemasukan,Rp1.475.000,,SALDO CASH,Rp13.586.154,,,,,,
6ade835e,,09-05-2026,omset qris carwash,Pemasukan carwash,Pemasukan,Rp590.000,,SALDO REKENING Y,Rp14.176.154,,,,,,
84d914b7,,09-05-2026,omset cash cafe,Pemasukan cafe,Pemasukan,Rp67.000,,SALDO CASH,Rp14.243.154,,,,,,
bfee119d,,09-05-2026,omset qris cafe,Pemasukan cafe,Pemasukan,Rp10.000,,SALDO REKENING Y,Rp14.253.154,,,,,,
fb6723a8,,09-05-2026,Biji Kopi 1Kg,pengeluaran cafe,Bahan Baku,,Rp205.000,SALDO REKENING N,Rp14.048.154,,,,,,
9654759d,2a665476,10-05-2026,Es kristal,Pengeluaran Cafe,Bahan Baku,,Rp5.000,SALDO CASH,Rp14.043.154,,,,,,
2f4e952d,23132edd,10-05-2026,Cuter,Pengeluaran,Barang,,Rp1.500,SALDO CASH,Rp14.041.654,,,,,,
6cf62ed8,09405ea8,10-05-2026,Minyak,Pengeluaran Cafe,Lainnya,,Rp23.500,SALDO CASH,Rp14.018.154,,,,,,
df7be8da,,10-05-2026,Jamur kaca 5x,pengeluaran carwash,Bahan Baku,,Rp60.000,SALDO REKENING N,Rp13.958.154,,,,,,
b5b26e0f,,10-05-2026,Stp 2 silikon 1,pengeluaran carwash,Bahan Baku,,Rp387.000,SALDO REKENING N,Rp13.571.154,,,,,,
65f3efbb,,10-05-2026,Listrik carwash,pengeluaran carwash,Operasional,,Rp202.000,SALDO REKENING Y,Rp13.369.154,,,,,,
38552cc9,,10-05-2026,Pembayaran ke bang awal,pengeluaran,Lainnya,,Rp2.500.000,SALDO REKENING Y,Rp10.869.154,,,,,,
c01fef8b,f880fcf2,10-05-2026,Bayar angga 12,Pengeluaran,Lainnya,,Rp12.000,SALDO CASH,Rp10.857.154,,,,,,
0ae5c51d,,10-05-2026,omset cash carwash,Pemasukan carwash,Pemasukan,Rp1.530.000,,SALDO CASH,Rp12.387.154,,,,,,
996f8153,,10-05-2026,omset qris carwash,Pemasukan carwash,Pemasukan,Rp645.000,,SALDO REKENING Y,Rp13.032.154,,,,,,
e3764c3e,,10-05-2026,omset cash cafe,Pemasukan cafe,Pemasukan,Rp192.000,,SALDO CASH,Rp13.224.154,,,,,,
de8d25e5,,10-05-2026,omset qris cafe,Pemasukan cafe,Pemasukan,Rp15.000,,SALDO REKENING Y,Rp13.239.154,,,,,,
34afc1a1,b7d588f5,11-05-2026,Es batu,Pengeluaran Cafe,Bahan Baku,,Rp5.000,SALDO CASH,Rp13.234.154,,,,,,
ecb33a0c,a0c6d027,11-05-2026,Ayam cabe bawang,Pengeluaran Cafe,Bahan Baku,,Rp68.000,SALDO CASH,Rp13.166.154,,,,,,
4c19a1e1,0ba3ceba,11-05-2026,Jeruk nipis,Pengeluaran Cafe,Lainnya,,Rp3.000,SALDO CASH,Rp13.163.154,,,,,,
ebc7e335,979711b5,11-05-2026,Tepung,Pengeluaran Cafe,Lainnya,,Rp7.000,SALDO CASH,Rp13.156.154,,,,,,
f11a1a52,441b7c54,11-05-2026,Bagus,Casbon,Casbon,,Rp30.000,SALDO CASH,Rp13.126.154,,,,,,
05143b27,01d72d40,11-05-2026,Sabun,Pengeluaran Carwash,Bahan Baku,,Rp85.000,SALDO CASH,Rp13.041.154,,,,,,
e9a71ed2,,11-05-2026,omset qris carwash,Pemasukan carwash,Pemasukan,Rp215.000,,SALDO REKENING Y,Rp13.256.154,,,,,,
2ab3e2d9,,11-05-2026,omset cash cafe,Pemasukan cafe,Pemasukan,Rp44.000,,SALDO CASH,Rp13.300.154,,,,,,
15e5b3d2,,11-05-2026,omset qris cafe,Pemasukan cafe,Pemasukan,Rp15.000,,SALDO REKENING Y,Rp13.315.154,,,,,,
76e7ec5c,,11-05-2026,Service mesin air,pengeluaran carwash,Operasional,,Rp200.000,SALDO CASH,Rp13.115.154,,,,,,
f26252db,,11-05-2026,omset cash carwash,Pemasukan carwash,Pemasukan,Rp115.000,,SALDO CASH,Rp13.230.154,,,,,,
4e8c9f77,0cd3726c,12-05-2026,Es batu,Pengeluaran Cafe,Bahan Baku,,Rp5.000,SALDO CASH,Rp13.225.154,,,,,,
9ff43214,5b88818a,12-05-2026,Raka,Casbon,Casbon,,Rp16.000,SALDO CASH,Rp13.209.154,,,,,,
da4681b0,4d5418d9,12-05-2026,Cabe,Pengeluaran Cafe,Bahan Baku,,Rp5.000,SALDO CASH,Rp13.204.154,,,,,,
fda808ba,fd4731f3,12-05-2026,Tomat,Pengeluaran Cafe,Bahan Baku,,Rp2.000,SALDO CASH,Rp13.202.154,,,,,,
3a2b60be,47731ff0,12-05-2026,Terasi,Pengeluaran Cafe,Bahan Baku,,Rp1.000,SALDO CASH,Rp13.201.154,,,,,,
fb2a90fe,093aa5e8,12-05-2026,Racik,Pengeluaran Cafe,Bahan Baku,,Rp2.000,SALDO CASH,Rp13.199.154,,,,,,
75887efb,a0bf8782,12-05-2026,Maizena,Pengeluaran Cafe,Bahan Baku,,Rp7.000,SALDO CASH,Rp13.192.154,,,,,,
88e3f970,6e71c64f,12-05-2026,Belanja Badak,Pengeluaran Cafe,Bahan Baku,,Rp135.000,SALDO CASH,Rp13.057.154,,,,,,
396ebbca,a50c7ea7,12-05-2026,Belanja Le Mineral,Pengeluaran Cafe,Bahan Baku,,Rp48.000,SALDO CASH,Rp13.009.154,,,,,,
8c2ad2a8,cd2c2166,12-05-2026,Minyak wak udin,Pengeluaran,Lainnya,,Rp10.000,SALDO CASH,Rp12.999.154,,,,,,
6cdfb3ac,7c37099f,12-05-2026,Rondap,Pengeluaran,Lainnya,,Rp5.000,SALDO CASH,Rp12.994.154,,,,,,
3096909a,2bc9b29a,12-05-2026,Bumbu,Pengeluaran Cafe,Bahan Baku,,Rp3.000,SALDO CASH,Rp12.991.154,,,,,,
9b85a8f9,58f9590d,12-05-2026,Telur,Pengeluaran Cafe,Bahan Baku,,Rp8.000,SALDO CASH,Rp12.983.154,,,,,,
7afbb5f1,fb820680,12-05-2026,Mie,Pengeluaran Cafe,Bahan Baku,,Rp12.000,SALDO CASH,Rp12.971.154,,,,,,
d85b2d3a,96d95093,12-05-2026,Kotak tisu,Pengeluaran Carwash,Lainnya,,Rp700.000,SALDO CASH,Rp12.271.154,,,,,,
1e731de4,02d259fa,12-05-2026,NOPAL,Casbon,Casbon,,Rp50.000,SALDO CASH,Rp12.221.154,,,,,,
2e7224a7,d1a7ea95,12-05-2026,Faisal,Casbon,Casbon,,Rp50.000,SALDO CASH,Rp12.171.154,,,,,,
c63c8842,,12-05-2026,omset cash carwash,Pemasukan carwash,Pemasukan,Rp725.000,,SALDO CASH,Rp12.896.154,,,,,,
b09b81e7,,12-05-2026,omset qris carwash,Pemasukan carwash,Pemasukan,Rp275.000,,SALDO REKENING Y,Rp13.171.154,,,,,,
b67f5f0f,,12-05-2026,omset cash cafe,Pemasukan cafe,Pemasukan,Rp56.000,,SALDO CASH,Rp13.227.154,,,,,,
806076fd,,12-05-2026,omset qris cafe,Pemasukan cafe,Pemasukan,Rp46.000,,SALDO REKENING Y,Rp13.273.154,,,,,,
8a69d5e6,4aa0b7ee,13-05-2026,Esbatu,Pengeluaran Cafe,Bahan Baku,,Rp5.000,SALDO CASH,Rp13.268.154,,,,,,
f128234f,22d32c17,13-05-2026,Angga,Casbon,Casbon,,Rp50.000,SALDO CASH,Rp13.218.154,,,,,,
b745127a,19b34ae8,13-05-2026,Esbatu,Pengeluaran Cafe,Bahan Baku,,Rp5.000,SALDO CASH,Rp13.213.154,,,,,,
097420fc,88a3b148,13-05-2026,Sunlight,Pengeluaran,Bahan Baku,,Rp9.000,SALDO CASH,Rp13.204.154,,,,,,
7a4db433,0f71e47e,13-05-2026,Infaq,Pengeluaran,Operasional,,Rp60.000,SALDO CASH,Rp13.144.154,,,,,,
6e7e305e,,13-05-2026,omset cash carwash,Pemasukan carwash,Pemasukan,Rp785.000,,SALDO CASH,Rp13.929.154,,,,,,
2c841ad6,,13-05-2026,omset qris carwash,Pemasukan carwash,Pemasukan,Rp445.000,,SALDO REKENING Y,Rp14.374.154,,,,,,
9bacbde3,,13-05-2026,omset cash cafe,Pemasukan cafe,Pemasukan,Rp109.000,,SALDO CASH,Rp14.483.154,,,,,,
ed580acd,,13-05-2026,omset qris cafe,Pemasukan cafe,Pemasukan,Rp31.000,,SALDO REKENING Y,Rp14.514.154,,,,,,
e40c5943,f47c79fe,14-05-2026,Es batu,Pengeluaran Cafe,Bahan Baku,,Rp5.000,SALDO CASH,Rp14.509.154,,,,,,
6c6a6801,b3f92430,14-05-2026,Safa,Casbon,Casbon,,Rp12.000,SALDO CASH,Rp14.497.154,,,,,,
4bced1c3,a2c1ae6e,14-05-2026,Lebih qris,Pengeluaran,Lainnya,,Rp10.000,SALDO CASH,Rp14.487.154,,,,,,
7c3fab97,,14-05-2026,omset cash carwash,Pemasukan carwash,Pemasukan,Rp1.360.000,,SALDO CASH,Rp15.847.154,,,,,,
e3ff3c14,,14-05-2026,omset qris carwash,Pemasukan carwash,Pemasukan,Rp385.000,,SALDO REKENING Y,Rp16.232.154,,,,,,
3d70444c,,14-05-2026,omset cash cafe,Pemasukan cafe,Pemasukan,Rp154.000,,SALDO CASH,Rp16.386.154,,,,,,
df889d0e,,14-05-2026,omset qris cafe,Pemasukan cafe,Pemasukan,Rp35.000,,SALDO REKENING Y,Rp16.421.154,,,,,,
637d4b54,a0cfada2,15-05-2026,Es batu,Pengeluaran Cafe,Bahan Baku,,Rp5.000,SALDO CASH,Rp16.416.154,,,,,,
6c5f03e4,cdbd4437,15-05-2026,Angga,Casbon,Casbon,,Rp100.000,SALDO CASH,Rp16.316.154,,,,,,
bdc17a29,062126ff,15-05-2026,Galon,Pengeluaran Cafe,Operasional,,Rp30.000,SALDO CASH,Rp16.286.154,,,,,,
c051079a,9fbfdc84,15-05-2026,Ongkir biji kopi,Pengeluaran,Operasional,,Rp20.000,SALDO CASH,Rp16.266.154,,,,,,
2874fb0d,,15-05-2026,Belanja Biji Kopi,pengeluaran cafe,Bahan Baku,,Rp205.000,SALDO REKENING N,Rp16.061.154,TRUE,BK-01,1000,,,
386f6625,ee4bf525,15-05-2026,Bayar vacum,Pengeluaran carwash,Lainnya,,Rp25.000,SALDO CASH,Rp16.036.154,,,,,,
15b49d96,,15-05-2026,Listrik cafe,pengeluaran cafe,Operasional,,Rp502.500,SALDO REKENING N,Rp15.533.654,,,,,,
6dd4ea64,,15-05-2026,Listrik carwash,pengeluaran carwash,Operasional,,Rp503.500,SALDO REKENING N,Rp15.030.154,,,,,,
3e9531ef,,15-05-2026,omset cash carwash,Pemasukan carwash,Pemasukan,Rp1.340.000,,SALDO CASH,Rp16.370.154,,,,,,
33db4dbc,,15-05-2026,omset qris carwash,Pemasukan carwash,Pemasukan,Rp405.000,,SALDO REKENING Y,Rp16.775.154,,,,,,
19b43dac,,15-05-2026,omset cash cafe,Pemasukan cafe,Pemasukan,Rp100.000,,SALDO CASH,Rp16.875.154,,,,,,
c3d032fe,,15-05-2026,omset qris cafe,Pemasukan cafe,Pemasukan,Rp13.000,,SALDO REKENING Y,Rp16.888.154,,,,,,
63f7a3b3,,15-05-2026,Omset paketan wax+Jamur+diamond per tanggal 1-15 Mei,Pemasukan carwash,Pemasukan,Rp3.110.000,,SALDO REKENING N,Rp19.998.154,,,,,,
5c42c980,,15-05-2026,pindah,pindah,Pindah,Rp250.000,,SALDO REKENING N,Rp20.248.154,,,,,,
27ca2fbc,808ab8a7,16-05-2026,Es batu,Pengeluaran Cafe,Bahan Baku,,Rp5.000,SALDO CASH,Rp20.243.154,,,,,,
24a8cacc,61a3f4ed,16-05-2026,EZA,Casbon,Casbon,,Rp60.000,SALDO CASH,Rp20.183.154,,,,,,
a206264f,fda44635,16-05-2026,Sampah,Pengeluaran,Operasional,,Rp50.000,SALDO CASH,Rp20.133.154,,,,,,
da300baf,8473676b,16-05-2026,Selotip pipa,Pengeluaran carwash,Lainnya,,Rp5.000,SALDO CASH,Rp20.128.154,,,,,,
f4c49970,,16-05-2026,omset cash carwash,Pemasukan carwash,Pemasukan,Rp455.000,,SALDO CASH,Rp20.583.154,,,,,,
071ba776,,16-05-2026,omset qris carwash,Pemasukan carwash,Pemasukan,Rp110.000,,SALDO REKENING Y,Rp20.693.154,,,,,,
5c3aabba,,16-05-2026,omset cash cafe,Pemasukan cafe,Pemasukan,Rp33.000,,SALDO CASH,Rp20.726.154,,,,,,
b866921a,,16-05-2026,Pembelian selang dan klem selang,pengeluaran carwash,Barang,,Rp830.000,SALDO REKENING N,Rp19.896.154,,,,,,
d6a4bb05,,16-05-2026,Gaji karyawan cuci,pengeluaran carwash,Karyawan,,Rp5.674.000,SALDO CASH,Rp14.222.154,,,,,,
26525b36,,16-05-2026,Gaji karyawan cuci,pengeluaran carwash,Karyawan,,Rp1.423.000,SALDO CASH,Rp12.799.154,,,,,,
e0946a33,,16-05-2026,pindah,pindah,Pindah,Rp1.150.000,,SALDO REKENING N,Rp13.949.154,,,,,,
fa5e39a3,,16-05-2026,pindah,pindah,Pindah,,Rp1.150.000,SALDO CASH,Rp12.799.154,,,,,,
9a47264e,52f5371e,17-05-2026,Es batu,Pengeluaran Cafe,Bahan Baku,,Rp5.000,SALDO CASH,Rp12.794.154,,,,,,
bdff980b,cbf041b2,17-05-2026,Belanja Gula Putih,Pengeluaran Cafe,Bahan Baku,,Rp19.000,SALDO CASH,Rp12.775.154,,,,,,
9ba9b835,33a2f68f,17-05-2026,Saklar,Pengeluaran,Barang,,Rp60.000,SALDO CASH,Rp12.715.154,,,,,,
7b1a340c,7f43c0e4,17-05-2026,Minyak wak udin,Pengeluaran,Lainnya,,Rp10.000,SALDO CASH,Rp12.705.154,,,,,,
f4638d4f,ca28834d,17-05-2026,Bayar tukang,Pengeluaran,Lainnya,,Rp200.000,SALDO CASH,Rp12.505.154,,,,,,
ca1589f2,dfc5964c,17-05-2026,Lebih qris,Pengeluaran,Lainnya,,Rp10.000,SALDO CASH,Rp12.495.154,,,,,,
644b1da6,f08496e8,17-05-2026,Qris lebih,Pengeluaran,Lainnya,,Rp5.000,SALDO CASH,Rp12.490.154,,,,,,
f5b0cf30,1225c59f,17-05-2026,FERRY,Casbon,Casbon,,Rp100.000,SALDO CASH,Rp12.390.154,,,,,,
daf54c5d,,17-05-2026,omset cash carwash,Pemasukan carwash,Pemasukan,Rp2.610.000,,SALDO CASH,Rp15.000.154,,,,,,
53ceaf58,,17-05-2026,omset qris carwash,Pemasukan carwash,Pemasukan,Rp500.000,,SALDO REKENING Y,Rp15.500.154,,,,,,
112ed65b,,17-05-2026,omset cash cafe,Pemasukan cafe,Pemasukan,Rp100.000,,SALDO CASH,Rp15.600.154,,,,,,
07f2915c,,17-05-2026,omset qris cafe,Pemasukan cafe,Pemasukan,Rp52.000,,SALDO REKENING Y,Rp15.652.154,,,,,,
3212cec6,,17-05-2026,Belanja SKM,pengeluaran cafe,Bahan Baku,,,SALDO CASH,Rp15.652.154,TRUE,BK-02,1440,,,
18501418,,17-05-2026,Belanja skm,pengeluaran cafe,Bahan Baku,,Rp14.500,SALDO CASH,Rp15.637.654,,,,,,
7d25a006,,17-05-2026,Belanja teh bubuk,pengeluaran cafe,Bahan Baku,,Rp22.000,SALDO CASH,Rp15.615.654,,,,,,
1115c0d2,636eaecf,18-05-2026,Es batu,Pengeluaran Cafe,Bahan Baku,,Rp5.000,SALDO CASH,Rp15.610.654,,,,,,
24c63c6f,3ae69a17,18-05-2026,Ayam,Pengeluaran Cafe,Bahan Baku,,Rp102.000,SALDO CASH,Rp15.508.654,,,,,,
fa9057ba,f1105683,18-05-2026,Cabe merah,Pengeluaran Cafe,Bahan Baku,,Rp8.000,SALDO CASH,Rp15.500.654,,,,,,
f6cf5afb,402f570d,18-05-2026,Rawit,Pengeluaran Cafe,Lainnya,,Rp10.000,SALDO CASH,Rp15.490.654,,,,,,
a6f93b4e,d65df45d,18-05-2026,Bawang putih,Pengeluaran Cafe,Bahan Baku,,Rp4.000,SALDO CASH,Rp15.486.654,,,,,,
0772aa1a,5aeb47cf,18-05-2026,Bawang merah,Pengeluaran Cafe,Bahan Baku,,Rp13.000,SALDO CASH,Rp15.473.654,,,,,,
1f27fac8,6ef087fc,18-05-2026,Tomat,Pengeluaran Cafe,Bahan Baku,,Rp5.000,SALDO CASH,Rp15.468.654,,,,,,
b92a505b,53fae13f,18-05-2026,Terasi,Pengeluaran Cafe,Bahan Baku,,Rp3.000,SALDO CASH,Rp15.465.654,,,,,,
a1e635e9,b8efebfe,18-05-2026,Selada,Pengeluaran Cafe,Bahan Baku,,Rp3.000,SALDO CASH,Rp15.462.654,,,,,,
88feb37e,1654a8bf,18-05-2026,Timun,Pengeluaran Cafe,Bahan Baku,,Rp5.000,SALDO CASH,Rp15.457.654,,,,,,
256c4c55,1462fb33,18-05-2026,Bumbu ungkep,Pengeluaran Cafe,Bahan Baku,,Rp5.000,SALDO CASH,Rp15.452.654,,,,,,
379658ef,37fe6445,18-05-2026,Kemiri,Pengeluaran Cafe,Lainnya,,Rp2.000,SALDO CASH,Rp15.450.654,,,,,,
b6f2a89e,c5c511e3,18-05-2026,Bawang putih bubuk,Pengeluaran Cafe,Bahan Baku,,Rp3.000,SALDO CASH,Rp15.447.654,,,,,,
a45fdb1c,,18-05-2026,Beli dandang,pengeluaran cafe,Barang,,Rp87.000,SALDO REKENING N,Rp15.360.654,,,,,,
4ca50942,,18-05-2026,Belanja wax 500gr,pengeluaran carwash,Bahan Baku,,Rp99.000,SALDO REKENING N,Rp15.261.654,,,,,,
f1242035,,18-05-2026,Pembelian sabun dan stp,pengeluaran carwash,Bahan Baku,,Rp215.000,SALDO REKENING N,Rp15.046.654,,,,,,
8a3605e0,,18-05-2026,Minyak kereta,pengeluaran,Operasional,,Rp25.000,SALDO CASH,Rp15.021.654,,,,,,
01584f99,5e7e1370,18-05-2026,Minyak makan,Pengeluaran Cafe,Bahan Baku,,Rp6.000,SALDO CASH,Rp15.015.654,,,,,,
1aad8022,,18-05-2026,omset cash carwash,pemasukan carwash,Pemasukan,Rp900.000,,SALDO CASH,Rp15.915.654,,,,,,
95015843,,18-05-2026,omset qris carwash,pemasukan carwash,Pemasukan,Rp335.000,,SALDO REKENING Y,Rp16.250.654,,,,,,
dda9d456,,18-05-2026,omset cash cafe,pemasukan cafe,Pemasukan,Rp49.000,,SALDO CASH,Rp16.299.654,,,,,,
bd181683,,18-05-2026,omset qris cafe,pemasukan cafe,Pemasukan,Rp15.000,,SALDO REKENING Y,Rp16.314.654,,,,,,
68b3e5f9,,18-05-2026,pindah,pindah,Pindah,Rp2.250.000,,SALDO REKENING N,Rp18.564.654,,,,,,
dd6c56bc,,18-05-2026,pindah,pindah,Pindah,,Rp2.250.000,SALDO CASH,Rp16.314.654,,,,,,
18731ae2,e5d8867f,19-05-2026,Es batu,Pengeluaran Cafe,Bahan Baku,,Rp5.000,SALDO CASH,Rp16.309.654,,,,,,
5123b5c6,e071b3d9,19-05-2026,Eza,Casbon,Casbon,,Rp30.000,SALDO CASH,Rp16.279.654,,,,,,
cbbc2d8d,8126dad6,19-05-2026,Safa,casbon,Casbon,,Rp5.000,SALDO CASH,Rp16.274.654,,,,,,
58ef17e1,,19-05-2026,omset cash carwash,pemasukan carwash,Pemasukan,Rp790.000,,SALDO CASH,Rp17.064.654,,,,,,
603f6081,,19-05-2026,omset qris carwash,pemasukan carwash,Pemasukan,Rp160.000,,SALDO REKENING Y,Rp17.224.654,,,,,,
d9864150,,19-05-2026,omset cash cafe,pemasukan cafe,Pemasukan,Rp63.000,,SALDO CASH,Rp17.287.654,,,,,,
4c1c40ea,,19-05-2026,omset qris cafe,pemasukan cafe,Pemasukan,Rp0,,SALDO REKENING Y,Rp17.287.654,,,,,,
fa7fd08e,aab7cf96,20-05-2026,Es batu,pengeluaran cafe,Bahan Baku,,Rp5.000,SALDO CASH,Rp17.282.654,,,,,,
65b95eac,99b62eee,20-05-2026,Anak hekter,pengeluaran cafe,Lainnya,,Rp2.000,SALDO CASH,Rp17.280.654,,,,,,
0c5689a3,36f097bf,20-05-2026,Eza,casbon,Casbon,,Rp15.000,SALDO CASH,Rp17.265.654,,,,,,
3c5fe226,523e134f,20-05-2026,RAHMAN,casbon,Casbon,,Rp100.000,SALDO CASH,Rp17.165.654,,,,,,
efeca44a,ea1c9277,20-05-2026,Es batu,pengeluaran cafe,Bahan Baku,,Rp5.000,SALDO CASH,Rp17.160.654,,,,,,
e2e9a19e,,20-05-2026,omset cash carwash,pemasukan carwash,Pemasukan,Rp635.000,,SALDO CASH,Rp17.795.654,,,,,,
05a16037,,20-05-2026,omset qris carwash,pemasukan carwash,Pemasukan,Rp110.000,,SALDO REKENING Y,Rp17.905.654,,,,,,
6630648e,,20-05-2026,omset cash cafe,pemasukan cafe,Pemasukan,Rp94.000,,SALDO CASH,Rp17.999.654,,,,,,
fb8e103a,,20-05-2026,omset qris cafe,pemasukan cafe,Pemasukan,Rp25.000,,SALDO REKENING Y,Rp18.024.654,,,,,,
2fbff8f5,,20-05-2026,pindah,pindah,Pindah,Rp1.400.000,,SALDO REKENING N,Rp19.424.654,,,,,,
38811b83,,20-05-2026,pindah,pindah,Pindah,,Rp1.400.000,SALDO CASH,Rp18.024.654,,,,,,
716bbeb5,,20-05-2026,Belanja Nugget,pengeluaran cafe,Bahan Baku,,Rp33.000,SALDO CASH,Rp17.991.654,TRUE,BMK-04,1000,,,
bea806be,,20-05-2026,Belanja Sosis,pengeluaran cafe,Bahan Baku,,Rp22.000,SALDO CASH,Rp17.969.654,TRUE,BMK-05,16,,,
2aef6b88,,20-05-2026,Belanja Kentang,pengeluaran cafe,Bahan Baku,,Rp33.000,SALDO CASH,Rp17.936.654,TRUE,BMK-06,1000,,,
db6ad8a5,,20-05-2026,Belanja Indomie Kuah,pengeluaran cafe,Bahan Baku,,Rp24.500,SALDO CASH,Rp17.912.154,TRUE,BMK-07,7,,,
16dc4a01,,20-05-2026,Belanja Indomie Goreng,pengeluaran cafe,Bahan Baku,,Rp24.500,SALDO CASH,Rp17.887.654,TRUE,BMK-08,7,,,
374d5b84,,20-05-2026,Roti dan selai,pengeluaran,Bahan Baku,,Rp19.000,SALDO CASH,Rp17.868.654,,,,,,
da5a69a3,,20-05-2026,Telur sepapan,pengeluaran cafe,Bahan Baku,,Rp58.000,SALDO CASH,Rp17.810.654,,,,,,
069abd4a,,20-05-2026,Listrik Carwash,pengeluaran carwash,Operasional,,Rp503.500,SALDO REKENING N,Rp17.307.154,,,,,,
dfa0b3ad,224f9f2e,21-05-2026,Es batu,pengeluaran cafe,Bahan Baku,,Rp5.000,SALDO CASH,Rp17.302.154,,,,,,
137ada66,089c82d8,21-05-2026,Selada,pengeluaran cafe,Bahan Baku,,Rp5.000,SALDO CASH,Rp17.297.154,,,,,,
8ff5c201,c99b141d,21-05-2026,RAHMAN,casbon,Casbon,,Rp100.000,SALDO CASH,Rp17.197.154,,,,,,
57470048,5b1869a2,21-05-2026,Eza,casbon,Casbon,,Rp10.000,SALDO CASH,Rp17.187.154,,,,,,
1b459ff8,133a9ced,21-05-2026,Es batu,pengeluaran cafe,Bahan Baku,,Rp5.000,SALDO CASH,Rp17.182.154,,,,,,
61d9fd3f,5278deb6,21-05-2026,Minyak wak udin,pengeluaran,Lainnya,,Rp12.000,SALDO CASH,Rp17.170.154,,,,,,
d648c303,758235f4,21-05-2026,Belanja Badak,pengeluaran cafe,Bahan Baku,,Rp135.000,SALDO CASH,Rp17.035.154,,,,,,
da42f19a,9320092a,21-05-2026,Belanja Le Mineral,pengeluaran cafe,Bahan Baku,,Rp48.000,SALDO CASH,Rp16.987.154,,,,,,
287daaba,3f0a3f0c,21-05-2026,FERRY,casbon,Casbon,,Rp100.000,SALDO CASH,Rp16.887.154,,,,,,
1e9cd79a,dcb8a338,21-05-2026,Eza,casbon,Casbon,,Rp50.000,SALDO CASH,Rp16.837.154,,,,,,
a93b67c8,,21-05-2026,omset cash carwash,pemasukan carwash,Pemasukan,Rp790.000,,SALDO CASH,Rp17.627.154,,,,,,
6e2f073c,,21-05-2026,omset qris carwash,pemasukan carwash,Pemasukan,Rp280.000,,SALDO REKENING Y,Rp17.907.154,,,,,,
a509a9c2,,21-05-2026,omset cash cafe,pemasukan cafe,Pemasukan,Rp63.000,,SALDO CASH,Rp17.970.154,,,,,,
e55c3a67,,21-05-2026,omset qris cafe,pemasukan cafe,Pemasukan,Rp61.000,,SALDO REKENING Y,Rp18.031.154,,,,,,
7d393a8d,,21-05-2026,wifi,pengeluaran,Operasional,,Rp271.950,SALDO REKENING N,Rp17.759.204,,,,,,
06b4e601,,21-05-2026,Telur sepapan,pengeluaran,Bahan Baku,,Rp58.000,SALDO CASH,Rp17.701.204,,,,,,
1f2a5d0c,0a9ca266,22-05-2026,Es batu,pengeluaran cafe,Bahan Baku,,Rp10.000,SALDO CASH,Rp17.691.204,,,,,,
d40d5338,5a52dea1,22-05-2026,Belanja Gula Putih,pengeluaran cafe,Bahan Baku,,Rp20.000,SALDO CASH,Rp17.671.204,,,,,,
b7033915,33763ec6,22-05-2026,Mama lemon,pengeluaran cafe,Bahan Baku,,Rp10.000,SALDO CASH,Rp17.661.204,,,,,,
56021ddc,e5c614d7,22-05-2026,Belanja Teh,pengeluaran cafe,Bahan Baku,,Rp7.000,SALDO CASH,Rp17.654.204,,,,,,
f2041bb4,f6761d45,22-05-2026,Beras,pengeluaran cafe,Bahan Baku,,Rp158.000,SALDO CASH,Rp17.496.204,,,,,,
7a049f59,5de9068e,22-05-2026,Sarung tangan,Pengeluaran Carwash,Lainnya,,Rp60.000,SALDO CASH,Rp17.436.204,,,,,,
dae6d366,684f8913,22-05-2026,Bagus,casbon,Casbon,,Rp30.000,SALDO CASH,Rp17.406.204,,,,,,
9c453d09,4f9c7c4d,22-05-2026,Print menu,pengeluaran,Operasional,,Rp100.000,SALDO CASH,Rp17.306.204,,,,,,
e45cbc62,bc638536,22-05-2026,NOPAL,casbon,Casbon,,Rp50.000,SALDO CASH,Rp17.256.204,,,,,,
d765a79a,29b8e45b,22-05-2026,Lebih qris,pengeluaran,Lainnya,,Rp40.000,SALDO CASH,Rp17.216.204,,,,,,
743f8840,06c67e84,22-05-2026,Bayar kipas,Pengeluaran cafe,Barang,,Rp350.000,SALDO CASH,Rp16.866.204,,,,,,
7b7dea6c,,22-05-2026,omset cash carwash,pemasukan carwash,Pemasukan,Rp1.000.000,,SALDO CASH,Rp17.866.204,,,,,,
2930822b,,22-05-2026,omset qris carwash,pemasukan carwash,Pemasukan,Rp440.000,,SALDO REKENING Y,Rp18.306.204,,,,,,
c99c3639,,22-05-2026,omset cash cafe,pemasukan cafe,Pemasukan,Rp102.000,,SALDO CASH,Rp18.408.204,,,,,,
c3f3af6a,,22-05-2026,omset qris cafe,pemasukan cafe,Pemasukan,Rp43.000,,SALDO REKENING Y,Rp18.451.204,,,,,,
ba3bc599,,23-05-2026,Yazid,casbon,Casbon,,Rp150.000,SALDO CASH,Rp18.301.204,,,,,,
2adac20b,94223611,23-05-2026,Bg raka,casbon,Casbon,,Rp40.000,SALDO CASH,Rp18.261.204,,,,,,
c0a715d8,dd26860b,23-05-2026,Galon,pengeluaran cafe,Operasional,,Rp30.000,SALDO CASH,Rp18.231.204,,,,,,
8ed3f491,,23-05-2026,omset cash carwash,pemasukan carwash,Pemasukan,Rp1.070.000,,SALDO CASH,Rp19.301.204,,,,,,
7330edc5,,23-05-2026,omset qris carwash,pemasukan carwash,Pemasukan,Rp320.000,,SALDO REKENING Y,Rp19.621.204,,,,,,
64bb7786,,23-05-2026,omset cash cafe,pemasukan cafe,Pemasukan,Rp91.000,,SALDO CASH,Rp19.712.204,,,,,,
29623785,,23-05-2026,omset qris cafe,pemasukan cafe,Pemasukan,Rp10.000,,SALDO REKENING Y,Rp19.722.204,,,,,,
111de41b,,23-05-2026,pindah,pindah,Pindah,Rp430.000,,SALDO REKENING N,Rp20.152.204,,,,,,
0ed24885,,23-05-2026,pindah,pindah,Pindah,,Rp430.000,SALDO CASH,Rp19.722.204,,,,,,
f0ed3dd8,b3efa2a7,24-05-2026,Es batu,pengeluaran cafe,Bahan Baku,,Rp10.000,SALDO CASH,Rp19.712.204,,,,,,
05f407bd,461f06b1,24-05-2026,Foto copy kertas antrian,Pengeluaran Carwash,Operasional,,Rp5.000,SALDO CASH,Rp19.707.204,,,,,,
e4edc7bc,bae300f7,24-05-2026,Safa,casbon,Casbon,,Rp20.000,SALDO CASH,Rp19.687.204,,,,,,
bedbcd7f,,24-05-2026,omset cash carwash,pemasukan carwash,Pemasukan,Rp1.125.000,,SALDO CASH,Rp20.812.204,,,,,,
ac55690c,,24-05-2026,omset qris carwash,pemasukan carwash,Pemasukan,Rp490.000,,SALDO REKENING Y,Rp21.302.204,,,,,,
d8bab1e6,,24-05-2026,omset cash cafe,pemasukan cafe,Pemasukan,Rp106.000,,SALDO CASH,Rp21.408.204,,,,,,
1fe8fad9,,24-05-2026,omset qris cafe,pemasukan cafe,Pemasukan,Rp53.000,,SALDO REKENING Y,Rp21.461.204,,,,,,
a181f437,8f300519,25-05-2026,Belanja SKM,pengeluaran cafe,Bahan Baku,,Rp45.000,SALDO CASH,Rp21.416.204,,,,,,
6b54bbcd,91619ca6,25-05-2026,Racik,pengeluaran cafe,Bahan Baku,,Rp2.000,SALDO CASH,Rp21.414.204,,,,,,
559ea96a,5418001e,25-05-2026,Bumbu nasi goreng,pengeluaran cafe,Bahan Baku,,Rp5.000,SALDO CASH,Rp21.409.204,,,,,,
c94c8b56,0a0f89ec,25-05-2026,Sabun,pengeluaran carwash,Bahan Baku,,Rp85.000,SALDO CASH,Rp21.324.204,,,,,,
34aadee6,f164dc37,25-05-2026,Silikon oil,pengeluaran carwash,Bahan Baku,,Rp80.000,SALDO CASH,Rp21.244.204,,,,,,
704a5465,,25-05-2026,Pembayaran ke bang awal,pengeluaran,Lainnya,,Rp5.000.000,SALDO REKENING Y,Rp16.244.204,,,,,,
e41e65a2,5ca1c1e4,25-05-2026,Bg raka,Pengeluaran,Lainnya,,Rp10.000,SALDO CASH,Rp16.234.204,,,,,,
3b2ce4be,77628d33,25-05-2026,Faisal,casbon,Casbon,,Rp20.000,SALDO CASH,Rp16.214.204,,,,,,
6c8ee15e,de6d7de8,25-05-2026,Ongkir biji kopi,pengeluaran cafe,Operasional,,Rp19.000,SALDO CASH,Rp16.195.204,,,,,,
68660b3c,b571c9a1,25-05-2026,Angga,casbon,Casbon,,Rp150.000,SALDO CASH,Rp16.045.204,,,,,,
377c7f67,664a8b84,25-05-2026,Vicky,casbon,Casbon,,Rp100.000,SALDO CASH,Rp15.945.204,,,,,,
1cf6954a,,25-05-2026,omset cash carwash,pemasukan carwash,Pemasukan,Rp1.010.000,,SALDO CASH,Rp16.955.204,,,,,,
fb1e0a73,,25-05-2026,omset qris carwash,pemasukan carwash,Pemasukan,Rp335.000,,SALDO REKENING Y,Rp17.290.204,,,,,,
ca959b0e,,25-05-2026,omset cash cafe,pemasukan cafe,Pemasukan,Rp70.000,,SALDO CASH,Rp17.360.204,,,,,,
6d0c0a22,,25-05-2026,omset qris cafe,pemasukan cafe,Pemasukan,Rp57.000,,SALDO REKENING Y,Rp17.417.204,,,,,,
ed59894e,,25-05-2026,Rahman,casbon,Casbon,,Rp100.000,SALDO CASH,Rp17.317.204,,,,,,
bb682e48,,25-05-2026,,pengeluaran carwash,,,Rp310.262,SALDO REKENING N,Rp17.006.942,,,,,,
1bd1ab56,,26-05-2026,,,,,,,Rp17.006.942,,,,,,
4bc2acbf,,26-05-2026,Belanja Biji Kopi,pengeluaran cafe,Bahan Baku,,Rp205.000,SALDO REKENING N,Rp16.801.942,TRUE,BK-01,1000,,,
a8644ade,62cbb0ae,26-05-2026,Es batu,pengeluaran cafe,Bahan Baku,,Rp5.000,SALDO CASH,Rp16.796.942,,,,,,
0518cd65,,26-05-2026,Token listrik,pengeluaran cafe,Operasional,,Rp204.500,SALDO CASH,Rp16.592.442,,,,,,
96849360,,26-05-2026,Minyak kereta raka,pengeluaran,Operasional,,Rp38.000,SALDO CASH,Rp16.554.442,,,,,,
2b62b1ef,01a0bb56,26-05-2026,Bagus,casbon,Casbon,,Rp100.000,SALDO CASH,Rp16.454.442,,,,,,
9825fdf6,ae3f07e2,26-05-2026,Nopal,casbon,Casbon,,Rp50.000,SALDO CASH,Rp16.404.442,,,,,,
f5175a5a,42446d9e,26-05-2026,Ferri,casbon,Casbon,,Rp100.000,SALDO CASH,Rp16.304.442,,,,,,
7ff6bd28,c3688f5a,26-05-2026,Safa,casbon,Casbon,,Rp200.000,SALDO CASH,Rp16.104.442,,,,,,
255a7b37,,26-05-2026,omset cash carwash,pemasukan carwash,Pemasukan,Rp1.355.000,,SALDO CASH,Rp17.459.442,,,,,,
5f8a59dd,,26-05-2026,omset qris carwash,pemasukan carwash,Pemasukan,Rp425.000,,SALDO REKENING Y,Rp17.884.442,,,,,,
ae097e25,,26-05-2026,omset cash cafe,pemasukan cafe,Pemasukan,Rp75.000,,SALDO CASH,Rp17.959.442,,,,,,
a9d0de24,,26-05-2026,omset qris cafe,pemasukan cafe,Pemasukan,Rp15.000,,SALDO REKENING Y,Rp17.974.442,,,,,,
21b2583c,,26-05-2026,pindah,pindah,Pindah,Rp3.050.000,,SALDO REKENING N,Rp21.024.442,,,,,,
3b7ceeeb,,26-05-2026,pindah,pindah,Pindah,,Rp3.050.000,SALDO CASH,Rp17.974.442,,,,,,
1d5f069f,c108a23a,29-05-2026,Es batu,pengeluaran cafe,Bahan Baku,,Rp5.000,SALDO CASH,Rp17.969.442,,,,,,
e9e9897f,59f65705,29-05-2026,Belanja Gula Putih,pengeluaran cafe,Bahan Baku,,Rp18.500,SALDO CASH,Rp17.950.942,,,,,,
c92df4ec,97094ac0,29-05-2026,Angga,casbon,Casbon,,Rp50.000,SALDO CASH,Rp17.900.942,,,,,,
c25aaf90,,29-05-2026,Raka,casbon,Casbon,,Rp300.000,SALDO CASH,Rp17.600.942,,,,,,
5abef32d,208eaff9,29-05-2026,Minyak,Pengeluaran cafe,Lainnya,,Rp21.000,SALDO CASH,Rp17.579.942,,,,,,
9a257d2f,0bc5fe36,29-05-2026,Kopi om igoy,Pengeluaran,Bahan Baku,,Rp19.000,SALDO CASH,Rp17.560.942,,,,,,
89107178,,29-05-2026,omset cash carwash,pemasukan carwash,Pemasukan,Rp660.000,,SALDO CASH,Rp18.220.942,,,,,,
ad554f6d,,29-05-2026,omset qris carwash,pemasukan carwash,Pemasukan,Rp380.000,,SALDO REKENING Y,Rp18.600.942,,,,,,
331d27f8,,29-05-2026,omset cash cafe,pemasukan cafe,Pemasukan,Rp73.000,,SALDO CASH,Rp18.673.942,,,,,,
7a61931b,,29-05-2026,omset qris cafe,pemasukan cafe,Pemasukan,Rp55.000,,SALDO REKENING Y,Rp18.728.942,,,,,,
cf9662fd,,29-05-2026,Belanja Biji Kopi,pengeluaran cafe,Bahan Baku,,Rp205.000,SALDO REKENING N,Rp18.523.942,TRUE,BK-01,1000,,,
1bd3a080,bce0c945,30-05-2026,Es batu,Pengeluaran cafe,Bahan Baku,,Rp10.000,SALDO CASH,Rp18.513.942,,,,,,
ff2ba5d9,269bd880,30-05-2026,Sedotan,Pengeluaran cafe,Barang,,Rp30.000,SALDO CASH,Rp18.483.942,,,,,,
cff0389f,57745438,30-05-2026,Paku,Pengeluaran,Barang,,Rp5.000,SALDO CASH,Rp18.478.942,,,,,,
7c055437,f2ba9f63,30-05-2026,Bagus,casbon,Casbon,,Rp70.000,SALDO CASH,Rp18.408.942,,,,,,
8bae6f17,22d9cca0,30-05-2026,Sapu,Pengeluaran,Operasional,,Rp15.000,SALDO CASH,Rp18.393.942,,,,,,
70725742,5d9e4580,30-05-2026,Minyak wak udin,Pengeluaran,Lainnya,,Rp10.000,SALDO CASH,Rp18.383.942,,,,,,
3af5ceed,a1c41aba,30-05-2026,Lebih qris,pengeluaran,Lainnya,,Rp5.000,SALDO CASH,Rp18.378.942,,,,,,
1779e29e,8a417fa1,30-05-2026,NOPAL,casbon,Casbon,,Rp50.000,SALDO CASH,Rp18.328.942,,,,,,
880b30d5,39a7957b,30-05-2026,Tisu,Pengeluaran Carwash,Lainnya,,Rp260.000,SALDO CASH,Rp18.068.942,,,,,,
f5835554,,30-05-2026,omset cash carwash,pemasukan carwash,Pemasukan,Rp1.925.000,,SALDO CASH,Rp19.993.942,,,,,,
ed6520a8,,30-05-2026,omset qris carwash,pemasukan carwash,Pemasukan,Rp605.000,,SALDO REKENING Y,Rp20.598.942,,,,,,
094eb8b1,,30-05-2026,omset cash cafe,pemasukan cafe,Pemasukan,Rp139.000,,SALDO CASH,Rp20.737.942,,,,,,
949080f8,,30-05-2026,omset qris cafe,pemasukan cafe,Pemasukan,Rp28.000,,SALDO REKENING Y,Rp20.765.942,,,,,,
4457adbb,,30-05-2026,Token cafe,pengeluaran,Operasional,,Rp504.500,SALDO CASH,Rp20.261.442,,,,,,
4500cc63,,30-05-2026,Jamur kaca,pengeluaran carwash,Bahan Baku,,Rp58.000,SALDO REKENING N,Rp20.203.442,,,,,,
544b40a5,,31-05-2026,Ferry,casbon,Casbon,,Rp50.000,SALDO CASH,Rp20.153.442,,,,,,
22ed2341,6f6a9c92,31-05-2026,Bg raka,casbon,Casbon,,Rp20.000,SALDO CASH,Rp20.133.442,,,,,,
6262b637,bbab3091,31-05-2026,Safa,casbon,Casbon,,Rp10.000,SALDO CASH,Rp20.123.442,,,,,,
99864ab4,c709c84c,31-05-2026,Lebih Qris,pengeluaran,Lainnya,,Rp25.000,SALDO CASH,Rp20.098.442,,,,,,
20f97cd6,aa61d07c,31-05-2026,Lebih qris,pengeluaran,Lainnya,,Rp20.000,SALDO CASH,Rp20.078.442,,,,,,
e850b5ea,ab2a76d8,31-05-2026,Colokan,pengeluaran,Barang,,Rp85.000,SALDO CASH,Rp19.993.442,,,,,,
69a86666,23391daf,31-05-2026,Kelebihan Qris,pengeluaran,Lainnya,,Rp25.000,SALDO CASH,Rp19.968.442,,,,,,
a99a0300,f171e308,31-05-2026,Angga,Casbon,Casbon,,Rp50.000,SALDO CASH,Rp19.918.442,,,,,,
f9fadf0a,,31-05-2026,omset cash carwash,pemasukan carwash,Pemasukan,Rp875.000,,SALDO CASH,Rp20.793.442,,,,,,
0f4630ff,,31-05-2026,omset qris carwash,pemasukan carwash,Pemasukan,Rp395.000,,SALDO REKENING Y,Rp21.188.442,,,,,,
e32e8c39,,31-05-2026,omset cash cafe,pemasukan cafe,Pemasukan,Rp75.000,,SALDO CASH,Rp21.263.442,,,,,,
7b51b450,,31-05-2026,omset qris cafe,pemasukan carwash,Pemasukan,Rp73.000,,SALDO REKENING Y,Rp21.336.442,,,,,,
76dcb9bc,,31-05-2026,gaji karyawan cuci,pengeluaran carwash,Karyawan,,Rp6.673.000,SALDO REKENING N,Rp14.663.442,,,,,,
001b3850,,31-05-2026,Pecah,pengeluaran,pengeluaran,,Rp3.271.000,SALDO CASH,Rp11.392.442,,,,,,
12b37696,,31-05-2026,pecah,pengeluaran,pengeluaran,,Rp7.628.442,SALDO REKENING N,Rp3.764.000,,,,,,
0f15f474,,31-05-2026,Pecah,pengeluaran,pengeluaran,,Rp3.764.000,SALDO REKENING Y,Rp0,,,,,,
4a5ca844,234d2374,01-06-2026,Belanja SKM,Pengeluaran Cafe,Bahan Baku,,Rp45.000,SALDO CASH,-Rp45.000,,,,,,
67bcae9d,467ea840,01-06-2026,Galon,Pengeluaran Cafe,Operasional,,Rp30.000,SALDO CASH,-Rp75.000,,,,,,
fe3a2fc8,4dcf0164,01-06-2026,Belanja Teh,Pengeluaran Cafe,Bahan Baku,,Rp20.000,SALDO CASH,-Rp95.000,,,,,,
ffb7327b,c8915e37,01-06-2026,Safa,Casbon,Casbon,,Rp5.000,SALDO CASH,-Rp100.000,,,,,,
f1772022,addc2893,01-06-2026,Print,pengeluaran,Operasional,,Rp1.000,SALDO CASH,-Rp101.000,,,,,,
e9c22d7b,610268aa,01-06-2026,Bagus,Casbon,Casbon,,Rp100.000,SALDO CASH,-Rp201.000,,,,,,
1390e24a,9abbe5d3,01-06-2026,"Selada, timun",Pengeluaran Cafe,Bahan Baku,,Rp12.000,SALDO CASH,-Rp213.000,,,,,,
5eb94992,7006d090,01-06-2026,Sterofom,Pengeluaran Cafe,Barang,,Rp8.000,SALDO CASH,-Rp221.000,,,,,,
c1060b92,,01-06-2026,omset cash carwash,pemasukan carwash,pemasukan,Rp2.145.000,,SALDO CASH,Rp1.924.000,,,,,,
1798c0f0,,01-06-2026,omset qris carwash,pemasukan carwash,pemasukan,Rp535.000,,SALDO REKENING Y,Rp2.459.000,,,,,,
7e57f2e9,,01-06-2026,omset cash cafe,pemasukan cafe,pemasukan,Rp203.000,,SALDO CASH,Rp2.662.000,,,,,,
ea80b125,,01-06-2026,omset qris cafe,pemasukan carwash,pemasukan,Rp57.000,,SALDO REKENING Y,Rp2.719.000,,,,,,
2cbade12,,01-06-2026,Tenant burger,pemasukan lainnya,pemasukan,,,SALDO CASH,Rp2.719.000,,,,,,
7907ac1c,cd412595,02-06-2026,Es batu,Pengeluaran Cafe,Operasional,,Rp10.000,SALDO CASH,Rp2.709.000,,,,,,
d3f7e813,28907673,02-06-2026,Belanja Badak,Pengeluaran Cafe,Bahan Baku,,Rp135.000,SALDO CASH,Rp2.574.000,,,,,,
23983a1e,e22ed25a,02-06-2026,Belanja Le Mineral,Pengeluaran Cafe,Bahan Baku,,Rp48.000,SALDO CASH,Rp2.526.000,,,,,,
83a10b68,b483c000,02-06-2026,Sabun,Pengeluaran Carwash,Bahan Baku,,Rp85.000,SALDO CASH,Rp2.441.000,,,,,,
17574175,d2bd839c,02-06-2026,Eza,Casbon,Casbon,,Rp50.000,SALDO CASH,Rp2.391.000,,,,,,
ef62da0b,,02-06-2026,omset cash carwash,pemasukan carwash,pemasukan,Rp600.000,,SALDO CASH,Rp2.991.000,,,,,,
7620db79,,02-06-2026,omset qris carwash,pemasukan carwash,pemasukan,Rp220.000,,SALDO REKENING Y,Rp3.211.000,,,,,,
11526f92,,02-06-2026,omset cash cafe,pemasukan cafe,pemasukan,Rp141.000,,SALDO CASH,Rp3.352.000,,,,,,
2463f53f,,02-06-2026,omset qris cafe,pemasukan carwash,pemasukan,Rp5.000,,SALDO REKENING Y,Rp3.357.000,,,,,,
0598d395,,02-06-2026,Cash - Rekening N,pindah,Pindah,Rp3.500.000,,SALDO REKENING N,Rp6.857.000,,,,,,
b5427026,,02-06-2026,Cash - Rekening N,pindah,Pindah,,Rp3.500.000,SALDO CASH,Rp3.357.000,,,,,,
56360729,,02-06-2026,Belanja Biji Kopi,pengeluaran cafe,Bahan Baku,,Rp600.000,SALDO REKENING N,Rp2.757.000,TRUE,BK-01,3000,,,
772ec69c,47cb0dd8,03-06-2026,Sunlight,Pengeluaran,Operasional,,Rp10.000,SALDO CASH,Rp2.747.000,,,,,,
60b1aa6f,17f7e64c,03-06-2026,Ferry,Casbon,casbon,,Rp200.000,SALDO CASH,Rp2.547.000,,,,,,
4888c2c6,,03-06-2026,omset cash carwash,pemasukan carwash,pemasukan,Rp665.000,,SALDO CASH,Rp3.212.000,,,,,,
904e608c,,03-06-2026,omset qris carwash,pemasukan carwash,pemasukan,Rp280.000,,SALDO REKENING Y,Rp3.492.000,,,,,,
f5ec7c11,,03-06-2026,omset cash cafe,pemasukan cafe,pemasukan,Rp45.000,,SALDO CASH,Rp3.537.000,,,,,,
9552805f,,03-06-2026,omset qris cafe,pemasukan carwash,pemasukan,Rp30.000,,SALDO REKENING Y,Rp3.567.000,,,,,,
2763f147,ae50b809,04-06-2026,Es batu,Pengeluaran Cafe,Operasional,,Rp10.000,SALDO CASH,Rp3.557.000,,,,,,
9f9e9eef,088b1994,04-06-2026,Cabe merah,Pengeluaran Cafe,Bahan Baku,,Rp10.000,SALDO CASH,Rp3.547.000,,,,,,
739c18b4,7f61ea46,04-06-2026,Caplak,Pengeluaran Cafe,Bahan Baku,,Rp12.000,SALDO CASH,Rp3.535.000,,,,,,
767857ff,3e800fbf,04-06-2026,Rawit,Pengeluaran Cafe,Bahan Baku,,Rp11.000,SALDO CASH,Rp3.524.000,,,,,,
2ee2d098,f9204cc7,04-06-2026,Timun,Pengeluaran Cafe,Bahan Baku,,Rp6.000,SALDO CASH,Rp3.518.000,,,,,,
930990b9,7010fa10,04-06-2026,Tomat,Pengeluaran Cafe,Bahan Baku,,Rp9.000,SALDO CASH,Rp3.509.000,,,,,,
0291cc2b,99482ff2,04-06-2026,Belanja Indomie Kuah,Pengeluaran Cafe,Bahan Baku,,Rp20.000,SALDO CASH,Rp3.489.000,,,,,,
58b0e244,4785d0bc,04-06-2026,Belanja Telur satu papan (30 btr),Pengeluaran Cafe,Bahan Baku,,Rp53.000,SALDO CASH,Rp3.436.000,,,,,,
f08f80f1,6147c6b1,04-06-2026,Safa,Casbon,Casbon,,Rp30.000,SALDO CASH,Rp3.406.000,,,,,,
31b99c4f,cae7abe2,04-06-2026,Belanja Biji Kopi ( ongkir ),Pengeluaran Cafe,Bahan Baku,,Rp20.000,SALDO CASH,Rp3.386.000,,,,,,
2d9b8b4a,3205f95f,04-06-2026,EZA,Casbon,Casbon,,Rp20.000,SALDO CASH,Rp3.366.000,,,,,,
91c4c45b,b77dd669,04-06-2026,Bayar kereta wak udin,Pengeluaran,Operasional,,Rp75.000,SALDO CASH,Rp3.291.000,,,,,,
acb635f7,07433abf,04-06-2026,Upah angga,Pengeluaran,Operasional,,Rp50.000,SALDO CASH,Rp3.241.000,,,,,,
e8d7c2f8,,04-06-2026,omset cash carwash,pemasukan carwash,pemasukan,Rp685.000,,SALDO CASH,Rp3.926.000,,,,,,
833dc686,,04-06-2026,omset qris carwash,pemasukan carwash,pemasukan,Rp170.000,,SALDO REKENING Y,Rp4.096.000,,,,,,
79278cca,,04-06-2026,omset cash cafe,pemasukan cafe,pemasukan,Rp48.000,,SALDO CASH,Rp4.144.000,,,,,,
4f1ff675,,04-06-2026,omset qris cafe,pemasukan carwash,pemasukan,Rp0,,SALDO REKENING Y,Rp4.144.000,,,,,,
313eba1d,43fbb8be,05-06-2026,Belanja Ayam (JANGAN DIHAPUS),pengeluaran Cafe,Bahan Baku,,,SALDO CASH,Rp4.144.000,,,,,,
b7e6d1eb,f7314016,05-06-2026,Belanja Minyak Goreng (JANGAN DIHAPUS),pengeluaran Cafe,Bahan Baku,,,SALDO CASH,Rp4.144.000,,,,,,
ea432db5,5b512980,05-06-2026,Beli cup,pengeluaran Cafe,Operasional,,Rp20.000,SALDO CASH,Rp4.124.000,,,,,,
f594fdee,1b0cbdd6,05-06-2026,Lebih qris,Pengeluaran,Operasional,,Rp10.000,SALDO CASH,Rp4.114.000,,,,,,
ddd7d9c6,72b9d841,05-06-2026,Belanja Gula Putih,pengeluaran Cafe,Bahan Baku,,Rp19.000,SALDO CASH,Rp4.095.000,,,,,,
391d9a83,,05-06-2026,omset cash carwash,pemasukan carwash,pemasukan,Rp755.000,,SALDO CASH,Rp4.850.000,,,,,,
b7a2ce1e,,05-06-2026,omset qris carwash,pemasukan carwash,pemasukan,Rp215.000,,SALDO REKENING Y,Rp5.065.000,,,,,,
5d287d1f,,05-06-2026,omset cash cafe,pemasukan cafe,pemasukan,Rp116.000,,SALDO CASH,Rp5.181.000,,,,,,
73ce62bd,,05-06-2026,omset qris cafe,pemasukan carwash,pemasukan,Rp38.000,,SALDO REKENING Y,Rp5.219.000,,,,,,
86e31ed0,,05-06-2026,Angga,casbon,casbon,,Rp600.000,SALDO CASH,Rp4.619.000,,,,,,
c641f260,576c56d9,06-06-2026,Minyak raka,Pengeluaran,Operasional,,Rp13.000,SALDO CASH,Rp4.606.000,,,,,,
19ab12bb,600bb512,06-06-2026,Bagus,Casbon,Casbon,,Rp50.000,SALDO CASH,Rp4.556.000,,,,,,
4a0fbffb,bd2c76f0,06-06-2026,NOPAL,Casbon,Casbon,,Rp50.000,SALDO CASH,Rp4.506.000,,,,,,
8c2c15de,,06-06-2026,omset cash carwash,pemasukan carwash,pemasukan,Rp785.000,,SALDO CASH,Rp5.291.000,,,,,,
4501205d,,06-06-2026,omset qris carwash,pemasukan carwash,pemasukan,Rp450.000,,SALDO REKENING Y,Rp5.741.000,,,,,,
f55267f3,,06-06-2026,omset cash cafe,pemasukan cafe,pemasukan,Rp115.000,,SALDO CASH,Rp5.856.000,,,,,,
ca4e1e7c,,06-06-2026,omset qris cafe,pemasukan carwash,pemasukan,Rp20.000,,SALDO REKENING Y,Rp5.876.000,,,,,,
43a62cc5,,06-06-2026,Belanja bahan makanan (pribadi),pengeluaran,pengeluaran,,Rp88.000,SALDO CASH,Rp5.788.000,,,,,,
91aec525,018d9044,07-06-2026,Es batu,pengeluaran Cafe,Operasional,,Rp10.000,SALDO CASH,Rp5.778.000,,,,,,
9e80258d,af51ee82,07-06-2026,Belanja SKM,pengeluaran Cafe,Bahan Baku,,Rp61.000,SALDO CASH,Rp5.717.000,,,,,,
df299160,0447786c,07-06-2026,EZA,Casbon,Casbon,,Rp20.000,SALDO CASH,Rp5.697.000,,,,,,
957753de,,07-06-2026,Eza,pengeluaran,pengeluaran,,Rp250.000,SALDO CASH,Rp5.447.000,,,,,,
515d34f2,,07-06-2026,omset cash carwash,pemasukan carwash,pemasukan,Rp1.560.000,,SALDO CASH,Rp7.007.000,,,,,,
8fc03300,,07-06-2026,omset qris carwash,pemasukan carwash,pemasukan,Rp520.000,,SALDO REKENING Y,Rp7.527.000,,,,,,
968081cf,,07-06-2026,omset cash cafe,pemasukan cafe,pemasukan,Rp87.000,,SALDO CASH,Rp7.614.000,,,,,,
d067355d,,07-06-2026,omset qris cafe,pemasukan carwash,pemasukan,Rp44.000,,SALDO REKENING Y,Rp7.658.000,,,,,,
a35898f8,62cac119,08-06-2026,Safa,Casbon,Casbon,,Rp70.000,SALDO CASH,Rp7.588.000,,,,,,
856f206d,,08-06-2026,Pembelian Stp,pengeluaran carwash,operasional,,Rp342.489,SALDO REKENING N,Rp7.245.511,,,,,,
15c51996,5204b69f,08-06-2026,NOPAL,Casbon,Casbon,,Rp50.000,SALDO CASH,Rp7.195.511,,,,,,
c164b9a7,,08-06-2026,Pembayaran ke bang awal mingguan,pengeluaran,pengeluaran,,Rp2.500.000,SALDO REKENING N,Rp4.695.511,,,,,,
102bb621,,08-06-2026,omset cash carwash,pemasukan carwash,pemasukan,Rp515.000,,SALDO CASH,Rp5.210.511,,,,,,
ebc1b673,,08-06-2026,omset qris carwash,pemasukan carwash,pemasukan,Rp115.000,,SALDO REKENING Y,Rp5.325.511,,,,,,
ad85a33b,,08-06-2026,omset cash cafe,pemasukan cafe,pemasukan,Rp35.000,,SALDO CASH,Rp5.360.511,,,,,,
3a9e1902,,08-06-2026,omset qris cafe,pemasukan carwash,pemasukan,Rp5.000,,SALDO REKENING Y,Rp5.365.511,,,,,,
0ac675de,,08-06-2026,pendapatan paket 1-8 Juni,pemasukan carwash,pemasukan,Rp520.000,,SALDO CASH,Rp5.885.511,,,,,,
0a42548b,7d96eaf1,09-06-2026,Esbatu,pengeluaran Carwash,Operasional,,Rp10.000,SALDO CASH,Rp5.875.511,,,,,,
b0b7d4ba,3f8fbd7f,09-06-2026,Galon,pengeluaran Cafe,Operasional,,Rp30.000,SALDO CASH,Rp5.845.511,,,,,,
e898ff5d,57f41b7c,09-06-2026,Lebih qris,Pengeluaran,Operasional,,Rp25.000,SALDO CASH,Rp5.820.511,,,,,,
5579d023,,09-06-2026,omset cash carwash,pemasukan carwash,pemasukan,Rp845.000,,SALDO CASH,Rp6.665.511,,,,,,
8c8a5243,,09-06-2026,omset qris carwash,pemasukan carwash,pemasukan,Rp335.000,,SALDO REKENING Y,Rp7.000.511,,,,,,
35ad806f,,09-06-2026,omset cash cafe,pemasukan cafe,pemasukan,Rp56.000,,SALDO CASH,Rp7.056.511,,,,,,
9ff38943,,09-06-2026,omset qris cafe,pemasukan carwash,pemasukan,Rp12.000,,SALDO REKENING Y,Rp7.068.511,,,,,,
370209df,,09-06-2026,Cash - Rekening N,pindah,Pindah,Rp2.950.000,,SALDO REKENING N,Rp10.018.511,,,,,,
fb30764a,,09-06-2026,Cash - Rekening N,pindah,Pindah,,Rp2.950.000,SALDO CASH,Rp7.068.511,,,,,,
b481003f,,10-06-2026,Ferry,casbon,casbon,,Rp50.000,SALDO CASH,Rp7.018.511,,,,,,
a8b51476,c10dfd41,10-06-2026,Foto copy kertas antrian,pengeluaran Carwash,Operasional,,Rp5.000,SALDO CASH,Rp7.013.511,,,,,,
57f63086,e7aa4f84,10-06-2026,Belanja Teh,pengeluaran Cafe,Bahan Baku,,Rp20.000,SALDO CASH,Rp6.993.511,,,,,,
0df79f2b,9babd339,10-06-2026,Bagus,Casbon,Casbon,,Rp98.000,SALDO CASH,Rp6.895.511,,,,,,
f71f8ce0,31786ae5,10-06-2026,Nopal,Casbon,Casbon,,Rp50.000,SALDO CASH,Rp6.845.511,,,,,,
bbcfa23f,,10-06-2026,Listrik cafe,pengeluaran cafe,operasional,,Rp503.000,SALDO REKENING N,Rp6.342.511,,,,,,
8bed1238,,10-06-2026,Listrik Carwash,pengeluaran carwash,operasional,,Rp503.000,SALDO REKENING N,Rp5.839.511,,,,,,
4425a0e2,,10-06-2026,omset cash carwash,pemasukan carwash,pemasukan,Rp525.000,,SALDO CASH,Rp6.364.511,,,,,,
3af31afe,,10-06-2026,omset qris carwash,pemasukan carwash,pemasukan,Rp110.000,,SALDO REKENING Y,Rp6.474.511,,,,,,
174ef429,,10-06-2026,omset cash cafe,pemasukan cafe,pemasukan,Rp31.000,,SALDO CASH,Rp6.505.511,,,,,,
647e5d8e,,10-06-2026,omset qris cafe,pemasukan carwash,pemasukan,Rp22.000,,SALDO REKENING Y,Rp6.527.511,,,,,,
c752356f,,10-06-2026,Minyak raka,pengeluaran,pengeluaran,,Rp35.000,SALDO CASH,Rp6.492.511,,,,,,
e1e09e9a,eff58be9,11-06-2026,Gass,pengeluaran Cafe,Barang,,Rp40.000,SALDO CASH,Rp6.452.511,,,,,,
7e7ac5b3,d3155884,11-06-2026,Belanja Indomie Goreng,pengeluaran Cafe,Bahan Baku,,Rp20.000,SALDO CASH,Rp6.432.511,,,,,,
ab688bca,9d6b9b66,11-06-2026,Timun,pengeluaran Cafe,Bahan Baku,,Rp3.000,SALDO CASH,Rp6.429.511,,,,,,
9755ebe4,2f504b61,11-06-2026,Stella,Pengeluaran,Operasional,,Rp30.000,SALDO CASH,Rp6.399.511,,,,,,
83b74944,fe3398aa,11-06-2026,Lebih qris,pengeluaran Carwash,Operasional,,Rp16.000,SALDO CASH,Rp6.383.511,,,,,,
6fa5a539,d9115015,11-06-2026,Eza,Casbon,Casbon,,Rp40.000,SALDO CASH,Rp6.343.511,,,,,,
a1696527,686fb60a,11-06-2026,Eza,Casbon,Casbon,,Rp10.000,SALDO CASH,Rp6.333.511,,,,,,
db64fcb4,,11-06-2026,Sisa gaji safa,pengeluaran,pengeluaran,,Rp200.000,SALDO CASH,Rp6.133.511,,,,,,
adfc9b33,,11-06-2026,omset cash carwash,pemasukan carwash,pemasukan,Rp1.255.000,,SALDO CASH,Rp7.388.511,,,,,,
44eddbbb,,11-06-2026,omset qris carwash,pemasukan carwash,pemasukan,Rp170.000,,SALDO REKENING Y,Rp7.558.511,,,,,,
b93d9334,,11-06-2026,omset cash cafe,pemasukan cafe,pemasukan,Rp16.000,,SALDO CASH,Rp7.574.511,,,,,,
cf19b487,,11-06-2026,omset qris cafe,pemasukan carwash,pemasukan,Rp74.000,,SALDO REKENING Y,Rp7.648.511,,,,,,
afe3d931,c3367b88,12-06-2026,Sikat,pengeluaran Carwash,Operasional,,Rp30.000,SALDO CASH,Rp7.618.511,,,,,,
739896fe,046883df,12-06-2026,Faisal,Casbon,Casbon,,Rp50.000,SALDO CASH,Rp7.568.511,,,,,,
2c3e77de,,12-06-2026,omset cash carwash,pemasukan carwash,pemasukan,Rp570.000,,SALDO CASH,Rp8.138.511,,,,,,
f223b5cb,,12-06-2026,omset qris carwash,pemasukan carwash,pemasukan,Rp115.000,,SALDO REKENING Y,Rp8.253.511,,,,,,
14c9abcb,,12-06-2026,omset cash cafe,pemasukan cafe,pemasukan,Rp0,,SALDO CASH,Rp8.253.511,,,,,,
86cfd4f7,,12-06-2026,omset qris cafe,pemasukan carwash,pemasukan,Rp30.000,,SALDO REKENING Y,Rp8.283.511,,,,,,
e2ee03fd,37b88674,13-06-2026,Esbatu,pengeluaran Cafe,Bahan Baku,,Rp10.000,SALDO CASH,Rp8.273.511,,,,,,
3679bc8e,21cc5051,13-06-2026,Belanja Minyak Goreng,pengeluaran Cafe,Bahan Baku,,Rp20.000,SALDO CASH,Rp8.253.511,,,,,,
1ed3c2ac,bc2a274f,13-06-2026,Timun,Pengeluaran,Operasional,,Rp8.000,SALDO CASH,Rp8.245.511,,,,,,
27215449,e45fee45,13-06-2026,Kecap bangao,Pengeluaran,Operasional,,Rp20.000,SALDO CASH,Rp8.225.511,,,,,,
8a5ae029,16a4ee76,13-06-2026,Lebih qris,Pengeluaran,Operasional,,Rp10.000,SALDO CASH,Rp8.215.511,,,,,,
943e14c9,4b4f4b7f,13-06-2026,Ongkos kopi,Pengeluaran,Operasional,,Rp19.000,SALDO CASH,Rp8.196.511,,,,,,
daf3449f,ff12454c,13-06-2026,Ongkir bg yazid,Pengeluaran,Operasional,,Rp23.000,SALDO CASH,Rp8.173.511,,,,,,
f62803e7,f91788e9,13-06-2026,Belanja Sosis,pengeluaran Cafe,Bahan Baku,,Rp41.500,SALDO CASH,Rp8.132.011,,,,,,
728503cf,f63206e1,13-06-2026,Saos,pengeluaran Cafe,Bahan Baku,,Rp17.000,SALDO CASH,Rp8.115.011,,,,,,
ff04f725,499fda01,13-06-2026,VICKY,Casbon,Casbon,,Rp100.000,SALDO CASH,Rp8.015.011,,,,,,
109f360b,,13-06-2026,omset cash carwash,pemasukan carwash,pemasukan,Rp1.235.000,,SALDO CASH,Rp9.250.011,,,,,,
a3256322,,13-06-2026,omset qris carwash,pemasukan carwash,pemasukan,Rp880.000,,SALDO REKENING Y,Rp10.130.011,,,,,,
5bd1ace8,,13-06-2026,omset cash cafe,pemasukan cafe,pemasukan,Rp121.000,,SALDO CASH,Rp10.251.011,,,,,,
76f71ea1,,13-06-2026,omset qris cafe,pemasukan carwash,pemasukan,Rp63.000,,SALDO REKENING Y,Rp10.314.011,,,,,,
b30d9f72,,13-06-2026,Pembelian tabung sabun,pengeluaran carwash,Barang,,Rp1.050.000,SALDO REKENING N,Rp9.264.011,,,,,,
4d105aae,,13-06-2026,Pembelian jamur kaca 5 wax 1,pengeluaran carwash,Bahan Baku,,Rp204.080,SALDO REKENING N,Rp9.059.931,,,,,,
4fb61992,a18603bc,14-06-2026,Lebih qria,Pengeluaran,Operasional,,Rp10.000,SALDO CASH,Rp9.049.931,,,,,,
24356691,,14-06-2026,Roti + selai (konsumsi pribadi),pengeluaran,pengeluaran,,Rp27.000,SALDO CASH,Rp9.022.931,,,,,,
912cdd12,,14-06-2026,omset cash carwash,pemasukan carwash,pemasukan,Rp1.665.000,,SALDO CASH,Rp10.687.931,,,,,,
97daaa5c,,14-06-2026,omset qris carwash,pemasukan carwash,pemasukan,Rp675.000,,SALDO REKENING Y,Rp11.362.931,,,,,,
3518e04f,,14-06-2026,omset cash cafe,pemasukan cafe,pemasukan,Rp107.000,,SALDO CASH,Rp11.469.931,,,,,,
76eb3bee,,14-06-2026,omset qris cafe,pemasukan carwash,pemasukan,Rp26.000,,SALDO REKENING Y,Rp11.495.931,,,,,,
954934cb,,14-06-2026,Pembayaran ke bang awal mingguan,pengeluaran,pengeluaran,,Rp2.500.000,SALDO REKENING Y,Rp8.995.931,,,,,,
752eb358,780ea4af,15-06-2026,Lebih qris,Pengeluaran,Operasional,,Rp20.000,SALDO CASH,Rp8.975.931,,,,,,
b4056377,b9ef8798,15-06-2026,Beras,pengeluaran Cafe,Bahan Baku,,Rp160.000,SALDO CASH,Rp8.815.931,,,,,,
f37366c4,35d60ec7,15-06-2026,Bayar sampah,Pengeluaran,Operasional,,Rp50.000,SALDO CASH,Rp8.765.931,,,,,,
7825ca31,0f463719,15-06-2026,Kawat,Pengeluaran,Operasional,,Rp5.000,SALDO CASH,Rp8.760.931,,,,,,
d4fc05b9,2e7e2b37,15-06-2026,Pembersihan mesin air,pengeluaran Carwash,Operasional,,Rp110.000,SALDO CASH,Rp8.650.931,,,,,,
61085758,,15-06-2026,omset cash carwash,pemasukan carwash,pemasukan,Rp770.000,,SALDO CASH,Rp9.420.931,,,,,,
7d4421af,,15-06-2026,omset qris carwash,pemasukan carwash,pemasukan,Rp230.000,,SALDO REKENING Y,Rp9.650.931,,,,,,
4fc45014,,15-06-2026,omset cash cafe,pemasukan cafe,pemasukan,Rp55.000,,SALDO CASH,Rp9.705.931,,,,,,
762bf62e,,15-06-2026,omset qris cafe,pemasukan carwash,pemasukan,Rp0,,SALDO REKENING Y,Rp9.705.931,,,,,,
186b0adf,,15-06-2026,Perbaiki cctv,pengeluaran,pengeluaran,,Rp100.000,SALDO CASH,Rp9.605.931,,,,,,
90281f37,,15-06-2026,Gaji karyawan cuci,pengeluaran,Karyawan,,Rp5.550.000,SALDO CASH,Rp4.055.931,,,,,,
d2a0e79c,7085a478,16-06-2026,Es batu,pengeluaran Cafe,Bahan Baku,,Rp10.000,SALDO CASH,Rp4.045.931,,,,,,
38052b3a,1978901a,16-06-2026,Bagus,Casbon,Casbon,,Rp50.000,SALDO CASH,Rp3.995.931,,,,,,
6a61e1c5,2d245cb6,16-06-2026,Sunlight,Pengeluaran,Operasional,,Rp10.000,SALDO CASH,Rp3.985.931,,,,,,
9374e91f,64e9155b,16-06-2026,Slotip,Pengeluaran,Operasional,,Rp24.000,SALDO CASH,Rp3.961.931,,,,,,
3f90ed31,e3c88028,16-06-2026,Belanja Gula Putih,pengeluaran Cafe,Bahan Baku,,Rp19.000,SALDO CASH,Rp3.942.931,,,,,,
e8b71df2,,16-06-2026,Minyak raka,pengeluaran,pengeluaran,,Rp35.000,SALDO CASH,Rp3.907.931,,,,,,
5b4749a6,,16-06-2026,omset cash carwash,pemasukan carwash,pemasukan,Rp1.415.000,,SALDO CASH,Rp5.322.931,,,,,,
8af40b77,,16-06-2026,omset qris carwash,pemasukan carwash,pemasukan,Rp370.000,,SALDO REKENING Y,Rp5.692.931,,,,,,
515c9bc1,,16-06-2026,omset cash cafe,pemasukan cafe,pemasukan,Rp194.000,,SALDO CASH,Rp5.886.931,,,,,,
4b812571,,16-06-2026,omset qris cafe,pemasukan carwash,pemasukan,Rp27.000,,SALDO REKENING Y,Rp5.913.931,,,,,,
c2cd53d4,,17-06-2026,Tempe + tepung (konsumsi pribadi),pengeluaran,pengeluaran,,Rp16.000,SALDO CASH,Rp5.897.931,,,,,,
6666f47a,0f88e749,17-06-2026,Belanja SKM,pengeluaran Cafe,Bahan Baku,,Rp67.000,SALDO CASH,Rp5.830.931,,,,,,
3e4d8538,4cd136da,17-06-2026,Iebih qris,Pengeluaran,Operasional,,Rp5.000,SALDO CASH,Rp5.825.931,,,,,,
7ce9cb27,,17-06-2026,omset cash carwash,pemasukan carwash,pemasukan,Rp280.000,,SALDO CASH,Rp6.105.931,,,,,,
e69b00ff,,17-06-2026,omset qris carwash,pemasukan carwash,pemasukan,Rp0,,SALDO REKENING Y,Rp6.105.931,,,,,,
e435c2cc,,17-06-2026,omset cash cafe,pemasukan cafe,pemasukan,Rp13.000,,SALDO CASH,Rp6.118.931,,,,,,
34cc6bf8,,17-06-2026,omset qris cafe,pemasukan carwash,pemasukan,Rp0,,SALDO REKENING Y,Rp6.118.931,,,,,,
18028bee,7529e4b5,18-06-2026,Sabun,pengeluaran Carwash,Bahan Baku,,Rp85.000,SALDO CASH,Rp6.033.931,,,,,,
9f80e2f1,,18-06-2026,Spanduk + kotak tisu,pengeluaran,pengeluaran,,Rp900.000,SALDO CASH,Rp5.133.931,,,,,,
df2514ea,,18-06-2026,Belanja tempe (konsumsi pribadi),pengeluaran,pengeluaran,,Rp15.000,SALDO CASH,Rp5.118.931,,,,,,
622c0bf6,,18-06-2026,omset cash carwash,pemasukan carwash,pemasukan,Rp610.000,,SALDO CASH,Rp5.728.931,,,,,,
f14a658c,,18-06-2026,omset qris carwash,pemasukan carwash,pemasukan,Rp645.000,,SALDO REKENING Y,Rp6.373.931,,,,,,
4631dee5,,18-06-2026,omset cash cafe,pemasukan cafe,pemasukan,Rp22.000,,SALDO CASH,Rp6.395.931,,,,,,
0d0a5fe7,,18-06-2026,omset qris cafe,pemasukan carwash,pemasukan,Rp45.000,,SALDO REKENING Y,Rp6.440.931,,,,,,
215b4bc1,,18-06-2026,Stp 2,pengeluaran carwash,Bahan Baku,,Rp328.595,SALDO REKENING N,Rp6.112.336,,,,,,
e69651ce,,19-06-2026,Listrik cafe,pengeluaran cafe,operasional,,Rp503.500,SALDO REKENING N,Rp5.608.836,,,,,,
a296ad4c,,19-06-2026,omset cash carwash,pemasukan carwash,pemasukan,Rp780.000,,SALDO CASH,Rp6.388.836,,,,,,
ae77cf30,,19-06-2026,omset qris carwash,pemasukan carwash,pemasukan,Rp745.000,,SALDO REKENING Y,Rp7.133.836,,,,,,
368f7d2d,,19-06-2026,omset cash cafe,pemasukan cafe,pemasukan,Rp10.000,,SALDO CASH,Rp7.143.836,,,,,,
2b107b76,,19-06-2026,omset qris cafe,pemasukan carwash,pemasukan,Rp10.000,,SALDO REKENING Y,Rp7.153.836,,,,,,
0aebc47a,e445c529,20-06-2026,Bagus ambil paketan,Pengeluaran,Operasional,,Rp77.000,SALDO CASH,Rp7.076.836,,,,,,
2cf619fd,36872be9,20-06-2026,Es batu,pengeluaran Cafe,Operasional,,Rp10.000,SALDO CASH,Rp7.066.836,,,,,,
d0990cd5,50831054,20-06-2026,Oli,pengeluaran Carwash,Operasional,,Rp65.000,SALDO CASH,Rp7.001.836,,,,,,
ae0f21e4,015e6c3a,20-06-2026,Belanja Le Mineral,pengeluaran Cafe,Bahan Baku,,Rp48.000,SALDO CASH,Rp6.953.836,,,,,,
db5492af,70e4a318,20-06-2026,Galon,Pengeluaran,Operasional,,Rp30.000,SALDO CASH,Rp6.923.836,,,,,,
8395aa5f,260eeb7f,20-06-2026,Minyak wak udin,Pengeluaran,Operasional,,Rp10.000,SALDO CASH,Rp6.913.836,,,,,,
785c5421,31b7949e,20-06-2026,Saus,pengeluaran Cafe,Operasional,,Rp18.500,SALDO CASH,Rp6.895.336,,,,,,
a74b7d2c,8f5c9d3b,20-06-2026,Sajiku,Pengeluaran,Bahan Baku,,Rp2.500,SALDO CASH,Rp6.892.836,,,,,,
9bc13b12,,20-06-2026,omset cash carwash,pemasukan carwash,pemasukan,Rp1.170.000,,SALDO CASH,Rp8.062.836,,,,,,
bb3c10d8,,20-06-2026,omset qris carwash,pemasukan carwash,pemasukan,Rp745.000,,SALDO REKENING Y,Rp8.807.836,,,,,,
ce666633,,20-06-2026,omset cash cafe,pemasukan cafe,pemasukan,Rp107.000,,SALDO CASH,Rp8.914.836,,,,,,
4d0d58b4,,20-06-2026,omset qris cafe,pemasukan carwash,pemasukan,Rp80.000,,SALDO REKENING Y,Rp8.994.836,,,,,,
c22f8e7c,,20-06-2026,Ferry,casbon,casbon,,Rp150.000,SALDO CASH,Rp8.844.836,,,,,,
60cc2d77,67429b77,20-06-2026,Pindah SALDO CASH ke SALDO REKENING N,Pindah,Pindah,,Rp3.000.000,SALDO CASH,Rp5.844.836,,,,,,
91716a42,67429b77,20-06-2026,Pindah SALDO CASH ke SALDO REKENING N,Pindah,Pindah,Rp3.000.000,,SALDO REKENING N,Rp8.844.836,,,,,,
79f3c2de,fff3c0a1,21-06-2026,Kawat,Pengeluaran,Operasional,,Rp5.000,SALDO CASH,Rp8.839.836,,,,,,
e3d3f318,aca3245a,21-06-2026,Lebih qris,Pengeluaran,Operasional,,Rp15.000,SALDO CASH,Rp8.824.836,,,,,,
8f7a8333,,21-06-2026,Wifi,pengeluaran,operasional,,Rp275.000,SALDO REKENING N,Rp8.549.836,,,,,,
cdfcd4a2,,22-06-2026,Listrik carwash,pengeluaran Carwash,operasional,,Rp503.000,SALDO REKENING N,Rp8.046.836,,,,,,
887e5fe5,c4838ef9,22-06-2026,Esbatu,pengeluaran Cafe,Bahan Baku,,Rp10.000,SALDO CASH,Rp8.036.836,,,,,,
d6555016,708af91a,22-06-2026,Bumbu nasigoreng,pengeluaran Cafe,Bahan Baku,,Rp5.000,SALDO CASH,Rp8.031.836,,,,,,
f01293c4,78518ae7,22-06-2026,NOPAL,Casbon,Casbon,,Rp50.000,SALDO CASH,Rp7.981.836,,,,,,
b5b2dcbc,22659058,22-06-2026,Lebih qris,Pengeluaran,Operasional,,Rp10.000,SALDO CASH,Rp7.971.836,,,,,,
697746b6,f443b21b,22-06-2026,Sabun,pengeluaran Carwash,Barang,,Rp85.000,SALDO CASH,Rp7.886.836,,,,,,
a4c6dc3e,e8890426,22-06-2026,Sendok,pengeluaran Cafe,Barang,,Rp33.000,SALDO CASH,Rp7.853.836,,,,,,
032a5cde,41f33e16,22-06-2026,Belanja Minyak Goreng,pengeluaran Cafe,Bahan Baku,,Rp20.000,SALDO CASH,Rp7.833.836,,,,,,
6986569f,31f18a79,22-06-2026,Ambil uang paketan,Pengeluaran,Operasional,,Rp75.000,SALDO CASH,Rp7.758.836,,,,,,
ea1ddaa6,,22-06-2026,Pembayaran Ke Bang Awal Mingguan,pengeluaran,pengeluaran,,Rp2.500.000,SALDO REKENING Y,Rp5.258.836,,,,,,
28f0cf79,92b7dbbc,22-06-2026,Puding,Pengeluaran,Operasional,,Rp125.000,SALDO CASH,Rp5.133.836,,,,,,
0e71dfef,,21-06-2026,omset cash carwash,pemasukan carwash,pemasukan,Rp1.615.000,,SALDO CASH,Rp6.748.836,,,,,,
bccd15b2,,21-06-2026,omset qris carwash,pemasukan carwash,pemasukan,Rp780.000,,SALDO REKENING Y,Rp7.528.836,,,,,,
32ee21ac,,21-06-2026,omset cash cafe,pemasukan cafe,pemasukan,Rp162.000,,SALDO CASH,Rp7.690.836,,,,,,
c61411c1,,21-06-2026,omset qris cafe,pemasukan carwash,pemasukan,Rp82.000,,SALDO REKENING Y,Rp7.772.836,,,,,,
feb0853a,,22-06-2026,omset cash carwash,pemasukan carwash,pemasukan,Rp960.000,,SALDO CASH,Rp8.732.836,,,,,,
7b69e78d,,22-06-2026,omset qris carwash,pemasukan carwash,pemasukan,Rp485.000,,SALDO REKENING Y,Rp9.217.836,,,,,,
0abf5493,,22-06-2026,omset cash cafe,pemasukan cafe,pemasukan,Rp179.000,,SALDO CASH,Rp9.396.836,,,,,,
3d9dadcc,,22-06-2026,omset qris cafe,pemasukan carwash,pemasukan,Rp28.000,,SALDO REKENING Y,Rp9.424.836,,,,,,
9462cb95,,23-06-2026,Eza,casbon,casbon,,Rp80.000,SALDO CASH,Rp9.344.836,,,,,,
beaef2d3,b9a0cf14,23-06-2026,Es batu,pengeluaran Cafe,Bahan Baku,,Rp10.000,SALDO CASH,Rp9.334.836,,,,,,
fc7488aa,4705ec0c,23-06-2026,Belanja Gula Putih,pengeluaran Cafe,Barang,,Rp18.500,SALDO CASH,Rp9.316.336,,,,,,
787e0c6e,ee3a763d,23-06-2026,Safa,Casbon,Casbon,,Rp50.000,SALDO CASH,Rp9.266.336,,,,,,
10b7526d,3a2b5c00,23-06-2026,Belanja Indomie Kuah,pengeluaran Cafe,Bahan Baku,,Rp20.000,SALDO CASH,Rp9.246.336,,,,,,
88c47eff,472b0b77,23-06-2026,Belanja Indomie Goreng,pengeluaran Cafe,Bahan Baku,,Rp20.000,SALDO CASH,Rp9.226.336,,,,,,
58bfa1c0,5af304da,23-06-2026,Timun & tomat,pengeluaran Cafe,Bahan Baku,,Rp10.000,SALDO CASH,Rp9.216.336,,,,,,
93032f12,b38160d2,23-06-2026,Paket wax kaca (bagus) sudah di ambil,Pengeluaran,Operasional,,Rp25.000,SALDO CASH,Rp9.191.336,,,,,,
a3728011,9baef43f,23-06-2026,Ferry,Casbon,Casbon,,Rp50.000,SALDO CASH,Rp9.141.336,,,,,,
59bc4eab,,23-06-2026,Pembayaran alas kaki (belum lunas),pengeluaran carwash,Bahan Baku,,Rp600.000,SALDO REKENING N,Rp8.541.336,,,,,,
4f611a7c,,23-06-2026,Pembelian stp 2 silikon 1,pengeluaran carwash,Bahan Baku,,Rp315.000,SALDO REKENING N,Rp8.226.336,,,,,,
1352cc30,d0ef6ad1,23-06-2026,Lebih qris,Pengeluaran,Operasional,,Rp10.000,SALDO CASH,Rp8.216.336,,,,,,
ffc11bba,0b95973c,24-06-2026,Faisal,Casbon,Casbon,,Rp50.000,SALDO CASH,Rp8.166.336,,,,,,
f2b3320b,5422c1e6,24-06-2026,Anggaa,Casbon,Casbon,,Rp100.000,SALDO CASH,Rp8.066.336,,,,,,
915d4882,90d6e64e,24-06-2026,Bagus,Casbon,Casbon,,Rp100.000,SALDO CASH,Rp7.966.336,,,,,,
967c5a98,a23a2d1a,25-06-2026,Bagus,Casbon,Casbon,,Rp61.000,SALDO CASH,Rp7.905.336,,,,,,
832316ab,,23-06-2026,omset cash carwash,pemasukan carwash,pemasukan,Rp945.000,,SALDO CASH,Rp8.850.336,,,,,,
13c6199e,,23-06-2026,omset qris carwash,pemasukan carwash,pemasukan,Rp280.000,,SALDO REKENING Y,Rp9.130.336,,,,,,
daa10c59,,23-06-2026,omset cash cafe,pemasukan cafe,pemasukan,Rp73.000,,SALDO CASH,Rp9.203.336,,,,,,
807c1a7c,,23-06-2026,omset qris cafe,pemasukan carwash,pemasukan,Rp25.000,,SALDO REKENING Y,Rp9.228.336,,,,,,
ea7b32a9,,24-06-2026,omset cash carwash,pemasukan carwash,pemasukan,Rp895.000,,SALDO CASH,Rp10.123.336,,,,,,
6d8c13f1,,24-06-2026,omset qris carwash,pemasukan carwash,pemasukan,Rp225.000,,SALDO REKENING Y,Rp10.348.336,,,,,,
71c5325d,,24-06-2026,omset cash cafe,pemasukan cafe,pemasukan,Rp15.000,,SALDO CASH,Rp10.363.336,,,,,,
7ba58939,,24-06-2026,omset qris cafe,pemasukan carwash,pemasukan,Rp0,,SALDO REKENING Y,Rp10.363.336,,,,,,
0bfe3609,34a30eec,25-06-2026,Es batu,pengeluaran Cafe,Operasional,,Rp5.000,SALDO CASH,Rp10.358.336,,,,,,
b49e906e,9a9ff3d3,25-06-2026,Belanja Biji Kopi,pengeluaran Cafe,Bahan Baku,,Rp20.000,SALDO CASH,Rp10.338.336,,,,,,
9690bdd7,c734c46e,25-06-2026,Bagus ambil uang paketan,Pengeluaran,Operasional,,Rp27.000,SALDO CASH,Rp10.311.336,,,,,,
a9f9b43e,a1b1c16f,25-06-2026,NOPAL,Casbon,Casbon,,Rp50.000,SALDO CASH,Rp10.261.336,,,,,,
,,,,,,,,,,,,,,,
,,,,,,,,,,,,,,,
,,,,,,,,,,,,,,,
,,,,,,,,,,,,,,,
aa528795,a68bdc7b,26-06-2026,Esbatu,pengeluaran Cafe,Bahan Baku,,Rp5.000,SALDO CASH,-Rp5.000,,,,,,
0caa13ae,28e303cf,26-06-2026,Indomie + telur (konsums pribadi),Pengeluaran,Operasional,,Rp17.000,SALDO CASH,-Rp22.000,,,,,,
c42b7bcf,f3a6bc00,26-06-2026,Belanja SKM,pengeluaran Cafe,Bahan Baku,,Rp60.000,SALDO CASH,-Rp82.000,,,,,,
e819d84f,86771151,26-06-2026,Faisal,Casbon,Casbon,,Rp50.000,SALDO CASH,-Rp132.000,,,,,,
d884c645,,25-06-2026,omset cash carwash,pemasukan carwash,pemasukan,Rp1.505.000,,SALDO CASH,Rp1.373.000,,,,,,
a7836921,,25-06-2026,omset qris carwash,pemasukan carwash,pemasukan,Rp540.000,,SALDO REKENING Y,Rp1.913.000,,,,,,
261e3c39,,25-06-2026,omset cash cafe,pemasukan cafe,pemasukan,Rp28.000,,SALDO CASH,Rp1.941.000,,,,,,
17570d1f,,25-06-2026,omset qris cafe,pemasukan carwash,pemasukan,Rp30.000,,SALDO REKENING Y,Rp1.971.000,,,,,,
70b2a4d6,f7404745,26-06-2026,Esbatu,pengeluaran Cafe,Bahan Baku,,Rp5.000,SALDO CASH,Rp1.966.000,,,,,,
efd50210,8eeb486e,26-06-2026,Vicky,Casbon,Casbon,,Rp100.000,SALDO CASH,Rp1.866.000,,,,,,
d62981b9,dae4b078,26-06-2026,Belanja Teh,pengeluaran Cafe,Barang,,Rp20.500,SALDO CASH,Rp1.845.500,,,,,,
6bf42534,,26-06-2026,Ferry,casbon,casbon,,Rp750.000,SALDO CASH,Rp1.095.500,,,,,,
7a667043,91d38c77,27-06-2026,Es batu,pengeluaran Cafe,Operasional,,Rp5.000,SALDO CASH,Rp1.090.500,,,,,,
e760de24,1ba5db9f,27-06-2026,Konsumsi ( pribadi),Pengeluaran,Operasional,,Rp17.000,SALDO CASH,Rp1.073.500,,,,,,
fe663e46,12ddfadc,27-06-2026,Lebih qris,Pengeluaran,Operasional,,Rp70.000,SALDO CASH,Rp1.003.500,,,,,,
,,,,,,,,,,,,,,,
87f199ab,6cf67fc2,27-06-2026,Fotocopy,Pengeluaran,Operasional,,Rp5.000,SALDO CASH,-Rp5.000,,,,,,
a45d657d,12fb4ba8,27-06-2026,Keran,Pengeluaran,Operasional,,Rp20.000,SALDO CASH,-Rp25.000,,,,,,
5b1f4209,07b58eea,27-06-2026,NOPAL,Casbon,Casbon,,Rp100.000,SALDO CASH,-Rp125.000,,,,,,
d31e2684,ae2dcc71,28-06-2026,Esbatu,pengeluaran Cafe,Bahan Baku,,Rp5.000,SALDO CASH,-Rp130.000,,,,,,
dc070cea,17398c8e,28-06-2026,Sunlight,Pengeluaran,Barang,,Rp10.000,SALDO CASH,-Rp140.000,,,,,,
8d906870,b2f40962,28-06-2026,Lebih qris,Pengeluaran,Operasional,,Rp10.000,SALDO CASH,-Rp150.000,,,,,,
56e09f32,923484b8,28-06-2026,Bagus,Casbon,Casbon,,Rp55.000,SALDO CASH,-Rp205.000,,,,,,
a690d639,2737a83c,28-06-2026,Angga,Casbon,Casbon,,Rp100.000,SALDO CASH,-Rp305.000,,,,,,
4c056130,e586e384,28-06-2026,Belanja Minyak Goreng,pengeluaran Cafe,Bahan Baku,,Rp20.000,SALDO CASH,-Rp325.000,,,,,,
775ed36d,2f32a704,28-06-2026,Fery ambil jatah paketan,Pengeluaran,Operasional,,Rp50.000,SALDO CASH,-Rp375.000,,,,,,
3939f8d1,b0bc7dcc,28-06-2026,Bagus ambil jatah paketan,Pengeluaran,Operasional,,Rp25.000,SALDO CASH,-Rp400.000,,,,,,
02be3896,083fad02,28-06-2026,Lebih qris,Pengeluaran,Operasional,,Rp5.000,SALDO CASH,-Rp405.000,,,,,,
6ea495d5,b6a6e6cd,28-06-2026,Lebih qris,Pengeluaran,Operasional,,Rp100.000,SALDO CASH,-Rp505.000,,,,,,
b35dbbf2,03d2999b,29-06-2026,Es batu,pengeluaran Cafe,Operasional,,Rp5.000,SALDO CASH,-Rp510.000,,,,,,
a6e02830,d95bc2c1,29-06-2026,Galon,pengeluaran Cafe,Operasional,,Rp30.000,SALDO CASH,-Rp540.000,,,,,,
9cb46644,dead1f1e,29-06-2026,Belanja Telur,pengeluaran Cafe,Bahan Baku,,Rp54.000,SALDO CASH,-Rp594.000,,,,,,
26f70037,56e4329a,29-06-2026,Bumbu nasi goreng,Pengeluaran,Operasional,,Rp3.000,SALDO CASH,-Rp597.000,,,,,,
9193cb7a,,26-06-2026,omset cash carwash,pemasukan carwash,pemasukan,Rp1.160.000,,SALDO CASH,Rp563.000,,,,,,
516074f7,,26-06-2026,omset qris carwash,pemasukan carwash,pemasukan,Rp775.000,,SALDO REKENING Y,Rp1.338.000,,,,,,
9f2f7b49,,26-06-2026,omset cash cafe,pemasukan cafe,pemasukan,Rp127.000,,SALDO CASH,Rp1.465.000,,,,,,
b91ce203,,26-06-2026,omset qris cafe,pemasukan carwash,pemasukan,Rp92.000,,SALDO REKENING Y,Rp1.557.000,,,,,,
b6f8b620,,27-06-2026,omset cash carwash,pemasukan carwash,pemasukan,Rp1.420.000,,SALDO CASH,Rp2.977.000,,,,,,
7ac49af9,,27-06-2026,omset qris carwash,pemasukan carwash,pemasukan,Rp555.000,,SALDO REKENING Y,Rp3.532.000,,,,,,
29d5a332,,27-06-2026,omset cash cafe,pemasukan cafe,pemasukan,Rp61.000,,SALDO CASH,Rp3.593.000,,,,,,
04026eea,,27-06-2026,omset qris cafe,pemasukan carwash,pemasukan,Rp34.000,,SALDO REKENING Y,Rp3.627.000,,,,,,
056334c9,,28-06-2026,omset cash carwash,pemasukan carwash,pemasukan,Rp1.740.000,,SALDO CASH,Rp5.367.000,,,,,,
233b9e5c,,28-06-2026,omset qris carwash,pemasukan carwash,pemasukan,Rp715.000,,SALDO REKENING Y,Rp6.082.000,,,,,,
f0be0548,,28-06-2026,omset cash cafe,pemasukan cafe,pemasukan,Rp64.000,,SALDO CASH,Rp6.146.000,,,,,,
dd226736,,28-06-2026,omset qris cafe,pemasukan carwash,pemasukan,Rp81.000,,SALDO REKENING Y,Rp6.227.000,,,,,,
4949ce92,,29-06-2026,Wax,pengeluaran carwash,operasional,,Rp107.000,SALDO REKENING N,Rp6.120.000,,,,,,
4f89e9b6,,29-06-2026,Stp,pengeluaran carwash,operasional,,Rp294.776,SALDO REKENING N,Rp5.825.224,,,,,,
b4859c1b,,29-06-2026,Jamur kaca 5,pengeluaran carwash,operasional,,Rp59.785,SALDO REKENING N,Rp5.765.439,,,,,,
41583f8b,,30-06-2026,Token kafe,pengeluaran,pengeluaran,,Rp504.500,SALDO CASH,Rp5.260.939,,,,,,
e3095306,,30-06-2026,Pembayaran ke bang awal mingguan,pengeluaran,pengeluaran,,Rp2.500.000,SALDO CASH,Rp2.760.939,,,,,,
4ba98280,,25-06-2026,Belanja Biji Kopi,pengeluaran cafe,Bahan Baku,,Rp205.000,SALDO REKENING N,Rp2.555.939,TRUE,BK-01,1000,,,
f7ec7bcd,,30-06-2026,Gaji raka (tf),pengeluaran,pengeluaran,,Rp2.500.000,SALDO REKENING Y,Rp55.939,,,,,,
2fdec08a,e74e12cb,30-06-2026,Es batu,pengeluaran Cafe,Operasional,,Rp5.000,SALDO CASH,Rp50.939,,,,,,
a157a9eb,,30-06-2026,Gaji raka (cash),pengeluaran,pengeluaran,,Rp350.000,,-Rp299.061,,,,,,
c7daf236,8c473150,30-06-2026,Belanja Badak,pengeluaran Cafe,Bahan Baku,,Rp135.000,SALDO CASH,-Rp434.061,,,,,,
8e2bc622,61cf1533,30-06-2026,Minyak wak udin,Pengeluaran,Operasional,,Rp10.000,SALDO CASH,-Rp444.061,,,,,,
180cc953,38e2862d,30-06-2026,Faisal,Casbon,Casbon,,Rp20.000,SALDO CASH,-Rp464.061,,,,,,
2bbf19b0,,29-06-2026,omset cash carwash,pemasukan carwash,pemasukan,Rp985.000,,SALDO CASH,Rp520.939,,,,,,
531ec045,,29-06-2026,omset qris carwash,pemasukan carwash,pemasukan,Rp220.000,,SALDO REKENING Y,Rp740.939,,,,,,
e94cb612,,29-06-2026,omset cash cafe,pemasukan cafe,pemasukan,Rp79.000,,SALDO CASH,Rp819.939,,,,,,
e5a3c5cc,,29-06-2026,omset qris cafe,pemasukan carwash,pemasukan,Rp27.000,,SALDO REKENING Y,Rp846.939,,,,,,
7a7dd89f,,30-06-2026,omset cash carwash,pemasukan carwash,pemasukan,Rp670.000,,SALDO CASH,Rp1.516.939,,,,,,
a3ec7c68,,30-06-2026,omset qris carwash,pemasukan carwash,pemasukan,Rp110.000,,SALDO REKENING Y,Rp1.626.939,,,,,,
d5137e09,,30-06-2026,omset cash cafe,pemasukan cafe,pemasukan,Rp15.000,,SALDO CASH,Rp1.641.939,,,,,,
568be7a6,,30-06-2026,omset qris cafe,pemasukan carwash,pemasukan,Rp0,,SALDO REKENING Y,Rp1.641.939,,,,,,
3b9bdadf,bfab6a1a,01-07-2026,Esbatu,pengeluaran Cafe,Operasional,,Rp5.000,SALDO CASH,Rp1.636.939,,,,,,
d5bddb0b,ff26e5d6,01-07-2026,Lebih qris,Pengeluaran,Operasional,,Rp10.000,SALDO CASH,Rp1.626.939,,,,,,
3ece58db,910d3c99,01-07-2026,Beras,pengeluaran Cafe,Bahan Baku,,Rp163.000,SALDO CASH,Rp1.463.939,,,,,,
fdd59206,612fa28e,01-07-2026,Bagus,Casbon,Casbon,,Rp50.000,SALDO CASH,Rp1.413.939,,,,,,
b7a7f3ea,,01-07-2026,omset cash carwash,pemasukan carwash,pemasukan,Rp1.560.000,,SALDO CASH,Rp2.973.939,,,,,,
09f84a31,,01-07-2026,omset qris carwash,pemasukan carwash,pemasukan,Rp275.000,,SALDO REKENING Y,Rp3.248.939,,,,,,
4849f61a,,01-07-2026,omset cash cafe,pemasukan cafe,pemasukan,Rp101.000,,SALDO CASH,Rp3.349.939,,,,,,
1ef816dd,,01-07-2026,omset qris cafe,pemasukan carwash,pemasukan,Rp17.000,,SALDO REKENING Y,Rp3.366.939,,,,,,
597c450d,,01-07-2026,Gaji wak udin (belum full),pengeluaran,pengeluaran,,Rp400.000,,Rp2.966.939,,,,,,
3130f287,,01-07-2026,Gaji lexsa,pengeluaran,pengeluaran,,Rp1.800.000,,Rp1.166.939,,,,,,
92b8deb9,638a1d5d,02-07-2026,Baju,Pengeluaran,Barang,,Rp232.000,SALDO CASH,Rp934.939,,,,,,
893850df,eea7c74a,02-07-2026,Esbatu,pengeluaran Cafe,Bahan Baku,,Rp5.000,SALDO CASH,Rp929.939,,,,,,
a1c94c4d,06ab31c2,02-07-2026,Lebih qris,Pengeluaran,Operasional,,Rp5.000,SALDO CASH,Rp924.939,,,,,,
e06f09a0,62d5828b,02-07-2026,Esbatu,Pengeluaran,Bahan Baku,,Rp5.000,SALDO CASH,Rp919.939,,,,,,
f9eac59d,9e7c5ef5,02-07-2026,Token,pengeluaran Carwash,Operasional,,Rp204.500,SALDO CASH,Rp715.439,,,,,,
82272306,016c5238,03-07-2026,Belanja SKM,pengeluaran Cafe,Bahan Baku,,Rp60.000,SALDO CASH,Rp655.439,,,,,,
3bd75625,19ea825c,03-07-2026,Belanja Gula Putih,pengeluaran Cafe,Bahan Baku,,Rp18.000,SALDO CASH,Rp637.439,,,,,,
0bd33dd2,1bd9f542,03-07-2026,Es batu,pengeluaran Cafe,Operasional,,Rp5.000,SALDO CASH,Rp632.439,,,,,,
e043062d,,03-07-2026,Gaji safa (tf),pengeluaran,pengeluaran,,Rp500.000,SALDO REKENING Y,Rp132.439,,,,,,
cba6f0e6,,03-07-2026,Gaji safa (cash),pengeluaran,pengeluaran,,Rp250.000,SALDO CASH,-Rp117.561,,,,,,
eb174d51,,03-07-2026,Indomi + tempe + telur 1 papan (konsumsi pribadi),pengeluaran,pengeluaran,,Rp80.000,SALDO CASH,-Rp197.561,,,,,,
92624a13,9cc3b340,03-07-2026,Bumbu,pengeluaran Cafe,Operasional,,Rp5.000,SALDO CASH,-Rp202.561,,,,,,
0853835d,5cbe3739,03-07-2026,Belanja Biji Kopi,pengeluaran Cafe,Bahan Baku,,Rp20.000,SALDO CASH,-Rp222.561,,,,,,
8704bcbd,,02-07-2026,omset cash carwash,pemasukan carwash,pemasukan,Rp1.355.000,,SALDO CASH,Rp1.132.439,,,,,,
85c6f593,,02-07-2026,omset qris carwash,pemasukan carwash,pemasukan,Rp635.000,,SALDO REKENING Y,Rp1.767.439,,,,,,
9d39b4b6,,02-07-2026,omset cash cafe,pemasukan cafe,pemasukan,Rp82.000,,SALDO CASH,Rp1.849.439,,,,,,
868b4381,,02-07-2026,omset qris cafe,pemasukan carwash,pemasukan,Rp25.000,,SALDO REKENING Y,Rp1.874.439,,,,,,
ae957b85,,03-07-2026,Upah angga & ferry (gantikan raka off),pengeluaran,pengeluaran,,Rp120.000,SALDO CASH,Rp1.754.439,,,,,,
9897fdd8,,03-07-2026,Gaji wak udin (sudah full),pengeluaran,pengeluaran,,Rp900.000,SALDO CASH,Rp854.439,,,,,,
46364df4,,03-07-2026,Gaji safa (sudah full),pengeluaran,pengeluaran,,Rp750.000,SALDO CASH,Rp104.439,,,,,,
d9c5e860,,03-07-2026,omset cash carwash,pemasukan carwash,pemasukan,Rp1.180.000,,SALDO CASH,Rp1.284.439,,,,,,
501c8b8c,,03-07-2026,omset qris carwash,pemasukan carwash,pemasukan,Rp150.000,,SALDO REKENING Y,Rp1.434.439,,,,,,
fd7cda51,,03-07-2026,omset cash cafe,pemasukan cafe,pemasukan,"Rp110.000,00",,SALDO CASH,Rp1.544.439,,,,,,
8ed2b3c5,,03-07-2026,omset qris cafe,pemasukan carwash,pemasukan,"Rp26.000,00",,SALDO REKENING Y,Rp1.570.439,,,,,,
c7a0682f,,03-07-2026,Minyak kereta raka,pengeluaran,pengeluaran,,"Rp30.000,00",SALDO CASH,Rp1.540.439,,,,,,
f4c5dc59,6e04c05f,04-07-2026,Esbatu,pengeluaran Cafe,Operasional,,"Rp5.000,00",SALDO CASH,Rp1.535.439,,,,,,
bab7664c,122b5087,04-07-2026,Belanja Le Mineral,pengeluaran Cafe,Bahan Baku,,"Rp50.000,00",SALDO CASH,Rp1.485.439,,,,,,
2dc2b1c3,,04-07-2026,Bayar kertas bon,pengeluaran,pengeluaran,,"Rp300.000,00",SALDO CASH,Rp1.185.439,,,,,,
475a2de7,53dd788e,04-07-2026,Lebih qris,Pengeluaran,Operasional,,"Rp10.000,00",SALDO CASH,Rp1.175.439,,,,,,
97b85764,28b6a965,04-07-2026,Sabun,pengeluaran Carwash,Barang,,"Rp85.000,00",SALDO CASH,Rp1.090.439,,,,,,
54bcd06a,c2179db1,04-07-2026,Stp,pengeluaran Carwash,Barang,,"Rp130.000,00",SALDO CASH,Rp960.439,,,,,,
3fa35b29,347dd044,04-07-2026,Nopal,Casbon,Casbon,,"Rp50.000,00",SALDO CASH,Rp910.439,,,,,,
a6cb9c12,df74b7b5,05-07-2026,Esbatu,pengeluaran Cafe,Operasional,,"Rp5.000,00",SALDO CASH,Rp905.439,,,,,,
cc1cf6ae,f3dbd0f6,05-07-2026,Kanebo,pengeluaran Carwash,Operasional,,"Rp64.000,00",SALDO CASH,Rp841.439,,,,,,
27afa978,5c738523,05-07-2026,Minyak,Pengeluaran,Operasional,,"Rp16.000,00",SALDO CASH,Rp825.439,,,,,,
8ef0b73a,cbae6ba5,05-07-2026,Garam,pengeluaran Cafe,Operasional,,"Rp7.500,00",SALDO CASH,Rp817.939,,,,,,
49558a77,36114851,05-07-2026,Royco,pengeluaran Cafe,Operasional,,"Rp10.000,00",SALDO CASH,Rp807.939,,,,,,
3f5e9367,656fc778,05-07-2026,Paketan sudah di ambil (eza),Pengeluaran,Operasional,,"Rp50.000,00",SALDO CASH,Rp757.939,,,,,,
150c59e6,4b78c0cf,05-07-2026,Paketan sudah di ambil (bagus),Pengeluaran,Operasional,,"Rp50.000,00",SALDO CASH,Rp707.939,,,,,,
6398484b,,04-07-2026,omset cash carwash,pemasukan carwash,pemasukan,"Rp1.080.000,00",,SALDO CASH,Rp1.787.939,,,,,,
c285dcd8,,04-07-2026,omset qris carwash,pemasukan carwash,pemasukan,"Rp965.000,00",,SALDO REKENING Y,Rp2.752.939,,,,,,
286d43be,,04-07-2026,omset cash cafe,pemasukan cafe,pemasukan,"Rp120.000,00",,SALDO CASH,Rp2.872.939,,,,,,
a56afc99,,04-07-2026,omset qris cafe,pemasukan carwash,pemasukan,"Rp50.000,00",,SALDO REKENING Y,Rp2.922.939,,,,,,
7151558c,,05-07-2026,omset cash carwash,pemasukan carwash,pemasukan,"Rp1.705.000,00",,SALDO CASH,Rp4.627.939,,,,,,
ca22bc02,,05-07-2026,omset qris carwash,pemasukan carwash,pemasukan,"Rp350.000,00",,SALDO REKENING Y,Rp4.977.939,,,,,,
852a2854,,05-07-2026,omset cash cafe,pemasukan cafe,pemasukan,"Rp123.000,00",,SALDO CASH,Rp5.100.939,,,,,,
f07b4df5,,05-07-2026,omset qris cafe,pemasukan carwash,pemasukan,"Rp15.000,00",,SALDO REKENING Y,Rp5.115.939,,,,,,
87423a15,,30-06-2026,Pembayaran ke bang awal,pengeluaran,pengeluaran,,"Rp5.000.000,00",SALDO REKENING Y,Rp115.939,,,,,,
7c03a23d,,30-06-2026,Gaji karyawan cuci,pengeluaran,Karyawan,,"Rp7.729.000,00",SALDO CASH,-Rp7.613.061,,,,,,
4b7c799a,90cf7501,06-07-2026,Pengeluaran,pengeluaran Cafe,Bahan Baku,,"Rp5.000,00",SALDO CASH,-Rp7.618.061,,,,,,
9e49cadb,fb79440f,30-06-2026,Pindah SALDO REKENING N ke SALDO CASH,Pindah,Pindah,,"Rp550.000,00",SALDO REKENING N,-Rp8.168.061,,,,,,
fe7ba0e9,fb79440f,30-06-2026,Pindah SALDO REKENING N ke SALDO CASH,Pindah,Pindah,"Rp550.000,00",,SALDO CASH,-Rp7.618.061,,,,,,
35afe562,4d2ae43e,06-07-2026,Esbatu,pengeluaran Cafe,Bahan Baku,,"Rp5.000,00",SALDO CASH,-Rp7.623.061,,,,,,
67050790,983beee2,06-07-2026,Bumbu nasi goreng,pengeluaran Cafe,Bahan Baku,,"Rp5.000,00",SALDO CASH,-Rp7.628.061,,,,,,
08ee6761,c641b173,06-07-2026,Sunlight,Pengeluaran,Bahan Baku,,"Rp10.000,00",SALDO CASH,-Rp7.638.061,,,,,,
ebeda0b3,2009b4f1,06-07-2026,Print,Pengeluaran,Operasional,,"Rp2.000,00",SALDO CASH,-Rp7.640.061,,,,,,
1fab2dd0,,06-07-2026,omset cash carwash,pemasukan carwash,pemasukan,"Rp1.710.000,00",,SALDO CASH,-Rp5.930.061,,,,,,
7d88579e,,06-07-2026,omset qris carwash,pemasukan carwash,pemasukan,"Rp870.000,00",,SALDO REKENING Y,-Rp5.060.061,,,,,,
f44570a2,,06-07-2026,omset cash cafe,pemasukan cafe,pemasukan,"Rp115.000,00",,SALDO CASH,-Rp4.945.061,,,,,,
21eb1bb4,,06-07-2026,omset qris cafe,pemasukan carwash,pemasukan,"Rp98.000,00",,SALDO REKENING Y,-Rp4.847.061,,,,,,
a3367619,d05fd339,07-07-2026,Esbatu,pengeluaran Cafe,Operasional,,"Rp5.000,00",SALDO CASH,-Rp4.852.061,,,,,,
2a6b79f6,512f0e65,07-07-2026,Foto copy,Pengeluaran,Operasional,,"Rp5.000,00",SALDO CASH,-Rp4.857.061,,,,,,
8904d5cc,,07-07-2026,Token carwash,pengeluaran,pengeluaran,,"Rp504.500,00",SALDO CASH,-Rp5.361.561,,,,,,
1853314f,f704e1bb,07-07-2026,Belanja Minyak Goreng,pengeluaran Cafe,Bahan Baku,,"Rp20.000,00",SALDO CASH,-Rp5.381.561,,,,,,
fae1b65d,2060dde0,07-07-2026,Saos,pengeluaran Cafe,Bahan Baku,,"Rp18.000,00",SALDO CASH,-Rp5.399.561,,,,,,
a8b0b3bd,d25e9a64,07-07-2026,Lebih qris,Pengeluaran,Operasional,,"Rp10.000,00",SALDO CASH,-Rp5.409.561,,,,,,
d4642ec0,47592132,08-07-2026,Esbatu,pengeluaran Cafe,Operasional,,"Rp5.000,00",SALDO CASH,-Rp5.414.561,,,,,,
be41f77c,,08-07-2026,Roti (konsumsi pribadi),pengeluaran,pengeluaran,,"Rp16.000,00",SALDO CASH,-Rp5.430.561,,,,,,
fc74b693,,08-07-2026,Minyak kereta raka,pengeluaran,pengeluaran,,"Rp13.000,00",SALDO CASH,-Rp5.443.561,,,,,,
6b20dfe1,689c38c6,08-07-2026,Ferry,Casbon,Casbon,,"Rp100.000,00",SALDO CASH,-Rp5.543.561,,,,,,
e647b1a2,,08-07-2026,Stp,pengeluaran,pengeluaran,,"Rp260.000,00",SALDO CASH,-Rp5.803.561,,,,,,
309cc7ad,1871679e,08-07-2026,Lebih qris,Pengeluaran,Operasional,,"Rp10.000,00",SALDO CASH,-Rp5.813.561,,,,,,
51b93440,,09-07-2026,Tisu,pengeluaran,pengeluaran,,"Rp290.000,00",SALDO CASH,-Rp6.103.561,,,,,,
798be421,,09-07-2026,Minyak wak udin,pengeluaran,pengeluaran,,"Rp10.000,00",SALDO CASH,-Rp6.113.561,,,,,,
b222ce3b,b470bc76,09-07-2026,Esbatu,pengeluaran Cafe,Bahan Baku,,"Rp5.000,00",SALDO CASH,-Rp6.118.561,,,,,,
abc74c77,5200394d,09-07-2026,Selai roti (konsumsi pribadi),Pengeluaran,Operasional,,"Rp15.000,00",SALDO CASH,-Rp6.133.561,,,,,,
cfa63920,86bff3dc,09-07-2026,Galon,pengeluaran Cafe,Bahan Baku,,"Rp30.000,00",SALDO CASH,-Rp6.163.561,,,,,,
43823af1,10801a80,09-07-2026,Belanja Gula Putih,pengeluaran Cafe,Bahan Baku,,"Rp18.500,00",SALDO CASH,-Rp6.182.061,,,,,,
7cb247f8,,09-07-2026,Token cafe,pengeluaran,pengeluaran,,"Rp504.500,00",SALDO CASH,-Rp6.686.561,,,,,,
146836ed,f04e3032,09-07-2026,Jatah paketan ferri sudah di ambil,Pengeluaran,Operasional,,"Rp50.000,00",SALDO CASH,-Rp6.736.561,,,,,,
facb4290,893f8ab4,09-07-2026,Vicky,Casbon,Casbon,,"Rp50.000,00",SALDO CASH,-Rp6.786.561,,,,,,
d9420f84,,07-07-2026,omset cash carwash,pemasukan carwash,pemasukan,"Rp885.000,00",,SALDO CASH,-Rp5.901.561,,,,,,
654607f6,,07-07-2026,omset qris carwash,pemasukan carwash,pemasukan,"Rp250.000,00",,SALDO REKENING Y,-Rp5.651.561,,,,,,
20728282,,07-07-2026,omset cash cafe,pemasukan cafe,pemasukan,"Rp72.000,00",,SALDO CASH,-Rp5.579.561,,,,,,
196a3b20,,07-07-2026,omset qris cafe,pemasukan carwash,pemasukan,"Rp58.000,00",,SALDO REKENING Y,-Rp5.521.561,,,,,,
f1645f71,,08-07-2026,omset cash carwash,pemasukan carwash,pemasukan,"Rp1.070.000,00",,SALDO CASH,-Rp4.451.561,,,,,,
903b255e,,08-07-2026,omset qris carwash,pemasukan carwash,pemasukan,"Rp280.000,00",,SALDO REKENING Y,-Rp4.171.561,,,,,,
039f1a06,,08-07-2026,omset cash cafe,pemasukan cafe,pemasukan,"Rp20.000,00",,SALDO CASH,-Rp4.151.561,,,,,,
cecfb968,,08-07-2026,omset qris cafe,pemasukan carwash,pemasukan,"Rp30.000,00",,SALDO REKENING Y,-Rp4.121.561,,,,,,
44175363,,09-07-2026,omset cash carwash,pemasukan carwash,pemasukan,"Rp845.000,00",,SALDO CASH,-Rp3.276.561,,,,,,
cabfeca3,,09-07-2026,omset qris carwash,pemasukan carwash,pemasukan,"Rp110.000,00",,SALDO REKENING Y,-Rp3.166.561,,,,,,
45df4d6a,,09-07-2026,omset cash cafe,pemasukan cafe,pemasukan,"Rp48.000,00",,SALDO CASH,-Rp3.118.561,,,,,,
2fca87af,,09-07-2026,omset qris cafe,pemasukan carwash,pemasukan,"Rp0,00",,SALDO REKENING Y,-Rp3.118.561,,,,,,
46745d46,9d882745,10-07-2026,Esbatu,pengeluaran Cafe,Bahan Baku,,"Rp5.000,00",SALDO CASH,-Rp3.123.561,,,,,,
b580d228,29120579,10-07-2026,Belanja Le Mineral,pengeluaran Cafe,Bahan Baku,,"Rp50.000,00",SALDO CASH,-Rp3.173.561,,,,,,
b36cbed7,c3f67b1e,10-07-2026,Lebih qris,Pengeluaran,Operasional,,"Rp10.000,00",SALDO CASH,-Rp3.183.561,,,,,,
196e0f62,49619dc5,10-07-2026,Rondap,Pengeluaran,Operasional,,"Rp10.000,00",SALDO CASH,-Rp3.193.561,,,,,,
34f87db4,93774ca9,10-07-2026,Tomat,pengeluaran Cafe,Bahan Baku,,"Rp3.000,00",SALDO CASH,-Rp3.196.561,,,,,,
51d586cf,063219eb,10-07-2026,Timun,pengeluaran Cafe,Bahan Baku,,"Rp3.000,00",SALDO CASH,-Rp3.199.561,,,,,,
0b14e1be,70817356,10-07-2026,Nopal,Casbon,Casbon,,"Rp50.000,00",SALDO CASH,-Rp3.249.561,,,,,,
1943f252,cc43e954,11-07-2026,Esbatu,pengeluaran Cafe,Bahan Baku,,"Rp5.000,00",SALDO CASH,-Rp3.254.561,,,,,,
e5cc9112,7b37a326,11-07-2026,Nopal,Casbon,Casbon,,"Rp50.000,00",SALDO CASH,-Rp3.304.561,,,,,,
85a11b53,9d284e1d,11-07-2026,Mama lemon,Pengeluaran,Bahan Baku,,"Rp10.000,00",SALDO CASH,-Rp3.314.561,,,,,,
e36b075a,2dd44f63,11-07-2026,Ferry,Casbon,Casbon,,"Rp100.000,00",SALDO CASH,-Rp3.414.561,,,,,,
c262135e,,10-07-2026,omset cash carwash,pemasukan carwash,pemasukan,"Rp745.000,00",,SALDO CASH,-Rp2.669.561,,,,,,
63fb1461,,10-07-2026,omset qris carwash,pemasukan carwash,pemasukan,"Rp555.000,00",,SALDO REKENING Y,-Rp2.114.561,,,,,,
1c5cb01a,,10-07-2026,omset cash cafe,pemasukan cafe,pemasukan,"Rp57.000,00",,SALDO CASH,-Rp2.057.561,,,,,,
cccaf8c9,,10-07-2026,omset qris cafe,pemasukan carwash,pemasukan,"Rp22.000,00",,SALDO REKENING Y,-Rp2.035.561,,,,,,
08afce7c,,11-07-2026,omset cash carwash,pemasukan carwash,pemasukan,"Rp1.225.000,00",,SALDO CASH,-Rp810.561,,,,,,
27978214,,11-07-2026,omset qris carwash,pemasukan carwash,pemasukan,"Rp990.000,00",,SALDO REKENING Y,Rp179.439,,,,,,
b8a67509,,11-07-2026,omset cash cafe,pemasukan cafe,pemasukan,"Rp94.000,00",,SALDO CASH,Rp273.439,,,,,,
7d88bbf8,,11-07-2026,omset qris cafe,pemasukan carwash,pemasukan,"Rp75.000,00",,SALDO REKENING Y,Rp348.439,,,,,,
b7af8025,,11-07-2026,Stp + sabun,pengeluaran,operasional,,"Rp345.000,00",SALDO CASH,Rp3.439,,,,,,
7a29a1ab,926ebb08,12-07-2026,Lebih qris,Pengeluaran,Operasional,,"Rp10.000,00",SALDO CASH,-Rp6.561,,,,,,
0cfa0fbb,c5459a34,12-07-2026,Belanja Teh,pengeluaran Cafe,Bahan Baku,,"Rp20.000,00",SALDO CASH,-Rp26.561,,,,,,
7779b1a1,fd13a0b6,12-07-2026,Es batu,pengeluaran Cafe,Operasional,,"Rp5.000,00",SALDO CASH,-Rp31.561,,,,,,
69de69d4,a1eb2410,12-07-2026,Konsumsi,Pengeluaran,Operasional,,"Rp13.000,00",SALDO CASH,-Rp44.561,,,,,,
fccd2282,f607d1db,12-07-2026,Bagus,Casbon,Casbon,,"Rp50.000,00",SALDO CASH,-Rp94.561,,,,,,
52b634eb,14cf703f,12-07-2026,Minyak bg raka,Pengeluaran,Operasional,,"Rp35.000,00",SALDO CASH,-Rp129.561,,,,,,
74394c4c,,12-07-2026,omset cash carwash,pemasukan carwash,pemasukan,"Rp1.765.000,00",,SALDO CASH,Rp1.635.439,,,,,,
ad3af484,,12-07-2026,omset qris carwash,pemasukan carwash,pemasukan,"Rp1.010.000,00",,SALDO REKENING Y,Rp2.645.439,,,,,,
9bd75fdb,,12-07-2026,omset cash cafe,pemasukan cafe,pemasukan,"Rp122.000,00",,SALDO CASH,Rp2.767.439,,,,,,
2ee9c1c3,,12-07-2026,omset qris cafe,pemasukan carwash,pemasukan,"Rp38.000,00",,SALDO REKENING Y,Rp2.805.439,,,,,,
f81fefad,e8050d4c,13-07-2026,Es batu,pengeluaran Cafe,Operasional,,"Rp5.000,00",SALDO CASH,Rp2.800.439,,,,,,
cd0545a6,8fbef9c0,13-07-2026,Vicky,Casbon,Casbon,,"Rp50.000,00",SALDO CASH,Rp2.750.439,,,,,,
3312388d,7ee68ffe,13-07-2026,Belanja Biji Kopi,pengeluaran Cafe,Bahan Baku,,"Rp20.000,00",SALDO CASH,Rp2.730.439,,,,,,
0fb7d00e,de66a61d,13-07-2026,Lebih qris,Pengeluaran,Operasional,,"Rp10.000,00",SALDO CASH,Rp2.720.439,,,,,,
5e9296e9,295c0b59,14-07-2026,Esbatu,pengeluaran Cafe,Operasional,,"Rp5.000,00",SALDO CASH,Rp2.715.439,,,,,,
8a11ddee,d49ccb27,14-07-2026,Belanja SKM,pengeluaran Cafe,Bahan Baku,,"Rp60.000,00",SALDO CASH,Rp2.655.439,,,,,,
cf0ea8da,c9fde45d,14-07-2026,Belanja Gula Putih,pengeluaran Cafe,Bahan Baku,,"Rp19.000,00",SALDO CASH,Rp2.636.439,,,,,,
7e4fd133,4081c929,14-07-2026,Sampah,Pengeluaran,Operasional,,"Rp50.000,00",SALDO CASH,Rp2.586.439,,,,,,
f2ce2958,45a3f763,14-07-2026,Lebih qris,Pengeluaran,Operasional,,"Rp10.000,00",SALDO CASH,Rp2.576.439,,,,,,
175ea321,fc38e37e,14-07-2026,Bagus,Casbon,Casbon,,"Rp100.000,00",SALDO CASH,Rp2.476.439,,,,,,
9a07b264,,15-07-2026,Indomie (konsumsi pribadi),pengeluaran,pengeluaran,,"Rp7.000,00",SALDO CASH,Rp2.469.439,,,,,,
f461b472,,13-07-2026,omset cash carwash,pemasukan carwash,pemasukan,"Rp905.000,00",,SALDO CASH,Rp3.374.439,,,,,,
0b86d4f9,,13-07-2026,omset qris carwash,pemasukan carwash,pemasukan,"Rp650.000,00",,SALDO REKENING Y,Rp4.024.439,,,,,,
21ed81ce,,13-07-2026,omset cash cafe,pemasukan cafe,pemasukan,"Rp63.000,00",,SALDO CASH,Rp4.087.439,,,,,,
9016fb6f,,13-07-2026,omset qris cafe,pemasukan carwash,pemasukan,"Rp58.000,00",,SALDO REKENING Y,Rp4.145.439,,,,,,
cc85f7cf,cc123bbe,15-07-2026,Es batu,pengeluaran Cafe,Operasional,,"Rp5.000,00",SALDO CASH,Rp4.140.439,,,,,,
0a8f82e6,dcb8fb1b,15-07-2026,Lebih qris,Pengeluaran,Operasional,,"Rp15.000,00",SALDO CASH,Rp4.125.439,,,,,,
b40ee47c,6bb7f026,15-07-2026,Vicky,Casbon,Casbon,,"Rp12.000,00",SALDO CASH,Rp4.113.439,,,,,,
a75f34ac,9fc2661e,15-07-2026,Belanja Indomie Goreng,pengeluaran Cafe,Bahan Baku,,"Rp18.000,00",SALDO CASH,Rp4.095.439,,,,,,
e97489b6,610bca44,15-07-2026,Pewangi,pengeluaran Carwash,Operasional,,"Rp36.000,00",SALDO CASH,Rp4.059.439,,,,,,
a800a587,,15-07-2026,Roti + srikaya (konsumsi pribadi),pengeluaran,pengeluaran,,"Rp31.000,00",SALDO CASH,Rp4.028.439,,,,,,
3bf7abe1,b0694e4f,15-07-2026,Faisal,Casbon,Casbon,,"Rp50.000,00",SALDO CASH,Rp3.978.439,,,,,,
72329d71,,14-07-2026,omset cash carwash,pemasukan carwash,pemasukan,"Rp680.000,00",,SALDO CASH,Rp4.658.439,,,,,,
1ee6dfb2,,14-07-2026,omset qris carwash,pemasukan carwash,pemasukan,"Rp390.000,00",,SALDO REKENING Y,Rp5.048.439,,,,,,
20e6bc9d,,14-07-2026,omset cash cafe,pemasukan cafe,pemasukan,"Rp55.000,00",,SALDO CASH,Rp5.103.439,,,,,,
5febe770,,14-07-2026,omset qris cafe,pemasukan carwash,pemasukan,"Rp35.000,00",,SALDO REKENING Y,Rp5.138.439,,,,,,
86dccd1c,,15-07-2026,omset cash carwash,pemasukan carwash,pemasukan,"Rp340.000,00",,SALDO CASH,Rp5.478.439,,,,,,
9157e4de,,15-07-2026,omset qris carwash,pemasukan carwash,pemasukan,"Rp505.000,00",,SALDO REKENING Y,Rp5.983.439,,,,,,
be317819,,15-07-2026,omset cash cafe,pemasukan cafe,pemasukan,"Rp45.000,00",,SALDO CASH,Rp6.028.439,,,,,,
0406f6b4,,15-07-2026,omset qris cafe,pemasukan carwash,pemasukan,"Rp72.000,00",,SALDO REKENING Y,Rp6.100.439,,,,,,
10db0de8,2799a94d,16-07-2026,Esbatu,pengeluaran Cafe,Operasional,,"Rp5.000,00",SALDO CASH,Rp6.095.439,,,,,,
6a6acdc6,7d8119fd,13-07-2026,Pindah SALDO CASH ke SALDO REKENING N,Pindah,Pindah,,"Rp7.900.000,00",SALDO CASH,-Rp1.804.561,,,,,,
eee59cbe,7d8119fd,13-07-2026,Pindah SALDO CASH ke SALDO REKENING N,Pindah,Pindah,"Rp7.900.000,00",,SALDO REKENING N,Rp6.095.439,,,,,,
2b2f6f9a,,13-07-2026,Belanja Biji Kopi,pengeluaran cafe,Bahan Baku,,"Rp410.000,00",SALDO REKENING N,Rp5.685.439,TRUE,BK-01,2000,,,
0ba11037,,14-07-2026,Pembayaran mingguan ke bang awal,pengeluaran,pengeluaran,,"Rp2.500.000,00",SALDO REKENING N,Rp3.185.439,,,,,,
,,,,,,,,,,,,,,,
396c4e94,852a1d21,16-07-2026,Galon,pengeluaran Cafe,Operasional,,"Rp30.000,00",SALDO CASH,"-Rp30.000,00",,,,,,
7386c971,,16-07-2026,Pembayaran wifi,pengeluaran,operasional,,"Rp275.000,00",SALDO REKENING N,"-Rp305.000,00",,,,,,
64064723,e7d2bdf4,17-07-2026,Esbatu,pengeluaran Cafe,Operasional,,"Rp5.000,00",SALDO CASH,"-Rp310.000,00",,,,,,
523d6183,,17-07-2026,Upah ferry gantikan raka tgl 6,pengeluaran,pengeluaran,,"Rp60.000,00",SALDO CASH,"-Rp370.000,00",,,,,,
9287c18a,,17-07-2026,Kanebo 4pcs,pengeluaran,operasional,,"Rp96.000,00",SALDO CASH,"-Rp466.000,00",,,,,,
090920d8,,17-07-2026,Stp,pengeluaran carwash,operasional,,"Rp337.338,00",SALDO REKENING N,"-Rp803.338,00",,,,,,
,,,,,,,,,,,,,,,
139765b6,,18-07-2026,Token cafe,pengeluaran,pengeluaran,,"Rp204.500,00",SALDO CASH,"-Rp204.500,00",,,,,,
8771fd28,,16-07-2026,omset cash carwash,pemasukan carwash,pemasukan,"Rp370.000,00",,SALDO CASH,"Rp165.500,00",,,,,,
5e18a84d,,16-07-2026,omset qris carwash,pemasukan carwash,pemasukan,"Rp255.000,00",,SALDO REKENING Y,"Rp420.500,00",,,,,,
89a2d951,,16-07-2026,omset cash cafe,pemasukan cafe,pemasukan,"Rp0,00",,SALDO CASH,"Rp420.500,00",,,,,,
5117b07c,,16-07-2026,omset qris cafe,pemasukan carwash,pemasukan,"Rp0,00",,SALDO REKENING Y,"Rp420.500,00",,,,,,
39be8c9c,ef37fca3,18-07-2026,Esbatu,pengeluaran Cafe,Operasional,,"Rp5.000,00",SALDO CASH,"Rp415.500,00",,,,,,
dfbe0ef5,,18-07-2026,Service kulkas + freezer + kelistrikan,pengeluaran,pengeluaran,,"Rp250.000,00",SALDO CASH,"Rp165.500,00",,,,,,
c4bccf66,,17-07-2026,omset cash carwash,pemasukan carwash,pemasukan,"Rp670.000,00",,SALDO CASH,"Rp835.500,00",,,,,,
835ca966,,17-07-2026,omset qris carwash,pemasukan carwash,pemasukan,"Rp340.000,00",,SALDO REKENING Y,"Rp1.175.500,00",,,,,,
aa2a9e07,,17-07-2026,omset cash cafe,pemasukan cafe,pemasukan,"Rp43.000,00",,SALDO CASH,"Rp1.218.500,00",,,,,,
a40a6c02,,17-07-2026,omset qris cafe,pemasukan carwash,pemasukan,"Rp40.000,00",,SALDO REKENING Y,"Rp1.258.500,00",,,,,,
edb680af,1abe4c17,19-07-2026,Esbatu,pengeluaran Cafe,Bahan Baku,,"Rp10.000,00",SALDO CASH,"Rp1.248.500,00",,,,,,
e1eaa9ba,d5d63ecf,19-07-2026,Belanja Badak,pengeluaran Cafe,Bahan Baku,,"Rp135.000,00",SALDO CASH,"Rp1.113.500,00",,,,,,
5ff6e980,fb2500d4,19-07-2026,Minyak wak udin,Pengeluaran,Operasional,,"Rp10.000,00",SALDO CASH,"Rp1.103.500,00",,,,,,
4e5e347d,619c093e,19-07-2026,Token listrik,pengeluaran Carwash,Operasional,,"Rp204.500,00",SALDO CASH,"Rp899.000,00",,,,,,
cebd553a,ad17bc8a,19-07-2026,Lebih qris,Pengeluaran,Operasional,,"Rp5.000,00",SALDO CASH,"Rp894.000,00",,,,,,
40a855e3,bb6cec99,20-07-2026,Foto copy kertas antrian,pengeluaran Carwash,Operasional,,"Rp5.000,00",SALDO CASH,"Rp889.000,00",,,,,,
95247cd0,21728f85,20-07-2026,Lebih qris,Pengeluaran,Operasional,,"Rp15.000,00",SALDO CASH,"Rp874.000,00",,,,,,
574fe9f2,78256002,20-07-2026,Sabun,pengeluaran Carwash,Bahan Baku,,"Rp85.000,00",SALDO CASH,"Rp789.000,00",,,,,,
7bb0c1de,49d6e3e9,20-07-2026,Ferry,Casbon,Casbon,,"Rp200.000,00",SALDO CASH,"Rp589.000,00",,,,,,
9ad06725,08ae4edc,20-07-2026,Belanja Nasi,pengeluaran Cafe,Bahan Baku,,"Rp170.000,00",SALDO CASH,"Rp419.000,00",,,,,,
a2590da9,9c0f1f55,20-07-2026,Bagus,Casbon,Casbon,,"Rp100.000,00",SALDO CASH,"Rp319.000,00",,,,,,
f343aa6c,,17-07-2026,Pembelian kotak tisu dan pelunasan kertas alas kaki,pengeluaran,operasional,,"Rp1.400.000,00",SALDO REKENING N,"-Rp1.081.000,00",,,,,,
6d7baa24,,20-07-2026,Pembayaran ke bang awal mingguan,pengeluaran,pengeluaran,,"Rp2.500.000,00",SALDO REKENING N,"-Rp3.581.000,00",,,,,,
cce1cd6d,47d3622c,21-07-2026,Lebih qris,Pengeluaran,Operasional,,"Rp20.000,00",SALDO CASH,"-Rp3.601.000,00",,,,,,
f25a7404,8fcb067e,21-07-2026,Ferri,Casbon,Casbon,,"Rp100.000,00",SALDO CASH,"-Rp3.701.000,00",,,,,,
a483a26e,5d18d0c9,21-07-2026,Nopal,Casbon,Casbon,,"Rp100.000,00",SALDO CASH,"-Rp3.801.000,00",,,,,,
2a4fe97d,fdc93fba,21-07-2026,Safa,Casbon,Casbon,,"Rp20.000,00",SALDO CASH,"-Rp3.821.000,00",,,,,,
f4d1ec0c,ef842c0a,22-07-2026,Safa,Casbon,Casbon,,"Rp100.000,00",SALDO CASH,"-Rp3.921.000,00",,,,,,
b67e7e9d,9cfafcff,22-07-2026,Esbatu,Pengeluaran,Bahan Baku,,"Rp10.000,00",SALDO CASH,"-Rp3.931.000,00",,,,,,
6e4bfaf4,2e55ca25,22-07-2026,Fotokopi,Pengeluaran,Operasional,,"Rp3.000,00",SALDO CASH,"-Rp3.934.000,00",,,,,,
32942026,8541d2f9,22-07-2026,Belanja Gula Putih,pengeluaran Cafe,Bahan Baku,,"Rp20.000,00",SALDO CASH,"-Rp3.954.000,00",,,,,,
975084f1,,22-07-2026,Listrik cafe,pengeluaran cafe,operasional,,"Rp203.000,00",SALDO REKENING N,"-Rp4.157.000,00",,,,,,
d57d7cf9,,22-07-2026,Pembelian wax dan jamur kaca,pengeluaran carwash,Bahan Baku,,"Rp156.000,00",SALDO REKENING N,"-Rp4.313.000,00",,,,,,
1ac0fc2a,,20-07-2026,omset cash carwash,pemasukan carwash,pemasukan,"Rp850.000,00",,SALDO CASH,"-Rp3.463.000,00",,,,,,
aa86d627,,20-07-2026,omset qris carwash,pemasukan carwash,pemasukan,"Rp475.000,00",,SALDO REKENING Y,"-Rp2.988.000,00",,,,,,
83b62bec,,20-07-2026,omset cash cafe,pemasukan cafe,pemasukan,"Rp70.000,00",,SALDO CASH,"-Rp2.918.000,00",,,,,,
4ea9894f,,20-07-2026,omset qris cafe,pemasukan carwash,pemasukan,"Rp13.000,00",,SALDO REKENING Y,"-Rp2.905.000,00",,,,,,
af8dcf5b,,21-07-2026,omset cash carwash,pemasukan carwash,pemasukan,"Rp820.000,00",,SALDO CASH,"-Rp2.085.000,00",,,,,,
cdbc73ae,,21-07-2026,omset qris carwash,pemasukan carwash,pemasukan,"Rp610.000,00",,SALDO REKENING Y,"-Rp1.475.000,00",,,,,,
6cb688a2,,21-07-2026,omset cash cafe,pemasukan cafe,pemasukan,"Rp90.000,00",,SALDO CASH,"-Rp1.385.000,00",,,,,,
f6c7ec05,,21-07-2026,omset qris cafe,pemasukan carwash,pemasukan,"Rp53.000,00",,SALDO REKENING Y,"-Rp1.332.000,00",,,,,,
b4505b45,,07-07-2026,Pembayaran ke bang awal mingguan,pengeluaran,pengeluaran,,"Rp2.500.000,00",SALDO REKENING Y,"-Rp3.832.000,00",,,,,,
7319bdcb,53dff426,23-07-2026,Vicky,Casbon,Casbon,,"Rp12.000,00",SALDO CASH,"-Rp3.844.000,00",,,,,,
a51069b5,b0ee8048,23-07-2026,Lebih qris,Pengeluaran,Operasional,,"Rp100.000,00",SALDO CASH,"-Rp3.944.000,00",,,,,,
bf8fc127,03337d11,23-07-2026,Tambahan token,Pengeluaran,Operasional,,"Rp5.000,00",SALDO CASH,"-Rp3.949.000,00",,,,,,
90e0f422,cfb7858d,23-07-2026,Konsumsi,Pengeluaran,Operasional,,"Rp30.000,00",SALDO CASH,"-Rp3.979.000,00",,,,,,
ef1f6c79,ce335ba0,23-07-2026,Belanja Telur,pengeluaran Cafe,Bahan Baku,,"Rp50.000,00",SALDO CASH,"-Rp4.029.000,00",,,,,,