ID_Struk,Tanggal,Jam,Nama_Pelanggan,Keterangan,Metode_Bayar,Status_Bayar,Kasir,Total_Tagihan,GeneratePDF,FilePDF
JB-01,18/04/2026,07.52.00,Calya - Bk 1045 my,,CASH,Selesai,VIRA,55000,,
JB-02,18/04/2026,08.16.00,Sigra - Bk 1190 aeg,,CASH,Selesai,VIRA,55000,TRUE,
JB-03,18/04/2026,08.20.00,Xpander - Bk 1460 afa,,CASH,Selesai,VIRA,55000,,
JB-04,18/04/2026,08.35.00,Innova - Bm 1041 px,Kopi diskon 10%,CASH,Selesai,VIRA,87000,,
JB-05,18/04/2026,08.50.00,Fortuner - Bk 1626 acz,Kopi diskon 10%,QRIS,Selesai,VIRA,87000,,
JB-06,18/04/2026,09.25.00,Xenia - Bk 1761 mk,,CASH,Selesai,VIRA,55000,,
JB-07,18/04/2026,09.35.00,Yaris - BB 1279 ee,,QRIS,Selesai,VIRA,67000,,
JB-08,18/04/2026,10.07.00,Xenia - Ba 1668 bb,,CASH,Selesai,VIRA,55000,,
JB-09,18/04/2026,10.08.00,Fortuner - Bk 1910 dlo,,CASH,Selesai,VIRA,115000,,
JB-0,18/04/2026,10.09.00,Grand vitara - Bl 1868 cw,"Diskon mobil 10%, diskon minum 10%",CASH,Selesai,VIRA,70000,,
JB-1,18/04/2026,10.15.00,Innova - Bk 1623 aeg,Kopi diskon 10%,QRIS,Selesai,VIRA,102000,,
JB-2,18/04/2026,10.25.00,Innova - Bk 1269 aft,,CASH,Selesai,VIRA,60000,,
JB-3,18/04/2026,10.26.00,Innova - Bk 266 yh,,QRIS,Selesai,VIRA,83000,,
JB-4,18/04/2026,10.31.00,Innova - Bk 1860 uy,,CASH,Selesai,VIRA,60000,,
JB-5,18/04/2026,10.39.00,Crv - Bk 1631 tj,,CASH,Selesai,VIRA,55000,,
JB-6,18/04/2026,10.42.00,Karimun - Bk 1909 qx,,CASH,Selesai,VIRA,50000,,
JB-7,18/04/2026,11.01.00,Ranger - Bk 1483 di,Teh susu 15.000,CASH,Selesai,VIRA,83000,,
JB-8,18/04/2026,11.02.00,Ertiga - Bk 1997 kn,,CASH,Selesai,VIRA,63000,,
JB-9,18/04/2026,11.47.00,Xenia - Bk 1516 hy,,CASH,Selesai,VIRA,67000,,
25cf217b,18/04/2026,12.06.00,Innova - Bk  1305 uut,,CASH,Selesai,VIRA,75000,,
8f582c59,18/04/2026,12.12.00,Hrv - Bk 313 i,,QRIS,Selesai,VIRA,55000,,
1cdeac5f,18/04/2026,12.22.00,Yaris - Bk 1152 zs,,QRIS,Selesai,VIRA,55000,,
34739115,18/04/2026,12.25.00,Crv - Bk 1341 aep,,CASH,Selesai,VIRA,70000,,
932e14d0,18/04/2026,12.45.00,Brio - Bk 1677 yu,,CASH,Selesai,VIRA,62000,,
c86cb494,18/04/2026,13.17.00,Innova - Bk 1278 lah,,QRIS,Selesai,VIRA,60000,,
f4774bed,18/04/2026,13.19.00,Xpander - Bk 1242 vt,,CASH,Selesai,VIRA,55000,,
c3804d6f,18/04/2026,13.20.00,Avanza - Bk 1437 ur,,CASH,Selesai,VIRA,55000,,
1e6cd0a0,18/04/2026,14.17.00,Hard top - Bk 1748 hr,,CASH,Selesai,VIRA,137000,,
cfd74e9e,18/04/2026,14.44.00,Innova - Bk 1284 afq,,CASH,Selesai,VIRA,60000,,
e5eb6197,18/04/2026,14.45.00,Hrv - Bk 1178 sq,,CASH,Selesai,VIRA,55000,,
6be9cf94,18/04/2026,14.47.00,Crv - Bk 1985 dde,,CASH,Selesai,VIRA,55000,,
47d6e2d0,18/04/2026,14.57.00,Fortuner - Bk 1688 cui,,QRIS,Selesai,VIRA,60000,,
149fd3d6,18/04/2026,15.03.00,Avanza - Bk 1969 aki,,CASH,Selesai,VIRA,55000,,
dfbd39f5,18/04/2026,15.14.00,Crv - Bk 1831 abv,,CASH,Selesai,VIRA,55000,,
938993d6,18/04/2026,15.21.00,Jazz - Bm 1560 av,,CASH,Selesai,VIRA,55000,,
f0401a4b,18/04/2026,15.54.00,Brio - Bk 1807 fza,,CASH,Selesai,VIRA,60000,,
46a6a2ea,18/04/2026,16.02.00,Rush - Bk 1823 nl,,,Pending,VIRA,55000,,
8ad34b55,18/04/2026,16.03.00,Innova - Bk 1223 afm,,CASH,Selesai,VIRA,60000,,
eabecafb,18/04/2026,16.23.00,Terios - Bk 1752 abf,,CASH,Selesai,VIRA,55000,,
b5e2a9e3,18/04/2026,16.25.00,Pajero - BB 66 dm,,CASH,Selesai,VIRA,87000,,
842f24bc,18/04/2026,17.07.00,Hrv - Bk 1201 yd,,CASH,Selesai,VIRA,55000,,
9e5f870b,18/04/2026,17.08.00,Mazda - Bk 1154 au,,QRIS,Selesai,VIRA,60000,,
f0668009,18/04/2026,18.48.00,Sigra - Bk,,QRIS,Selesai,VIRA,75000,,
ea92d43e,18/04/2026,19.13.00,Fortuner - Bk 1201 ql,,CASH,Selesai,VIRA,60000,,
03e46c0b,19/04/2026,08.23.00,WR-V - Bk 1463 ing,,CASH,Selesai,ALEXA,55000,,
3cdbcf09,19/04/2026,08.24.00,Rush - Bk 1511 lis,,CASH,Selesai,ALEXA,55000,,
8ef8e7af,19/04/2026,08.25.00,Kijang - Bk 1908 oz,,CASH,Selesai,ALEXA,55000,,
33b31311,19/04/2026,08.25.00,Avanza - Bk 1411 ow,,QRIS,Selesai,ALEXA,55000,,
ee32bb59,19/04/2026,08.30.00,Innova - Bk 1154 abm,,QRIS,Selesai,ALEXA,60000,,
c86d8d31,19/04/2026,08.56.00,Avanza - Bk 1820 afs,,CASH,Selesai,ALEXA,55000,,
8aa8cfe4,19/04/2026,08.56.00,Avanza - Bk 1172 aea,,QRIS,Selesai,ALEXA,55000,,
becee9ee,19/04/2026,08.41.00,Rush - Bk 1878 afm,,CASH,Selesai,ALEXA,55000,,
fdb1193e,19/04/2026,09.43.00,Scross - Bk 1939 aac,Diskon 10% kopi,CASH,Selesai,ALEXA,67000,,
016c48e8,19/04/2026,10.05.00,Yaris - Bk 1173 ja,,CASH,Selesai,ALEXA,55000,,
2bd9e2da,19/04/2026,10.09.00,Xl-7 - Bk 1166 acv,Diskon 10% kopi,CASH,Selesai,ALEXA,70000,,
8c465b30,19/04/2026,10.12.00,Innova - Bk 1691 agc,,CASH,Selesai,ALEXA,60000,,
032dd9d1,19/04/2026,10.15.00,Vios - Bk 1956 aap,,CASH,Selesai,ALEXA,55000,,
6cf92c07,19/04/2026,10.25.00,Agya - Bk 1526 na,,QRIS,Selesai,ALEXA,50000,,
8c08697b,19/04/2026,10.37.00,Ertiga - Bk 1903 aau,,CASH,Selesai,ALEXA,55000,,
c1947228,19/04/2026,11.13.00,Mobilio - Bk 1500 ko,,CASH,Selesai,ALEXA,55000,,
6c59e5d4,19/04/2026,11.14.00,Innova - Bk 1857 zk,,QRIS,Selesai,ALEXA,60000,,
c42fcd6a,19/04/2026,11.25.00,Crv - Bk 1793 aec,,CASH,Selesai,ALEXA,55000,,
f71b9f62,19/04/2026,11.35.00,Ayla - Bk 1980 acr,,CASH,Selesai,ALEXA,50000,,
c8089b34,19/04/2026,11.39.00,Ayla - Bk 5 kmn,,QRIS,Selesai,ALEXA,50000,,
49fefb78,19/04/2026,12.22.00,Hrv - Bk 1233 kl,,CASH,Selesai,ALEXA,55000,,
b69b46f2,19/04/2026,12.30.00,Sigra - Bk 1173 agg,,CASH,Selesai,ALEXA,55000,,
ca67c595,19/04/2026,12.53.00,Fortuner - Bk 1662 rs,,QRIS,Selesai,ALEXA,60000,,
f6cc027d,19/04/2026,14.22.00, - ,,CASH,Selesai,ALEXA,10000,,
65b8b2aa,19/04/2026,08.23.00, - ,Diskon 10% kopi,CASH,Selesai,ALEXA,15000,,
aaafea92,19/04/2026,09.24.00, - ,Diskon 10% kopi,CASH,Selesai,ALEXA,12000,,
671b55c3,19/04/2026,14.25.00, - ,,CASH,Selesai,ALEXA,15000,,
cfbbf839,19/04/2026,14.26.00, - ,,QRIS,Selesai,ALEXA,10000,,
f7e8ca86,19/04/2026,14.26.00, - ,,CASH,Selesai,ALEXA,15000,,
83c968b4,19/04/2026,10.27.00, - ,Diskon 10% kopi,CASH,Selesai,ALEXA,12000,,
4da984b1,19/04/2026,14.27.00, - ,,CASH,Selesai,ALEXA,15000,,
a96c7f58,19/04/2026,14.40.00,Terios - Bk 1544 ade,,CASH,Selesai,ALEXA,55000,,
f96cc0da,19/04/2026,14.42.00,Pajero - B 2715 sjk,,QRIS,Selesai,ALEXA,75000,,
83a8c74e,19/04/2026,15.20.00,Agya - BB 1159 rb,,CASH,Selesai,ALEXA,60000,,
09c37afb,19/04/2026,16.33.00,Crv - Bk 999 as,,CASH,Selesai,ALEXA,70000,,
d4528d46,19/04/2026,16.34.00,Yaris - Bd 1097 ap,,CASH,Selesai,ALEXA,55000,,
75597c73,19/04/2026,16.42.00,Hilux - Bk 8202 gk,,QRIS,Selesai,ALEXA,75000,,
ace79cde,19/04/2026,17.11.00,Xpander - Bk 1067 ado,,CASH,Selesai,ALEXA,55000,,
b733ecc6,19/04/2026,17.38.00,Fortuner - Bk 1050 abl,60.000 potong 10.000,CASH,Selesai,ALEXA,50000,,
617d68b3,19/04/2026,18.55.00,Etios - Bk 1112 ml,,QRIS,Selesai,ALEXA,70000,,
41ec4236,20/04/2026,07.44.00,Sienta - Bk 1814 fc,,CASH,Selesai,ALEXA,55000,,
30b0aa31,20/04/2026,07.58.00,Rush - Bk 1589 ns,,QRIS,Selesai,ALEXA,55000,,
e8718487,20/04/2026,08.17.00,Avanza - B 1378 jki,,CASH,Selesai,ALEXA,55000,,
c441c410,20/04/2026,08.29.00,Avanza - Bk 1023 ada,,CASH,Selesai,ALEXA,55000,,
2a93462f,20/04/2026,08.44.00,Innova - Bk 1680 afr,,CASH,Selesai,ALEXA,60000,,
8c950a2e,20/04/2026,09.03.00,Almaz - Bk 1827 ajj,,CASH,Selesai,ALEXA,65000,,
d922d8e1,20/04/2026,09.58.00,Veloz - Bk 1576 adp,,CASH,Selesai,ALEXA,55000,,
d352416f,20/04/2026,10.10.00,Xenia - Bk 1976 vt,,CASH,Selesai,ALEXA,55000,,
a5b3013f,20/04/2026,10.38.00,Innova - Bk 1436 ik,,CASH,Selesai,ALEXA,60000,,
1e5a8767,20/04/2026,10.41.00,Fortuner - Bk 1805 eno,,CASH,Selesai,ALEXA,60000,,
7278a8e3,20/04/2026,10.54.00,Innova - Bk 1169 ub,,QRIS,Selesai,ALEXA,60000,,
5743b4d0,20/04/2026,11.06.00,Innova - Bk 1847 im,Diskon 10%,CASH,Selesai,ALEXA,60000,,
2b8fddd4,20/04/2026,11.10.00,Innova - Bk 1447 mw,,CASH,Selesai,ALEXA,60000,,
3621fd4c,20/04/2026,12.55.00,Avanza - Bk 1534 agf,,CASH,Selesai,ALEXA,65000,,
dc60923e,20/04/2026,14.40.00,Xover - Bk 1795 acw,,CASH,Selesai,ALEXA,65000,,
f40af436,20/04/2026,14.56.00, - ,,CASH,Selesai,ALEXA,20000,,
f4555a2d,20/04/2026,14.58.00, - ,,QRIS,Selesai,ALEXA,10000,,
8a78417e,20/04/2026,15.06.00,Avanza - Bk 1839 ot,,CASH,Selesai,ALEXA,55000,,
db708729,20/04/2026,16.17.00,Crv - Bk 1081 yf,,CASH,Selesai,ALEXA,55000,,
f9951c9b,20/04/2026,16.59.00,Avanza - Bk 1773 uq,,CASH,Selesai,ALEXA,55000,,
e1374e70,20/04/2026,16.55.00,Innova - Bk 1953 ib,Diskon 5%,CASH,Selesai,ALEXA,65000,,
242d3161,20/04/2026,18.58.00,Xenia - Bk 1626 wv,,CASH,Selesai,ALEXA,75000,,
dd5d696a,20/04/2026,20.27.00, - ,Angga,CASH,Selesai,ALEXA,10000,,
220bf318,21/04/2026,08.11.00,Rush - Bk 1231 acs,,CASH,Selesai,ALEXA,55000,,
c894d5ce,21/04/2026,08.13.00,Calya - Bk 1965 acv,,CASH,Selesai,ALEXA,55000,,
71e866f1,21/04/2026,08.13.00,Xenia - Bk 1711 abw,,CASH,Selesai,ALEXA,55000,,
2a397988,21/04/2026,08.15.00,Xtrail - Bh 168 ws,,CASH,Selesai,ALEXA,55000,,
eb8e28b9,21/04/2026,08.31.00,Calya - Bk 1690 afp,,CASH,Selesai,ALEXA,55000,,
682a1d13,21/04/2026,08.32.00, - ,,CASH,Selesai,ALEXA,10000,,
bec120b5,21/04/2026,08.45.00,HR-V - Bk 1325 ki,,CASH,Selesai,ALEXA,55000,,
4b3dbe45,21/04/2026,08.49.00,Innova - Bk 1926 afz,,CASH,Selesai,ALEXA,60000,,
83278114,21/04/2026,09.11.00,Brv - Bk 1904 afv,,CASH,Selesai,ALEXA,55000,,
dfe8f6df,21/04/2026,09.49.00,Avanza - Bk 1600 jk,Diskon kopi 10%,QRIS,Selesai,ALEXA,70000,,
1dd2a574,21/04/2026,09.50.00,Brio - Be 1437 and,,CASH,Selesai,ALEXA,50000,,
60f4262c,21/04/2026,10.14.00,Hrv - Bk 1024 vqa,,CASH,Selesai,ALEXA,55000,,
17645eab,21/04/2026,10.22.00,Rush - Bk 1369 afm,,CASH,Selesai,ALEXA,55000,,
1c17c343,21/04/2026,11.34.00,Avanza - Bk 1529 au,,CASH,Selesai,ALEXA,55000,,
8a48e451,21/04/2026,11.41.00,Innova - Bk 1408 lan,,CASH,Selesai,ALEXA,70000,,
91b3e4e7,21/04/2026,11.42.00,Innova - Bk 1993 uf,,CASH,Selesai,ALEXA,60000,,
69e3859a,21/04/2026,12.21.00,Civic - Bk 1746 maf,,CASH,Selesai,ALEXA,60000,,
bf2d4df5,21/04/2026,12.48.00,Rush - Bk 1282 acx,,CASH,Selesai,ALEXA,55000,,
b5a70536,21/04/2026,14.22.00,Avanza - Bk 1775 ada,,,Pending,ALEXA,55000,,
dffd1922,22/04/2026,08.52.00,Terra - Bj 18 bj,,CASH,Selesai,ALEXA,60000,,
8fba64a0,22/04/2026,08.53.00,WR-V - Bk 1707 aff,,CASH,Selesai,ALEXA,55000,,
c8c99d7f,22/04/2026,08.54.00,Harrier - Bk 1681 afw,,,Pending,ALEXA,55000,,
aeb6a4a2,22/04/2026,09.09.00,Sigra - Bk 1602 afs,Diskon 10% kopi,CASH,Selesai,ALEXA,70000,,
8366dd85,22/04/2026,09.26.00,Fortuner - Bk 373 bno,,CASH,Selesai,ALEXA,60000,,
1a28b717,22/04/2026,09.39.00,Innova - Bk 1971 ars,,CASH,Selesai,ALEXA,45000,,
aab0b749,22/04/2026,09.50.00,Rush - Bk 1746 aey,,CASH,Selesai,ALEXA,55000,,
4ed7f2bd,22/04/2026,10.03.00,Brio - Bk 1842 nm,,CASH,Selesai,ALEXA,50000,,
d3215f47,22/04/2026,10.30.00,Rush - Bk 1801 ib,,CASH,Selesai,ALEXA,55000,,
3fc36c5f,22/04/2026,10.36.00,Avanza - Bk 1031 lak,,CASH,Selesai,ALEXA,60000,,
1cc7e39f,22/04/2026,10.59.00,Innova - Bk 1639 nk,Diskon 10% kopi,CASH,Selesai,ALEXA,75000,,
b35d4518,22/04/2026,12.18.00,Agya - Bk 1454 oj,,CASH,Selesai,ALEXA,50000,,
306c06a1,22/04/2026,14.46.00,Captiva - Bk 1988 od,,QRIS,Selesai,ALEXA,67000,,
44d44357,22/04/2026,15.04.00,Rush - Bk 1952 aah,,CASH,Selesai,ALEXA,55000,,
4fb45018,22/04/2026,15.26.00,Rocky - Bk 1343 acr,,CASH,Selesai,ALEXA,55000,,
0e571a00,22/04/2026,15.27.00,Scross - Bk 1872 fl,,CASH,Selesai,ALEXA,55000,,
76750f56,22/04/2026,16.48.00,Avanza - Bk 1214 IG,,CASH,Selesai,ALEXA,55000,,
68098429,22/04/2026,17.10.00,inova - Bk 1270 ji,,QRIS,Selesai,ALEXA,60000,,
1130811a,22/04/2026,17.10.00,Yaris - Bk 1299 qa,,QRIS,Selesai,ALEXA,50000,,
0df13cf5,22/04/2026,17.5.00,Calya - B 1923 rot,,CASH,Selesai,ALEXA,55000,,
2089f207,22/04/2026,17.59.00,Eterna - Bk 1445 mac,,CASH,Selesai,ALEXA,87000,,
ce4315e5,22/04/2026,18.27.00,Innova - Bk 1930 acd,,CASH,Selesai,ALEXA,85000,,
9b723a97,23/04/2026,08.03.00,Agya - Bk 1648 ou,,CASH,Selesai,ALEXA,55000,,
2a74d55a,23/04/2026,08.55.00,Mazda 3 - Bk 1243 aef,,QRIS,Selesai,ALEXA,55000,,
9bd71891,23/04/2026,09.15.00,Innova - Bk 1011 aga,,CASH,Selesai,ALEXA,60000,,
335d4048,23/04/2026,09.28.00,Carry - Bk 8368 fr,,CASH,Selesai,ALEXA,60000,,
0db07736,23/04/2026,09.43.00,Fortuner - Bk 1313,,CASH,Selesai,ALEXA,60000,,
e27e9f9c,23/04/2026,09.49.00,Innova - BB 1682 rc,,QRIS,Selesai,ALEXA,60000,,
f5ae2c31,23/04/2026,09.49.00,WR-V - Bk 1056 aeh,,CASH,Selesai,ALEXA,55000,,
054017ad,23/04/2026,10.47.00,Yaris - B 1107 sym,,CASH,Selesai,ALEXA,58000,,
fbfbb792,23/04/2026,10.48.00,Ertiga - Bk 1722 aei,,CASH,Selesai,ALEXA,55000,,
c9f32b2e,23/04/2026,10.50.00,Palisade - Bk 70 lu,Diskon kopi 10%,QRIS,Selesai,ALEXA,72000,,
bcc2a1ad,23/04/2026,11.15.00,Innova - Bk 1326 afx,,CASH,Selesai,ALEXA,60000,,
f0daa636,23/04/2026,11.32.00,Brio - Bk 1431 aey,,CASH,Selesai,ALEXA,50000,,
6feed1b7,23/04/2026,11.33.00,City - Bk 1292 tf,,CASH,Selesai,ALEXA,55000,,
fa8d26af,23/04/2026,11.46.00,Freed - Bk 1845 vj,,QRIS,Selesai,ALEXA,55000,,
eb3a4315,23/04/2026,12.06.00,Avanza - Bk 1705 abo,,CASH,Selesai,ALEXA,55000,,
29f28841,23/04/2026,12.21.00,Etios - Bk 1889 aav,,CASH,Selesai,ALEXA,50000,,
7944cbd6,23/04/2026,12.21.00,City - Bk 1131 gh,,CASH,Selesai,ALEXA,55000,,
274fc0af,23/04/2026,13.06.00,Scross - Bk 1112 aae,,QRIS,Selesai,ALEXA,55000,,
858f2c68,23/04/2026,13.17.00,Brv - KT 1752 wy,,CASH,Selesai,ALEXA,55000,,
03b298fb,23/04/2026,13.34.00,Ertiga - Bk 1449 xc,,CASH,Selesai,ALEXA,55000,,
922ac205,23/04/2026,13.54.00,Sigra - Bk 1070 fy,,CASH,Selesai,ALEXA,55000,,
cc9da295,23/04/2026,14.40.00,Terios - Bk 1752 abf,,CASH,Selesai,ALEXA,75000,,
b7b4cfcc,23/04/2026,14.51.00,Everest - Bk 1516 jv,,CASH,Selesai,ALEXA,60000,,
8025d795,23/04/2026,15.23.00,Brio - Bk 1486 uj,,CASH,Selesai,ALEXA,50000,,
6d80bc24,23/04/2026,15.24.00,Innova - BB 1356 xr,,CASH,Selesai,ALEXA,75000,,
3d23789d,23/04/2026,15.40.00,Pajero - Bk 1876 vab,,QRIS,Selesai,ALEXA,65000,,
e14ca7f0,23/04/2026,15.41.00,Avanza - F 1124 ry,,CASH,Selesai,ALEXA,55000,,
c438df8d,23/04/2026,16.52.00,Teraga - Bm 8430 zb,,CASH,Selesai,ALEXA,55000,,
24322ceb,23/04/2026,16.52.00,Starlet - Bk 1286 op,,CASH,Selesai,ALEXA,62000,,
e74a78a0,23/04/2026,16.53.00, - ,,CASH,Selesai,ALEXA,20000,,
e0a2230a,23/04/2026,17.01.00,Calya - Bk 1230 wz,,CASH,Selesai,ALEXA,55000,,
2d4e6adb,23/04/2026,17.10.00,Fortuner - Bk 1501 bt,,QRIS,Selesai,ALEXA,76000,,
27ae2fd7,23/04/2026,18.20.00,Sigra - Bk 1707 aej,,CASH,Selesai,ALEXA,75000,,
37df80cf,24/04/2026,08.20.00,Innova - Bk 1902 adg,,CASH,Selesai,ALEXA,60000,,
0cff6b95,24/04/2026,08.20.00,Xpander - Bk 1654 aat,,CASH,Selesai,ALEXA,55000,,
d16e7bc8,24/04/2026,08.21.00,Ayla - Bk 1068 ii,,CASH,Selesai,ALEXA,50000,,
e5dd7965,24/04/2026,08.40.00,Veloz - Bk 1165 adq,,QRIS,Selesai,ALEXA,55000,,
dfe7cc44,24/04/2026,08.57.00,Xenia - Bk 1582 hu,,CASH,Selesai,ALEXA,55000,,
8a922b0f,24/04/2026,09.13.00,Pajero - B 2709 kbf,,QRIS,Selesai,ALEXA,60000,,
7d49cef9,24/04/2026,09.14.00,Avanza - Bk 1022 uu,,CASH,Selesai,ALEXA,70000,,
eb32d406,24/04/2026,09.28.00,Rush - Bk 1793 qh,,CASH,Selesai,ALEXA,55000,,
2209b987,24/04/2026,09.43.00,Xtrail - Bk 1428 l,,CASH,Selesai,ALEXA,55000,,
cf5be87f,24/04/2026,10.16.00,Pick Up - Bk 8407 ep,,CASH,Selesai,ALEXA,55000,,
42d7f772,24/04/2026,11.24.00,Avanza - Bk 1269 adv,,CASH,Selesai,ALEXA,55000,,
4b5acf5c,24/04/2026,12.19.00,Terios - Bk 1209 aek,,CASH,Selesai,ALEXA,55000,,
cf58d7a8,24/04/2026,12.19.00,Ranger - Bh 8063 hj,,CASH,Selesai,ALEXA,60000,,
4ee29ac4,24/04/2026,12.20.00,Innova - Bk 1102 adw,,CASH,Selesai,ALEXA,60000,,
f86dd8ee,24/04/2026,12.44.00,Mazda 2 - Bk 1386 zc,,QRIS,Selesai,ALEXA,50000,,
185cbb2c,24/04/2026,14.52.00,Terios - Bk 1579 kt,,CASH,Selesai,ALEXA,55000,,
1d94ea4b,24/04/2026,15.47.00,Xpander - Bk 112 fk,,QRIS,Selesai,ALEXA,55000,,
2061da3d,24/04/2026,16.00.00,Freed - Bk 1036 mo,,CASH,Selesai,ALEXA,55000,,
345922a8,24/04/2026,16.07.00,Yaris - Bk 1474 ia,,QRIS,Selesai,ALEXA,55000,,
463ec542,24/04/2026,16.18.00,Panther - Bk 1489 un,,CASH,Selesai,ALEXA,70000,,
ff600a4d,24/04/2026,16.34.00,Calya - Bk 1537 hb,,CASH,Selesai,ALEXA,60000,,
e3e075f0,24/04/2026,16.35.00,Pajero - Bk 1679 pn,,CASH,Selesai,ALEXA,60000,,
5354f7a4,24/04/2026,16.43.00,Pick Up - Bk 8235 pf,,CASH,Selesai,ALEXA,55000,,
d11ca394,24/04/2026,17.14.00,Brio - Bk 1972 afz,,CASH,Selesai,ALEXA,50000,,
a3f98aed,24/04/2026,17.15.00,Brio - Bk 1829 vx,,QRIS,Selesai,ALEXA,55000,,
b8a137ca,24/04/2026,17.26.00,Jazz - Bk 1460 afe,,QRIS,Selesai,ALEXA,60000,,
b9def267,24/04/2026,18.24.00,BMW - B 1809 bai,,QRIS,Selesai,ALEXA,75000,,
00b1d140,24/04/2026,18.30.00,Ayla - Bk 1949 afp,,CASH,Selesai,ALEXA,70000,,
5f443073,25/04/2026,07.59.00,Yaris - Bk 1232,,QRIS,Selesai,ALEXA,55000,,
8f1e95f5,25/04/2026,07.59.00,Mobilio - Ba 1474 td,,QRIS,Selesai,ALEXA,55000,,
2be3e9e2,25/04/2026,08.06.00,Almaz - Bk 1764 abl,,CASH,Selesai,ALEXA,55000,,
939fb41d,25/04/2026,08.31.00,Sigra - Bk 1649 wag,,CASH,Selesai,ALEXA,55000,,
17908911,25/04/2026,08.32.00,Innova - Bk 1723 afc,,QRIS,Selesai,ALEXA,60000,,
b42b7f84,25/04/2026,08.35.00,Avanza - B 2234 kol,,QRIS,Selesai,ALEXA,55000,,
2f76a9c4,25/04/2026,08.38.00,Mobilio - Bk 1647 xb,,CASH,Selesai,ALEXA,55000,,
015a4314,25/04/2026,08.38.00,Innova - Bk 1286 ka,,CASH,Selesai,ALEXA,60000,,
b1186637,25/04/2026,08.39.00,Xenia - Bk 1379 aar,,CASH,Selesai,ALEXA,55000,TRUE,
1d861763,25/04/2026,08.40.00,Terano - Bk 1503 dz,,CASH,Selesai,ALEXA,60000,,
e2125167,25/04/2026,09.10.00,Innova - Bk 1992 fff,,CASH,Selesai,ALEXA,60000,,
b2879338,25/04/2026,09.11.00,Fortuner - B 14 aff,,QRIS,Selesai,ALEXA,60000,,
44b6617f,25/04/2026,09.24.00,Avanza - Bk 1612 adv,,QRIS,Selesai,ALEXA,55000,,
7b173bad,25/04/2026,09.40.00,Brio - Bk 1918 adb,,CASH,Selesai,ALEXA,50000,,
9aaafea0,25/04/2026,09.41.00,Xenia - Bk 1772 qd,,CASH,Selesai,ALEXA,55000,,
03e11cb2,25/04/2026,09.42.00,Avanza - Bk 1173 ip,,CASH,Selesai,ALEXA,55000,,
4d14c757,25/04/2026,10.05.00,March - Bk 1740 vx,,QRIS,Selesai,ALEXA,50000,,
4c847238,25/04/2026,10.05.00,Innova - Bk 1948 zc,,CASH,Selesai,ALEXA,60000,,
9580c2fd,25/04/2026,10.26.00,Pick Up - Bk 8457 so,,CASH,Selesai,ALEXA,55000,,
862380a6,25/04/2026,10.51.00,Brio - Bk 1437 uk,,CASH,Selesai,ALEXA,50000,,
ebab9691,25/04/2026,11.05.00,Ignis - Bk 1654 acg,,CASH,Selesai,ALEXA,50000,,
cdf96206,25/04/2026,11.23.00,Rush - Bk 1980 lbs,,CASH,Selesai,ALEXA,55000,,
2598fa53,25/04/2026,11.23.00,Brv - Bk 1891 aff,,QRIS,Selesai,ALEXA,55000,,
ef3861a5,25/04/2026,11.24.00,Avanza - B 1703 pin,,CASH,Selesai,ALEXA,65000,,
59e5eddf,25/04/2026,11.34.00,Jazz - Bk 1389 ob,,CASH,Selesai,ALEXA,55000,,
517a21a7,25/04/2026,12.09.00, - ,Potongan 5rb ( bagus),CASH,Selesai,ALEXA,15000,,
c2411a68,25/04/2026,12.21.00,Crv - Bk 1735 acb,,QRIS,Selesai,ALEXA,55000,,
644b60a7,25/04/2026,12.32.00, - ,,CASH,Selesai,ALEXA,20000,,
f71f276d,25/04/2026,12.48.00,Avanza - Bk 1349 agg,,CASH,Selesai,ALEXA,73000,,
c88a89cd,25/04/2026,13.08.00,Ayla q - Bkm1068 ro,,QRIS,Selesai,ALEXA,50000,,
5722e0c0,25/04/2026,13.08.00,Avanza - Bk 1806 xba,,CASH,Selesai,ALEXA,55000,,
479bd062,25/04/2026,13.42.00,Brio - Bk 1629 qia,,CASH,Selesai,ALEXA,50000,,
e4920e1d,25/04/2026,13.59.00,Agya - Bk 1027 jn,,CASH,Selesai,ALEXA,50000,,
43e109e9,25/04/2026,14.39.00,WR-V - Bk 1393 nv,Potong yazid 5rb,CASH,Selesai,ALEXA,55000,,
51bc423b,25/04/2026,14.44.00,Brio - Bk 1326 afk,,QRIS,Selesai,ALEXA,50000,,
8a5fc45f,25/04/2026,15.00.00,Terios - B 2887 uik,,CASH,Selesai,ALEXA,88000,,
86b64760,25/04/2026,15.16.00,Xtrail - Bk 1751 adl,,CASH,Selesai,ALEXA,65000,,
8d02e456,25/04/2026,15.37.00,Avanza - D 1690 aaa,,CASH,Selesai,ALEXA,63000,,
77886f3a,25/04/2026,15.38.00,Avanza - Bk 1517 ha,,QRIS,Selesai,ALEXA,55000,,
1214f3b7,25/04/2026,16.01.00,Innova - Bm 1953 jb,,CASH,Selesai,ALEXA,60000,,
7e04d1a0,25/04/2026,16.02.00,Hilux - Bk 8619 af,,QRIS,Selesai,ALEXA,70000,,
8d53ea92,25/04/2026,16.03.00,Go panca - Bk 1372 ev,,CASH,Selesai,ALEXA,60000,,
588f0efe,25/04/2026,16.04.00,Xenia - Bm2752 pzm,,CASH,Selesai,ALEXA,55000,,
6b9149eb,25/04/2026,16.22.00,Avanza - Bk 1394 abt,,CASH,Selesai,ALEXA,55000,,
9bfb1ca9,25/04/2026,16.23.00,Confero - Bk 1176 zx,,CASH,Selesai,ALEXA,55000,,
4ad7780c,25/04/2026,16.45.00,Innova - Bk 1305 uut,,CASH,Selesai,ALEXA,75000,,
,,,,,,,,,,
97e1c108,25/04/2026,17.05.00,Innova - Bk 1691 agc,,CASH,Selesai,ALEXA,60000,,
81d7b35f,25/04/2026,17.10.00,Brio - Bk 1678 ac,,CASH,Selesai,ALEXA,50000,,
b76480d1,25/04/2026,17.11.00,Hilux - Bk 8361 fe,,CASH,Selesai,ALEXA,60000,,
6faf4e3c,25/04/2026,17.11.00,Luxio - Bk 1663 ze,,QRIS,Selesai,ALEXA,85000,,
9c594042,25/04/2026,17.12.00, - ,,QRIS,Selesai,ALEXA,45000,,
0d906ce0,25/04/2026,17.08.00,Calya - Bk 1654 agm,,QRIS,Selesai,ALEXA,55000,,
98f997ca,25/04/2026,18.00.00,Avanza - Bk 1449 ack,,QRIS,Selesai,ALEXA,75000,,
92eb51b0,26/04/2026,08.43.00,Fortuner - Bk 1456 atn,,CASH,Selesai,ALEXA,68000,,
58d15e69,26/04/2026,08.51.00,Avanza - B 2321 tyj,,CASH,Selesai,ALEXA,55000,,
67f4d7ee,26/04/2026,08.55.00,Xenia - Ba 1668 bd,,CASH,Selesai,ALEXA,55000,,
be595a27,26/04/2026,08.59.00,Avanza - Bk 1797 mad,,CASH,Selesai,ALEXA,60000,,
acda275f,26/04/2026,09.00.00,Kijang - Bk 1760 xo,,CASH,Selesai,ALEXA,55000,,
908c2b3e,26/04/2026,09.00.00,Trax - Ba 1781 ai,,CASH,Selesai,ALEXA,55000,,
e8361dfd,26/04/2026,09.01.00,Fortuner - Bk 1349 ay,,CASH,Selesai,ALEXA,60000,,
820d3154,26/04/2026,09.03.00,Ertiga - Bk 1090 gb,,CASH,Selesai,ALEXA,55000,,
32682295,26/04/2026,09.04.00,Avanza - Bk 1386 fd,,CASH,Selesai,ALEXA,55000,,
4e12ef4b,26/04/2026,09.31.00,Almaz - Bk 1888 gan,,QRIS,Selesai,ALEXA,55000,,
3ab89ba1,26/04/2026,09.32.00,Everest - Bk 1713 yc,,CASH,Selesai,ALEXA,60000,,
1426c439,26/04/2026,09.32.00,Mobilio - Bk 1797 or,,QRIS,Selesai,ALEXA,65000,,
0d8c4ab2,26/04/2026,09.49.00,Pick Up - Bk 8137 gc,,CASH,Selesai,ALEXA,55000,,
adee10c6,26/04/2026,10.04.00,Xenia - Bk 1801 qi,,CASH,Selesai,ALEXA,55000,,
47acd82b,26/04/2026,10.04.00,Rocky - Nk 1202 afc,,QRIS,Selesai,ALEXA,55000,,
5bf9e70b,26/04/2026,10.05.00,Xenia - B 1562 pga,,CASH,Selesai,ALEXA,55000,,
7fd7b87f,26/04/2026,10.05.00,Mobilio - Bk 1997 acc,,QRIS,Selesai,ALEXA,55000,,
ef378817,26/04/2026,10.32.00,Xenia - Bk 1147 abt,,CASH,Selesai,ALEXA,55000,,
a575df89,26/04/2026,11.04.00,Rush - Bk 1611 vab,,CASH,Selesai,ALEXA,55000,,
afb2a4c0,26/04/2026,11.04.00,Veloz - Bk 1689 ado,,CASH,Selesai,ALEXA,55000,,
b2d4a096,26/04/2026,11.05.00,Xenia - Bk 1761 mx,,CASH,Selesai,ALEXA,60000,,
1deff63f,26/04/2026,11.06.00,Brio - Bk 1042 ade,,CASH,Selesai,ALEXA,55000,,
bb7bf4b3,26/04/2026,11.24.00,Kijang - Bk 1619 dn,,CASH,Selesai,ALEXA,55000,,
0726fc44,26/04/2026,12.02.00,Innova - Bk 1741 wi,,CASH,Selesai,ALEXA,70000,,
97331db1,26/04/2026,12.05.00,Agya - Bk 1452 aey,,CASH,Selesai,ALEXA,78000,,
7b4df534,26/04/2026,12.06.00,Xenia - Bk 1814 rk,,CASH,Selesai,ALEXA,55000,,
2d547336,26/04/2026,12.10.00,Xpander - Bk 1552 abz,,QRIS,Selesai,ALEXA,65000,,
fa72c979,26/04/2026,12.10.00,Avanza - Bk 1465 aei,,QRIS,Selesai,ALEXA,55000,,
535a1bf5,26/04/2026,12.42.00,Hrv - Bl 1810 ls,,QRIS,Selesai,ALEXA,55000,,
34ef34f9,26/04/2026,13.02.00,Mazda 2 - Bk 1426 wao,,QRIS,Selesai,ALEXA,100000,,
61b93362,26/04/2026,13.03.00,Veloz - Bk 1917 ns,,CASH,Selesai,ALEXA,105000,,
358ef332,26/04/2026,13.25.00,Crv - Bk 1572 aap,,QRIS,Selesai,ALEXA,55000,,
6d1d0863,26/04/2026,13.26.00,Kijang - F 1882 cy,,CASH,Selesai,ALEXA,55000,,
d07d656f,26/04/2026,13.30.00,WR-V - Bk 1542 tag,,CASH,Selesai,ALEXA,55000,,
280ebb68,26/04/2026,13.39.00, - ,,CASH,Selesai,ALEXA,5000,,
0aa5f1e9,26/04/2026,13.46.00,Brio - Bk 1431 agl,,QRIS,Selesai,ALEXA,70000,,
c8ac4854,26/04/2026,14.05.00,Innova - Bk1658 yak,,QRIS,Selesai,ALEXA,72000,,
a4953c05,26/04/2026,14.06.00,Corola - Bk 1267 lal,,QRIS,Selesai,ALEXA,55000,,
c39b37f5,26/04/2026,14.06.00,March - Bk 1353 op,,CASH,Selesai,ALEXA,50000,,
91e14f3e,26/04/2026,14.22.00,Avanza - Bk 1305 erd,,QRIS,Selesai,ALEXA,55000,,
f017d6e7,26/04/2026,14.23.00,Freed - Bk 1803 zl,,CASH,Selesai,ALEXA,55000,,
77477427,26/04/2026,14.27.00,HR-V - Bk 1165 aes,,CASH,Selesai,ALEXA,55000,,
301a11f9,26/04/2026,14.34.00,Triton - Bk 8143 a,,CASH,Selesai,ALEXA,60000,,
7e24153a,26/04/2026,15.27.00,Teana - B 1728 peq,,CASH,Selesai,ALEXA,55000,,
37b0bee9,26/04/2026,15.33.00,Agya - Bk 1930 afb,,CASH,Selesai,ALEXA,50000,,
c90763a3,26/04/2026,15.37.00,Innova - Bk 1131 afs,,QRIS,Selesai,ALEXA,90000,,
1ffc3d6d,26/04/2026,16.20.00,Hrv - Bk 1146 ags,,CASH,Selesai,ALEXA,55000,,
2a37d1f3,26/04/2026,16.21.00,Rush - Bk 1713 adb,,CASH,Selesai,ALEXA,55000,,
e137912b,26/04/2026,16.28.00, - ,,CASH,Selesai,ALEXA,15000,,
76ae43e7,26/04/2026,16.44.00,WR-V - Bk 1337 aea,,CASH,Selesai,ALEXA,55000,,
97272afd,26/04/2026,16.44.00,Jimny - Bk 1762 agl,,CASH,Selesai,ALEXA,55000,,
ffee50eb,26/04/2026,16.56.00,Crv - Bk 1921 us,,CASH,Selesai,ALEXA,55000,,
e6338ac3,26/04/2026,17.14.00,Rush - Bk 1324 aah,,QRIS,Selesai,ALEXA,70000,,
92073bcc,26/04/2026,17.27.00,Avanza - Bk 1505 au,,CASH,Selesai,ALEXA,71000,,
1cfa1b8f,27/04/2026,08.38.00,Pajero - Bk 1876 vab,,QRIS,Selesai,ALEXA,70000,,
38e9927d,27/04/2026,08.57.00,Rush - Bk 1464 aet,,CASH,Selesai,ALEXA,55000,,
dcda866e,27/04/2026,09.05.00,Hrv - Bk 1435 uz,,CASH,Selesai,ALEXA,55000,,
aea1dc18,27/04/2026,09.16.00,Crv - Bk 1499 qd,,CASH,Selesai,ALEXA,55000,,
05f51227,27/04/2026,09.22.00,Avanza - Bk 1773 uq,,CASH,Selesai,ALEXA,55000,,
43e1ec3d,27/04/2026,09.44.00,Xl-7 - Bk 1607 aga,,CASH,Selesai,ALEXA,55000,,
02b00e78,27/04/2026,09.45.00,Rush - Bk 1301 ht,,QRIS,Selesai,ALEXA,55000,,
9d83c2d8,27/04/2026,09.45.00,Innova - Bk 1715 adj,,QRIS,Selesai,ALEXA,60000,,
215741a1,27/04/2026,10.09.00, - ,Potongan 5rb bagus,CASH,Selesai,ALEXA,15000,,
da926033,27/04/2026,10.22.00,Avanza - B 1405 jkd,,CASH,Selesai,ALEXA,55000,,
81e847ba,27/04/2026,11.13.00,Terios - Bk 1752 dx,,CASH,Selesai,ALEXA,55000,,
5ca7bc52,27/04/2026,11.34.00,Avanza - Bh 1334 hm,,CASH,Selesai,ALEXA,55000,,
f5534bde,27/04/2026,12.18.00,Innova - Bk 1278 lah,,QRIS,Selesai,ALEXA,68000,,
a1722fa7,27/04/2026,13.01.00,Calya - Bk 1690 afp,,CASH,Selesai,ALEXA,55000,,
49fec263,27/04/2026,13.01.00,Corola - Bk 1648 aaf,,QRIS,Selesai,ALEXA,55000,,
50656819,27/04/2026,14.41.00,Innova - Bk 1971 ars,,QRIS,Selesai,ALEXA,50000,,
e4dec8ae,27/04/2026,14.45.00,Yaris - Bk 1385 rk,,QRIS,Selesai,ALEXA,55000,,
e475525a,27/04/2026,14.46.00,Fortuner - Bk 1559 di,,CASH,Selesai,ALEXA,65000,,
,,,,,,,,,,
567d93e0,27/04/2026,14.55.00,Harrier - Bk 1561 uf,,CASH,Selesai,ALEXA,67000,,
9ba8c035,27/04/2026,15.13.00,Rush - Bk 1934 abe,,QRIS,Selesai,ALEXA,70000,,
4bc3e66f,27/04/2026,15.52.00,Xenia - Bk 1600 qz,,CASH,Selesai,ALEXA,55000,,
1cbb3dc5,27/04/2026,16.04.00,Ayla - Bk 1035 oh,,QRIS,Selesai,ALEXA,55000,,
f99aaa06,27/04/2026,16.17.00,Pajero - Bk 1624 eg,,CASH,Selesai,ALEXA,65000,,
ddc49300,27/04/2026,16.34.00,Livina - Bk 1654 lr,,CASH,Selesai,ALEXA,55000,,
69c32f3a,27/04/2026,16.42.00, - ,,CASH,Selesai,ALEXA,5000,,
220fea42,27/04/2026,17.09.00,Everest - Bk 1101 lva,,CASH,Selesai,ALEXA,60000,,
739ef3f2,27/04/2026,17.14.00, - ,,CASH,Selesai,ALEXA,20000,,
1efe1029,27/04/2026,17.27.00,Pajero - Bk 1294 rx,,CASH,Selesai,ALEXA,60000,,
b826f975,28/04/2026,08.06.00,Yaris - Bk 1232 ael,,QRIS,Selesai,ALEXA,55000,,
abeb6b6e,28/04/2026,08.27.00,Brv - Bk 1110 adr,,CASH,Selesai,ALEXA,40000,,
b107cb48,28/04/2026,08.28.00,Agya - Bk 1966 aft,,CASH,Selesai,ALEXA,50000,,
a51258c9,28/04/2026,09.08.00,Brv - Bk 1982 km,,CASH,Selesai,ALEXA,55000,,
ff4f06a8,28/04/2026,09.29.00,Rush - Bk 1585 adp,,CASH,Selesai,ALEXA,55000,,
6f516809,28/04/2026,10.01.00,Agya - Bk 1298 if,,CASH,Selesai,ALEXA,50000,,
b763e546,28/04/2026,10.20.00,Hiace - B 7144 sdb,,QRIS,Selesai,ALEXA,80000,,
df11ee6a,28/04/2026,10.22.00,Innova - Bk 1162 abz,Diskon 10% kopi,CASH,Selesai,ALEXA,75000,,
3c4bca2f,28/04/2026,10.39.00, - ,,CASH,Selesai,ALEXA,5000,,
0ba928b2,28/04/2026,10.53.00,Innova - Bk 1825 aep,Diskon kopi 10%,CASH,Selesai,ALEXA,75000,,
3ec3d5ca,28/04/2026,11.38.00,Fortuner - Bk 1868 ace,,CASH,Selesai,ALEXA,60000,,
aaab7b55,28/04/2026,11.25.00,City - Bk 1413 aex,Diskon kopi 10%,QRIS,Selesai,ALEXA,86000,,
995bfad7,28/04/2026,11.44.00,Xenia - Bk 1749 aci,,QRIS,Selesai,ALEXA,70000,,
bb363483,28/04/2026,12.13.00,Fortuner - Bk 1364 om,,CASH,Selesai,ALEXA,60000,,
7d5799e7,28/04/2026,12.38.00,Ertiga - Bk 1444 zw,,CASH,Selesai,ALEXA,55000,,
71ad20c2,28/04/2026,13.09.00,Xenia - Bk 1184 ae,,QRIS,Selesai,ALEXA,60000,,
113d4f0a,28/04/2026,13.14.00,Brio - Bk 1075 agg,,CASH,Selesai,ALEXA,50000,,
8a6f6458,28/04/2026,13.44.00,Raize - Bk 1827 aeu,,CASH,Selesai,ALEXA,55000,,
14583b54,28/04/2026,14.12.00,Xpander - B 1408 ryg,,CASH,Selesai,ALEXA,78000,,
230f4061,28/04/2026,15.22.00,Drag - Bk 1684 df,,CASH,Selesai,ALEXA,75000,,
175192ae,28/04/2026,15.23.00,Avanza - Bk 1698 ur,,CASH,Selesai,ALEXA,55000,,
84b4c477,28/04/2026,15.40.00,Hrv - Bk 1747 afr,,CASH,Selesai,ALEXA,55000,,
9eeffe02,28/04/2026,15.41.00,Brio - Bk 1424 hra,,CASH,Selesai,ALEXA,50000,,
e8a53ea8,28/04/2026,17.06.00,Geely - Bk 1760 ky,,CASH,Selesai,ALEXA,50000,,
2a840d50,28/04/2026,16.30.00,Chevrolet - Bk 1021 gr,,CASH,Selesai,ALEXA,60000,,
f558a5d4,29/04/2026,08.25.00,Brv - Bl 1764 ff,,QRIS,Selesai,ALEXA,60000,,
d481ff35,29/04/2026,08.58.00,Innova - Bk 1680 afr,,CASH,Selesai,ALEXA,60000,,
23488c20,29/04/2026,09.04.00,Agya - Bk 1049 mad,,CASH,Selesai,ALEXA,50000,,
1eb97328,29/04/2026,09.04.00,Innova - Bk 1967 lag,,QRIS,Selesai,ALEXA,105000,,
c88de2b8,29/04/2026,09.56.00,Innova - Bk 111 aza,,CASH,Selesai,ALEXA,68000,,
4bb03d28,29/04/2026,10.21.00,Xpander - Bk 1967 abt,,CASH,Selesai,ALEXA,55000,,
108d894d,29/04/2026,11.45.00,Avanza - Bk 1182 tad,,CASH,Selesai,ALEXA,55000,,
1d531e6c,29/04/2026,12.25.00,Innova - Bk 1612 agg,,CASH,Selesai,ALEXA,60000,,
82f91c77,29/04/2026,12.32.00,Triton - Bk 8457 si,,CASH,Selesai,ALEXA,60000,,
2a3a25f5,29/04/2026,13.54.00,Jazz - Bk 1864 ol,,CASH,Selesai,ALEXA,55000,,
a7a2fe4c,29/04/2026,14.45.00,City - Bk 1090 qy,,CASH,Selesai,ALEXA,55000,,
6e17fb13,29/04/2026,16.08.00,Xenia - Bk 1946 ada,,CASH,Selesai,ALEXA,55000,,
752a325a,29/04/2026,17.37.00,Innova - 1408 hjr,,CASH,Selesai,ALEXA,80000,,
90778ef7,29/04/2026,17.38.00,Brio - B 2502 tqs,,QRIS,Selesai,ALEXA,70000,,
dae7e0d7,29/04/2026,19.08.00,Sienta - Bk 1340 xab,,QRIS,Selesai,ALEXA,75000,,
6dc5344a,30/04/2026,08.21.00,Pajero - B 2715 sjk,,CASH,Selesai,ALEXA,60000,,
01ce272c,30/04/2026,08.22.00,Innova - Bk 1631 irw,,CASH,Selesai,ALEXA,60000,,
ffcfa7cb,30/04/2026,08.26.00,Karimun - Bk 1291 uw,,CASH,Selesai,ALEXA,50000,TRUE,
57dde538,30/04/2026,09.27.00,Innova - Bk 1529 afd,,QRIS,Selesai,ALEXA,60000,,
ffa3755b,30/04/2026,10.17.00,Brv - Bk 1646 mab,,QRIS,Selesai,ALEXA,55000,,
f2849452,30/04/2026,10.43.00,Fortuner - B 1680 si,,CASH,Selesai,ALEXA,76000,,
c231eb78,30/04/2026,11.31.00,March - Bk 1731 ko,,CASH,Selesai,ALEXA,50000,,
54c0caef,30/04/2026,11.58.00,Agya - Bk 1941 ap,,CASH,Selesai,ALEXA,50000,,
778b3e0f,30/04/2026,12.04.00,Innova - Bk 1638 nk,,,Pending,ALEXA,60000,,
49142b83,30/04/2026,12.22.00,Xover - Bk 12u3 bt,,,Pending,ALEXA,55000,,
f76a3663,30/04/2026,12.53.00, - ,Bang eza kasbon,,Selesai,ALEXA,0,,
ad582034,30/04/2026,13.22.00,Avanza - Bk 1871 aeg,,CASH,Selesai,ALEXA,55000,,
624b4d6f,30/04/2026,13.48.00,Stargezer - Bk 1392 afs,,CASH,Selesai,ALEXA,55000,,
6b165fb9,30/04/2026,16.10.00,Avanza - Bk 1633 iv,,CASH,Selesai,ALEXA,55000,,
918c8648,30/04/2026,16.58.00,Xl-7 - Bk 1615 afc,,CASH,Selesai,ALEXA,55000,,
84eec3a4,30/04/2026,17.32.00,Avanza - Bk 1499 pu,,CASH,Selesai,ALEXA,75000,,
8aaec879,30/04/2026,17.45.00,Ayla - Bk 1872 afc,,CASH,Selesai,ALEXA,70000,,
03c74e8e,30/04/2026,18.02.00, - ,Bang nazrin,,Selesai,ALEXA,0,,
c109a870,30/04/2026,18.03.00, - ,Bang yazid,,Selesai,ALEXA,0,,
09f25b45,30/04/2026,18.03.00, - ,Bang raka,,Selesai,ALEXA,0,,
50db9483,01/05/2026,08.50.00,Avanza - Bk 1148 aeb,,CASH,Selesai,ALEXA,65000,,
1b1c8fd8,01/05/2026,09.09.00,Every - Bk 1456 abu,Diskon 5%,CASH,Selesai,ALEXA,55000,,
2ea566ab,01/05/2026,09.10.00,Brio - Bk 1842 nm,,CASH,Selesai,ALEXA,50000,,
025401f4,01/05/2026,09.17.00,Ranger - Bk 1483 di,,CASH,Selesai,ALEXA,65000,,
4ca37e4a,01/05/2026,09.33.00,Avanza - Bk 1557 afm,,CASH,Selesai,ALEXA,55000,,
e38f2027,01/05/2026,09.34.00, - ,,QRIS,Selesai,ALEXA,10000,,
73bc1f47,01/05/2026,09.48.00,Xenia - Bk 1838 gx,,CASH,Selesai,ALEXA,55000,,
a10aa4bd,01/05/2026,10.52.00,Brio - Bk 1739 yd,,CASH,Selesai,ALEXA,50000,,
542b2286,01/05/2026,11.45.00,Terios - Bk 1746 gr,,QRIS,Selesai,ALEXA,55000,,
cc1c1313,01/05/2026,11.53.00,Pajero - Bk 1760 add,,CASH,Selesai,ALEXA,60000,,
7de028d7,01/05/2026,12.27.00,Avanza - Bk 1360 ir,,QRIS,Selesai,ALEXA,55000,,
f51ff381,01/05/2026,12.36.00,Mazda - Bk 1909 iv,,CASH,Selesai,ALEXA,75000,,
bc9a33f1,01/05/2026,13.11.00,Ayla - Bk 1773 yr,,CASH,Selesai,ALEXA,70000,,
68f26d6a,01/05/2026,13.30.00,Innova - Bk 266 yh,,QRIS,Selesai,ALEXA,60000,,
a4c6632d,01/05/2026,13.31.00,Agya - Bk 1163 vf,,CASH,Selesai,ALEXA,50000,,
16262e6b,01/05/2026,13.40.00,Fortuner - Bk 31 bj,,QRIS,Selesai,ALEXA,60000,,
546da277,01/05/2026,13.46.00,Brio - Bk 1728 acl,,CASH,Selesai,ALEXA,50000,,
4a9f97f9,01/05/2026,13.50.00,Ertiga - Bk 1353 cmv,,CASH,Selesai,ALEXA,55000,,
9e8dfa68,01/05/2026,13.59.00,Pajero - Bk 1766 mx,,QRIS,Selesai,ALEXA,60000,,
f859e1b9,01/05/2026,14.00.00,Xenia - Bk 1626 mv,,CASH,Selesai,ALEXA,55000,,
7eaf71f7,01/05/2026,14.32.00,Jazz - Bk 1139 aai,,QRIS,Selesai,ALEXA,60000,,
b4e44e74,01/05/2026,15.17.00,Innova - Bk 1691 agi,,CASH,Selesai,ALEXA,78000,,
30c437b1,01/05/2026,16.10.00,Oside - Bk 1052 yw,,QRIS,Selesai,ALEXA,55000,,
6c0f0ea7,01/05/2026,16.11.00,Innova - Bk 1850 ro,,CASH,Selesai,ALEXA,68000,,
6e821fb7,01/05/2026,16.31.00,Agya - Bk 1617 afs,,CASH,Selesai,ALEXA,50000,,
9fb8da2a,01/05/2026,16.31.00,Jimny - Bk 1517 fk,,CASH,Selesai,ALEXA,50000,,
385456b4,01/05/2026,16.32.00,Xpander - Bk 1366 hk,,CASH,Selesai,ALEXA,55000,,
9eb7313c,01/05/2026,16.39.00,Byd - Bk 1849 ago,,CASH,Selesai,ALEXA,55000,,
2e268b51,01/05/2026,16.53.00,Xpander - Bk 1931 aat,,QRIS,Selesai,ALEXA,55000,,
dd37f825,01/05/2026,16.54.00,Camry - Bk 1878 lc,,CASH,Selesai,ALEXA,75000,,
4ed17ab4,01/05/2026,17.07.00,Fortuner - Bk 1305 jac,,CASH,Selesai,ALEXA,60000,,
225e46b7,01/05/2026,17.14.00,Xpander - Bk 1720 aay,,CASH,Selesai,ALEXA,55000,,
663729fa,01/05/2026,17.15.00,Mobilio - Bk 1734 va,,CASH,Selesai,ALEXA,55000,,
9e705ecf,01/05/2026,17.23.00,Hilux - Bm 8202 gk,,CASH,Selesai,ALEXA,80000,,
c4e7eb21,01/05/2026,17.31.00,Innova - Bk 1477 aag,,CASH,Selesai,ALEXA,95000,,
383a404d,02/05/2026,08.41.00,Avanza - B 1703 pin,,CASH,Selesai,ALEXA,55000,,
7a9006d9,02/05/2026,08.54.00,Terios - Bk 1557 gx,,CASH,Selesai,ALEXA,55000,,
6843cdc0,02/05/2026,08.54.00,Pajero - Bk 1786 au,,CASH,Selesai,ALEXA,70000,,
8512e1c7,02/05/2026,09.15.00,Avanza - Bk 1582 jj,,QRIS,Selesai,ALEXA,65000,,
c4325bdc,02/05/2026,09.18.00,Vios - Bk 1918 im,,CASH,Selesai,ALEXA,55000,,
dc75abe4,02/05/2026,09.19.00,Xpander - Bk 1585 vx,,CASH,Selesai,ALEXA,55000,,
b25aa3e6,02/05/2026,09.20.00,Jazz - Bk 1183 rz,,CASH,Selesai,ALEXA,55000,,
7c12b049,02/05/2026,09.32.00,Xenia - Bk 1993 taa,,CASH,Selesai,ALEXA,55000,,
1c77844b,02/05/2026,09.56.00,Elysion - Bk 1993 aai,,QRIS,Selesai,ALEXA,70000,,
09bc4d0f,02/05/2026,09.56.00,Innova - Bk 1803 ug,,QRIS,Selesai,ALEXA,60000,,
13fbeb6d,02/05/2026,10.05.00,Pajero - Bk 1074 acu,,CASH,Selesai,ALEXA,60000,,
b8eed758,02/05/2026,10.24.00,Triton - Bk 8354 rg,,CASH,Selesai,ALEXA,60000,,
e25b513a,02/05/2026,10.36.00,Brio - Bk 1842 nm,,CASH,Selesai,ALEXA,50000,,
30bd3589,02/05/2026,10.36.00,Camry - Bk 1303 mag,,CASH,Selesai,ALEXA,70000,,
1aeac050,02/05/2026,10.46.00,Mazda - Bk 1437 of,,QRIS,Selesai,ALEXA,55000,,
2719c9e3,02/05/2026,10.55.00,Xenia - Bk 1391 ol,,CASH,Selesai,ALEXA,55000,,
c65a0b77,02/05/2026,11.04.00,Hrv - Bk 1085 agm,,CASH,Selesai,ALEXA,55000,,
3e8558c6,02/05/2026,11.30.00,Hrv - Bk 1998 hrr,,CASH,Selesai,ALEXA,55000,,
b772a1a4,02/05/2026,11.43.00,Sigra - Bk 1798 aga,,CASH,Selesai,ALEXA,55000,,
3844bc73,02/05/2026,11.44.00, - ,Bagus,CASH,Selesai,ALEXA,10000,,
3479d200,02/05/2026,12.01.00,Innova - Bk 1902 adg,,CASH,Selesai,ALEXA,65000,,
8f373a13,02/05/2026,12.13.00,Xtrail - Bk 1910 ws,,CASH,Selesai,ALEXA,55000,,
a13daaa6,02/05/2026,13.03.00,Fortuner - Bk 1596 am,,QRIS,Selesai,ALEXA,60000,,
181b62f2,02/05/2026,13.19.00,Dsetinator - Bk 7061 xx,,CASH,Selesai,ALEXA,60000,,
83c8b4ac,02/05/2026,13.46.00,Innova - Bk 1638 nk,,,Pending,ALEXA,45000,,
39b2ec30,02/05/2026,14.56.00,Innova - Bk 1854 lu,,CASH,Selesai,ALEXA,60000,,
f05bbeab,02/05/2026,15.02.00,Chery - Bk 1639 agj,,CASH,Selesai,ALEXA,55000,,
d659fd02,02/05/2026,17.02.00,Neta - Bk 1363 afv,,CASH,Selesai,ALEXA,55000,,
d197edf8,02/05/2026,18.18.00,Mazda - Bk 1847 fp,,QRIS,Selesai,ALEXA,102000,,
e9730246,02/05/2026,18.52.00,Innova - Bk 1476 eu,,QRIS,Selesai,ALEXA,85000,,
48215257,03/05/2026,08.02.00,Apv - Bk 1866 qz,,CASH,Selesai,ALEXA,60000,,
38483cbf,03/05/2026,08.02.00,Mazda 2 - Bk 1175 zm,,CASH,Selesai,ALEXA,50000,,
619f4d72,03/05/2026,08.03.00,Jazz - Bk 1300 je,,CASH,Selesai,ALEXA,55000,,
ce065022,03/05/2026,08.03.00,Kijang - Bk 1760 xo,,CASH,Selesai,ALEXA,55000,,
ec141556,03/05/2026,08.39.00,Hrv - Bk 1088 abr,,QRIS,Selesai,ALEXA,55000,,
2a4a4b33,03/05/2026,09.06.00,Brio - Bk 1285 aaz,,CASH,Selesai,ALEXA,50000,,
3b2b537b,03/05/2026,09.15.00,Innova - Bk 1480 nm,,CASH,Selesai,ALEXA,60000,,
4c6b05b4,03/05/2026,09.15.00,March - Bk 1880 ub,,QRIS,Selesai,ALEXA,50000,,
52297fef,03/05/2026,09.26.00,Agya - Bk 1056 ej,,CASH,Selesai,ALEXA,63000,,
558cefa4,03/05/2026,09.31.00,Calya - Bk 1529 afh,,CASH,Selesai,ALEXA,55000,,
4a06fd75,03/05/2026,09.49.00,Rush - Bk 1575 yaj,,QRIS,Selesai,ALEXA,71000,,
b62d225b,03/05/2026,10.10.00,Avanza - Bk 1787 uq,,CASH,Selesai,ALEXA,65000,,
32678037,03/05/2026,10.30.00,Xenia - Bk 1983 agg,,QRIS,Selesai,ALEXA,55000,,
8116bf1e,03/05/2026,10.32.00, - ,,QRIS,Selesai,ALEXA,10000,,
d39bbef5,03/05/2026,10.41.00,Raize - Bk 1678 jen,,QRIS,Selesai,ALEXA,55000,,
16a652bc,03/05/2026,10.42.00,Fortuner - Nk 1050 abl,,CASH,Selesai,ALEXA,60000,,
d69c68bd,03/05/2026,11.00.00,Sigra - Bk 1358 zb,,CASH,Selesai,ALEXA,55000,,
e10b322e,03/05/2026,11.13.00,Pajero - Bk 1843 afc,,CASH,Selesai,ALEXA,60000,,
c1c6bca8,03/05/2026,11.14.00,Avanza - Bk 1083 as,,CASH,Selesai,ALEXA,60000,,
cd626e18,03/05/2026,11.26.00,Ertiga - Bk 1090 gb,,CASH,Selesai,ALEXA,55000,,
d023199f,03/05/2026,11.27.00,Xtrail - Bk 1698 afk,,CASH,Selesai,ALEXA,55000,,
aa142b14,03/05/2026,11.28.00,Agya - Bk 1255 aeo,,CASH,Selesai,ALEXA,74000,,
653eb848,03/05/2026,11.29.00, - ,Faisal,CASH,Selesai,ALEXA,10000,,
92de1223,03/05/2026,11.41.00,Agya - Bk 1747 aeh,,CASH,Selesai,ALEXA,50000,,
da0e63b0,03/05/2026,11.50.00,Calya - Bk 1303 afp,,CASH,Selesai,ALEXA,55000,,
0cfebf00,03/05/2026,12.02.00,Sigra - Bk 1364 aj,,CASH,Selesai,ALEXA,55000,,
92f9fa29,03/05/2026,12.02.00,Ayla - Bk 1980 acr,,QRIS,Selesai,ALEXA,50000,,
582cc5f1,03/05/2026,12.08.00,Avanza - Bk 1612 adv,,CASH,Selesai,ALEXA,70000,,
9e892ee4,03/05/2026,12.19.00,Innova - Bk 1305 uut,,CASH,Selesai,ALEXA,75000,,
3ec0075e,03/05/2026,12.57.00,Calya - Bk 1012 adv,,CASH,Selesai,ALEXA,55000,,
d0685200,03/05/2026,13.20.00,Rush - Bk1291 wz,,CASH,Selesai,ALEXA,55000,,
44de1fff,03/05/2026,14.42.00,Kijang - Bk 1140 xo,,CASH,Selesai,ALEXA,55000,,
f86ae075,03/05/2026,15.32.00,Fortuner - Bk 1934 wae,,CASH,Selesai,ALEXA,60000,,
dfa2be7f,03/05/2026,15.43.00,Avanza - Bk 1679 oh,,QRIS,Selesai,ALEXA,55000,,
6cec8b48,03/05/2026,15.44.00,Sienta - Bk 81 kl,,QRIS,Selesai,ALEXA,55000,TRUE,
bae7f014,03/05/2026,16.01.00,Mazda - Bk 1505 kq,,CASH,Selesai,ALEXA,58000,,
2665c45a,03/05/2026,16.17.00,Crv - Bk 1528 acb,,CASH,Selesai,ALEXA,55000,,
336b6d19,03/05/2026,17.14.00,Pajero - Bk 481 trg,,QRIS,Selesai,ALEXA,60000,,
6c4ebc75,03/05/2026,17.22.00,Brio - Bkm1767 agf,,CASH,Selesai,ALEXA,65000,,
2ed688e1,03/05/2026,17.43.00,Rush - Bk 1416 acx,,QRIS,Selesai,ALEXA,75000,,
22c102c6,04/05/2026,08.16.00,Innova - Bk 1554 rg,,CASH,Selesai,ALEXA,60000,,
8eabf2b2,04/05/2026,08.17.00,Hrv - Bk 1107 da,,CASH,Selesai,ALEXA,55000,,
8ae45920,04/05/2026,08.33.00,Fortuner - Bk 1855 mw,,CASH,Selesai,ALEXA,45000,,
3a18d9de,04/05/2026,08.56.00,Innova - Bk 1044 adc,,CASH,Selesai,ALEXA,73000,,
c3f591c1,04/05/2026,09.34.00,Go panca - Bk 1066 fh,,CASH,Selesai,ALEXA,50000,,
ae5da6f6,04/05/2026,09.40.00,Rush - Nk 1823 nl,,,Pending,ALEXA,55000,,
38128c4b,04/05/2026,10.16.00,Juke - Bk 1130 na,,CASH,Selesai,ALEXA,55000,,
e3fcf0c6,04/05/2026,10.23.00,Avega - Bk 1395 ew,,CASH,Selesai,ALEXA,68000,,
3ea85c99,04/05/2026,11.21.00,Avanza - Bk 1601 agr,,CASH,Selesai,ALEXA,55000,,
fd53f6a3,04/05/2026,12.38.00,Luxio - Bk 1606 ju,,QRIS,Selesai,ALEXA,60000,,
5bcec470,04/05/2026,14.56.00,Hilux - Bk 8920 xj,,CASH,Selesai,ALEXA,75000,,
bed1b9d7,04/05/2026,14.57.00,Mobilio - Bk 1376 id,,CASH,Selesai,ALEXA,55000,,
1a0dd20f,04/05/2026,14.58.00,Calya - Bk 1069 add,,QRIS,Selesai,ALEXA,55000,,
0c1ae3e1,04/05/2026,15.03.00,Terios - Bk 1082 pi,,CASH,Selesai,ALEXA,55000,,
64cda064,04/05/2026,15.29.00,Ertiga - Bk 1803 dd,,CASH,Selesai,ALEXA,55000,,
43061907,04/05/2026,16.25.00,Sigra - Bk 1623 vq,,CASH,Selesai,ALEXA,55000,,
cef26a9c,04/05/2026,17.00.00,Palisade - Bk 70 lu,,QRIS,Selesai,ALEXA,72000,,
3ecbb05b,04/05/2026,17.50.00,Fortuner - Bk 1722 aga,,QRIS,Selesai,ALEXA,80000,,
ef175ae4,04/05/2026,18.10.00,Hiace - Bl 7342 aa,,,Pending,ALEXA,100000,,
f61a1b15,04/05/2026,18.52.00,Rush - Bk 1753 nt,,QRIS,Selesai,ALEXA,90000,,
e8c0c4d8,05/05/2026,08.33.00,Jazz - Bk 1469 jm,,QRIS,Selesai,ALEXA,50000,,
f3e1bcfd,05/05/2026,08.35.00,Xpander - Bk 1475 abz,,CASH,Selesai,ALEXA,55000,,
a107afad,05/05/2026,09.33.00,Ertiga - Bk 1913 em,,CASH,Selesai,ALEXA,55000,,
b62a8bfc,05/05/2026,09.34.00,Inova - Bk 1967 acs,,CASH,Selesai,ALEXA,60000,,
66adf2ca,05/05/2026,10.04.00,Everest - Bk 1871 dr,,CASH,Selesai,ALEXA,113000,,
61d6ee3b,05/05/2026,10.24.00,Fortuner - Bk 1008 amr,,CASH,Selesai,ALEXA,60000,,
12fa4812,05/05/2026,10.25.00,Fortuner - Bk 1627 sx,,CASH,Selesai,ALEXA,60000,,
c6cdd892,05/05/2026,10.41.00,Rocky - Bk 1654 adf,,CASH,Selesai,ALEXA,63000,,
59272b7c,05/05/2026,10.43.00,Xpander - Bk 1642 vt,,CASH,Selesai,ALEXA,55000,,
a57133f8,05/05/2026,10.51.00,Mobilio - Bl 1396 kw,,QRIS,Selesai,ALEXA,55000,,
14e85dc3,05/05/2026,11.10.00,Xl 7 - Bk 1229 afy,,CASH,Selesai,ALEXA,55000,,
bfbb0edc,05/05/2026,11.54.00,Wuling - Bk 1481 acm,Diskon 5%,CASH,Selesai,ALEXA,55000,,
cf934cab,05/05/2026,11.55.00,Ertiga - Bk 1681 bi,,CASH,Selesai,ALEXA,55000,,
af4da2e3,05/05/2026,12.09.00,Avanza - Bk 1822 jr,,CASH,Selesai,ALEXA,55000,,
d35c0174,05/05/2026,13.19.00,Jazz - Bk 1720 in,,CASH,Selesai,ALEXA,50000,,
cfc442cf,05/05/2026,13.20.00,Pajero - Bk 1838 in,,CASH,Selesai,ALEXA,80000,,
7fbfcded,05/05/2026,14.14.00,Yaris - Bk 1864 gu,,QRIS,Selesai,ALEXA,50000,,
79ac43eb,05/05/2026,14.20.00,Pajero - Bk 1294 rx,,CASH,Selesai,ALEXA,60000,,
f79c821b,05/05/2026,15.09.00,Avanza - Bk 1437 ur,,QRIS,Selesai,ALEXA,70000,,
fac3edcc,05/05/2026,15.44.00,Land cruiser - Bp 1066 yh,,,Pending,ALEXA,55000,,
4d492590,05/05/2026,15.47.00,Inova - Bk 1306 rbt,,QRIS,Selesai,ALEXA,75000,,
d152c421,05/05/2026,16.01.00,Sigra - Bk 1503 afu,,QRIS,Selesai,ALEXA,55000,,
98d56a72,05/05/2026,16.24.00,Fortuner - Bk 1305 ng,,CASH,Selesai,ALEXA,75000,,
600b875b,05/05/2026,16.45.00,Calya - Bk 1815 kc,,CASH,Selesai,ALEXA,79000,,
a616e6dd,05/05/2026,17.38.00,Xl 7 - B 1090 roe,,QRIS,Selesai,ALEXA,55000,,
6cd38ab3,06/05/2026,08.27.00,Raize - Bk 1382 acj,,CASH,Selesai,ALEXA,55000,,
1229155c,06/05/2026,08.32.00,Xenia - Bk 1847 pq,,QRIS,Selesai,ALEXA,55000,,
083cde5a,06/05/2026,11.45.00,Innova - Bk 1076 afm,,CASH,Selesai,ALEXA,60000,,
ec51872f,06/05/2026,11.51.00,Innova - Bk 1971 ars,,QRIS,Selesai,ALEXA,45000,,
1155fdc8,06/05/2026,12.03.00,Hrv - Bk 1609 abg,,QRIS,Selesai,ALEXA,55000,,
c2a49f31,06/05/2026,13.36.00,Avanza - B 1152 dzo,,QRIS,Selesai,ALEXA,55000,,
0febe336,06/05/2026,16.22.00,Avanza - D 1690 aaa,,CASH,Selesai,ALEXA,63000,,
25a84c42,06/05/2026,17.25.00,Cvt - Bk 1961 vt,,QRIS,Selesai,ALEXA,70000,,
c5178d90,06/05/2026,17.25.00,Xpander - Bkn1205 aab,,,Pending,ALEXA,55000,,
2a098f93,07/05/2026,08.49.00,Veloz - Bk 1712 ahm,,QRIS,Selesai,ALEXA,55000,,
b0219b6d,07/05/2026,09.02.00,Hrv - Bk 1233 kl,,CASH,Selesai,ALEXA,68000,,
6047a8f1,07/05/2026,09.23.00,Avanza - Bk 1934 qp,,CASH,Selesai,ALEXA,55000,TRUE,
d8db32b4,07/05/2026,10.25.00,Xenia - Bk 1749 aci,,QRIS,Selesai,ALEXA,55000,,
11c117c3,07/05/2026,11.22.00,Terios - Bk 1159 afc,,CASH,Selesai,ALEXA,55000,,
d77e0a8a,07/05/2026,11.23.00,Innova - Bk 1967 aci,,CASH,Selesai,ALEXA,95000,,
fce2cbd3,07/05/2026,12.39.00,WR-V - Bk 1393 nv,,QRIS,Selesai,ALEXA,55000,,
87769515,07/05/2026,14.16.00,Rush - Bk 1182 iz,,QRIS,Selesai,ALEXA,55000,,
57f8c563,07/05/2026,14.18.00,Altis - Bk 1971 dc,,CASH,Selesai,ALEXA,55000,,
ae78c1d1,07/05/2026,14.47.00,Xtrail - Bk 1044 jh,,CASH,Selesai,ALEXA,55000,,
1995b0d2,07/05/2026,14.55.00,Cortes - Bk 1916 hr,,QRIS,Selesai,ALEXA,55000,,
c664a1be,07/05/2026,16.06.00,Calya - Bk 1900 vn,,CASH,Selesai,ALEXA,75000,,
014ab6df,07/05/2026,16.17.00,Innova - Bk 812 coy,,QRIS,Selesai,ALEXA,60000,,
4c0fba91,07/05/2026,16.38.00,Rush - Bk 1552 rad,,CASH,Selesai,ALEXA,55000,,
5b939364,07/05/2026,17.25.00,Terios - Bk 1014 ic,,QRIS,Selesai,ALEXA,75000,,
512ecb56,07/05/2026,17.25.00,Avanza - Bk 1318 od,,,Pending,ALEXA,55000,,
dc2ff04e,08/05/2026,08.08.00,Daihatsu - D 1622 ams,,QRIS,Selesai,ALEXA,50000,,
d8c27b48,08/05/2026,08.52.00,Innova - Bk 1064 xc,,CASH,Selesai,ALEXA,60000,,
4a4bfb78,08/05/2026,11.01.00,Agya - Bk 1624 yai,,QRIS,Selesai,ALEXA,50000,,
53276aa2,08/05/2026,11.35.00,Fortuner - Bk 1429 af,,QRIS,Selesai,ALEXA,80000,,
dc396b65,08/05/2026,12.06.00,Calya - Bk 1138 adr,,CASH,Selesai,ALEXA,70000,,
60c49b66,08/05/2026,13.13.00,Fortuner - Bm 1055 mn,,QRIS,Selesai,ALEXA,60000,,
06f16c38,08/05/2026,13.14.00,Innova - Bk 1567 voa,,QRIS,Selesai,ALEXA,60000,,
82f87961,08/05/2026,14.07.00,Innova - Bk 1638 nk,,,Pending,ALEXA,45000,,
d5c152b1,08/05/2026,14.19.00,Innova - Bk 1168 bsk,,CASH,Selesai,ALEXA,60000,,
b89c89c8,08/05/2026,14.46.00,Innova - Bk 1385 afz,,CASH,Selesai,ALEXA,75000,,
b9adc5de,08/05/2026,14.47.00,Go panca - Bk 1372 ev,,CASH,Selesai,ALEXA,50000,,
2339e1e4,08/05/2026,16.02.00,Xenia - Bk 1542 agj,,CASH,Selesai,ALEXA,55000,,
7448ad6b,08/05/2026,16.20.00,Xl-7 - Bk 1615 acf,,CASH,Selesai,ALEXA,85000,,
67d44911,08/05/2026,17.00.00,Innova - Bk 1037 bp,,CASH,Selesai,ALEXA,60000,,
ee6dce64,09/05/2026,08.15.00,Avanza - Bk 1549 uw,,CASH,Selesai,ALEXA,55000,,
bfee4f66,09/05/2026,08.18.00,Hilux - Bk 8630 gw,,,Pending,ALEXA,45000,,
d00399b6,09/05/2026,08.18.00,Agya - Bk 1640 ma,,QRIS,Selesai,ALEXA,50000,TRUE,
06d8c49a,09/05/2026,08.26.00,Xtrail - Bk 1033 oe,,CASH,Selesai,ALEXA,55000,,
3a8b6801,09/05/2026,08.28.00,Brio - Bk 1842 nm,,CASH,Selesai,ALEXA,50000,,
407778f4,09/05/2026,08.34.00,Fortuner - Bk 1688 cui,,QRIS,Selesai,ALEXA,60000,,
ab5cfa66,09/05/2026,08.41.00,Crv - Bk 1048 oc,,CASH,Selesai,ALEXA,55000,,
cee5ba7a,09/05/2026,08.59.00,Terios - Bk 1090 aeu,,CASH,Selesai,ALEXA,55000,,
0803053e,09/05/2026,10.34.00,Brv - Bk 1904 afv,155.000 jamur kaca,CASH,Selesai,ALEXA,55000,,
67e1268d,09/05/2026,10.56.00,Innova - Bk 1625  l,120.000 wax,CASH,Selesai,ALEXA,60000,,
a76007f1,09/05/2026,11.00.00,Calya - Bk 1860 afd,,CASH,Selesai,ALEXA,55000,,
0dedb749,09/05/2026,11.12.00,Brio - Bk 1116 abq,100.000 wax,CASH,Selesai,ALEXA,50000,,
0c0bda58,09/05/2026,11.20.00,Toyota ist - Bk 1398 oj,100.000 wax,QRIS,Selesai,ALEXA,50000,,
a98efeb0,09/05/2026,11.21.00,Innova - Bk 1812 zq,,CASH,Selesai,ALEXA,65000,,
b9ed26f8,09/05/2026,11.42.00,WR-V - Bk 1569 afm,,CASH,Selesai,ALEXA,55000,,
9b578fb2,09/05/2026,11.43.00,Innova - Bk 1605 acg,,CASH,Selesai,ALEXA,60000,,
95dcfee1,09/05/2026,11.43.00,Xforce - Bk 1167 afm,,QRIS,Selesai,ALEXA,55000,,
f07d607b,09/05/2026,11.53.00,Mobilio - Bk 1797 or,,CASH,Selesai,ALEXA,55000,,
fc0c1b94,09/05/2026,11.56.00,Pickup - Bk 8752 cv,,,Pending,ALEXA,55000,,
108a87d9,09/05/2026,12.16.00,Rush - Bk 1672 rc,,QRIS,Selesai,ALEXA,55000,,
af4b486e,09/05/2026,12.29.00,Fortuner - Bk 1050 abl,160.000 jamur kaca ( angga dan faisal),CASH,Selesai,ALEXA,60000,,
5d8960a3,09/05/2026,13.30.00,Innova - Bk 1138 it,120.000 wax,CASH,Selesai,ALEXA,60000,,
9a5b7993,09/05/2026,13.31.00,Veloz - Bk 1576 adp,,CASH,Selesai,ALEXA,80000,,
7a1d2e00,09/05/2026,13.42.00,Brv - Bk 1659 sx,,CASH,Selesai,ALEXA,55000,,
c088dacd,09/05/2026,13.43.00,Xenia - B 2752 pzm,,QRIS,Selesai,ALEXA,65000,,
e59741ae,09/05/2026,13.45.00,Pajero - B 2709 kbf,,QRIS,Selesai,ALEXA,60000,,
802323d4,09/05/2026,13.46.00,Innova - Bk 1236 abc,,CASH,Selesai,ALEXA,75000,,
bcb41e6e,09/05/2026,13.53.00,Yaris - Bd 1097 ap,,CASH,Selesai,ALEXA,50000,,
c738109a,09/05/2026,14.31.00,Avanza - Bk 1465 aei,,CASH,Selesai,ALEXA,55000,TRUE,
38c75a16,09/05/2026,14.31.00,Xenia - Bk 1516 hy,,CASH,Selesai,ALEXA,55000,,
ad430b5f,09/05/2026,14.58.00,Innova - Bk 1876 agd,,CASH,Selesai,ALEXA,60000,,
af13cff7,09/05/2026,15.06.00,Civic - Bk 1746 maf,,CASH,Selesai,ALEXA,55000,,
082f5c3e,09/05/2026,15.27.00,Avanza - Bk 1550 yt,,QRIS,Selesai,ALEXA,55000,,
4e781d83,09/05/2026,15.29.00,Trax - Ba 1781 ai,,QRIS,Selesai,ALEXA,40000,,
c2586253,09/05/2026,16.18.00,Scoopy - Motor,,CASH,Selesai,ALEXA,20000,,
bcaf3653,09/05/2026,16.46.00,Taff - Bk 1631 aap,,,Pending,ALEXA,55000,,
87d0bd4a,09/05/2026,17.04.00,Veloz - Bk 800 btr,,CASH,Selesai,ALEXA,67000,,
4ac136f6,09/05/2026,17.16.00,Stargezer - Bk 999 mar,110.000 wax,QRIS,Selesai,ALEXA,55000,,
3f965edc,09/05/2026,17.28.00,Fortuner - Bk 1336 ak,,CASH,Selesai,ALEXA,60000,,
57aa1faf,09/05/2026,17.20.00,Avanza - Bk 1130 io,,CASH,Selesai,ALEXA,65000,,
2be2365d,09/05/2026,17.20.00,Neta - Bk 1363 afv,155.000 jamur kaca,QRIS,Selesai,ALEXA,55000,,
81a0b4d0,10/05/2026,08.11.00,Sigra - Bk 1160 aaz,,CASH,Selesai,ALEXA,55000,,
a6fec6b6,10/05/2026,08.12.00,Fortuner - B 1168 ys,,QRIS,Selesai,ALEXA,60000,,
1f1a9740,10/05/2026,08.20.00,Hrv - Bk 1998 hrr,,CASH,Selesai,ALEXA,55000,,
7d1d62ae,10/05/2026,08.27.00,Karimun - Bk 1814 zr,,CASH,Selesai,ALEXA,50000,TRUE,
e51d469f,10/05/2026,08.28.00,Veloz - Bk 1130 acx,155.000 jamur kaca,CASH,Selesai,ALEXA,55000,,
602c6e0b,10/05/2026,09.02.00,Innova - Bk 1951 bsu,,CASH,Selesai,ALEXA,60000,,
86aa046b,10/05/2026,09.15.00,Avanza - B 1019 bip,,CASH,Selesai,ALEXA,55000,,
d9189035,10/05/2026,09.17.00,Brio - Bk  1972 afz,,CASH,Selesai,ALEXA,50000,,
a4c0aeda,10/05/2026,09.38.00,Kijang - Bk 1140 xo,,CASH,Selesai,ALEXA,55000,,
85e6aa6c,10/05/2026,09.38.00,Ayla - Bk 1083 aer,,CASH,Selesai,ALEXA,50000,,
ed6e9ee3,10/05/2026,10.05.00,Pajero - Bk 1876 vab,,CASH,Selesai,ALEXA,84000,,
decd01da,10/05/2026,10.08.00,Hrv - Bk 1810 ls,,CASH,Selesai,ALEXA,55000,,
392a708f,10/05/2026,10.21.00,Fortuner - Bk 1764 adj,,CASH,Selesai,ALEXA,60000,,
0b4b3012,10/05/2026,10.23.00,Innova - Bk 1975,,CASH,Selesai,ALEXA,60000,,
72504f0d,10/05/2026,10.24.00,Kijang - Bk 1619 dn,,CASH,Selesai,ALEXA,55000,,
60789737,10/05/2026,10.45.00,Innova - Bk 1023 afv,,CASH,Selesai,ALEXA,83000,,
fe9b7c0e,10/05/2026,10.46.00,Pickup - Bk 8036 ad,,CASH,Selesai,ALEXA,60000,,
bff4c6b0,10/05/2026,10.57.00,Pajero - B 1471 vlq,,CASH,Selesai,ALEXA,73000,,
12770725,10/05/2026,11.57.00,Hrv - Bk 1273 afq,110.000 wax,QRIS,Selesai,ALEXA,55000,,
42805e6f,10/05/2026,11.58.00,Innova - Bk 1691 agc,,CASH,Selesai,ALEXA,78000,,
8c6fb8a4,10/05/2026,11.59.00,Jazz - Bm 1560 av,,QRIS,Selesai,ALEXA,55000,,
9f985acb,10/05/2026,11.59.00,Xenia - Bk 1320 jm,,CASH,Selesai,ALEXA,83000,,
8ed61f8b,10/05/2026,12.00.00,Xpander - Bk 1642 vt,,CASH,Selesai,ALEXA,55000,,
5987d022,10/05/2026,12.01.00,Sigra - Bk 1873 aeu,,CASH,Selesai,ALEXA,40000,,
b32faefb,10/05/2026,12.02.00,Avanza - Bk 1582 jj,,QRIS,Selesai,ALEXA,55000,,
4da093b0,10/05/2026,12.03.00,Avanza - Bk 1492 ha,,CASH,Selesai,ALEXA,78000,,
d7d12a60,10/05/2026,12.07.00,Fortuner - Bk 1039 abs,,QRIS,Selesai,ALEXA,60000,,
8184dfcd,10/05/2026,12.08.00,Raize - Bk 1462 wai,,CASH,Selesai,ALEXA,75000,,
a217ab57,10/05/2026,12.36.00,Kijang - Bk 1760 xo,,CASH,Selesai,ALEXA,55000,,
8a0a8cf4,10/05/2026,12.58.00,Avanza - Bk 1361 li,,CASH,Selesai,ALEXA,55000,,
7f00cc09,10/05/2026,13.53.00,Jazz - Bk 1861 ic,,QRIS,Selesai,ALEXA,55000,,
fb8fa687,10/05/2026,13.54.00,Mirage - Bk 1069 ur,,CASH,Selesai,ALEXA,70000,,
0c32caee,10/05/2026,14.08.00,Ertiga - Bk 1868 aab,,CASH,Selesai,ALEXA,55000,,
e48f6565,10/05/2026,14.13.00,Crv - Bk 1179 ej,,CASH,Selesai,ALEXA,55000,,
8d6998e5,10/05/2026,15.02.00,Cx-5 - B 2721 sfs,,CASH,Selesai,ALEXA,63000,,
d8df550d,10/05/2026,15.04.00,Xenia - Bk 1761 mk,,CASH,Selesai,ALEXA,55000,,
e6daffbb,10/05/2026,15.05.00,Innova - Bk 1884 afv,,CASH,Selesai,ALEXA,70000,,
8eb3cd70,10/05/2026,15.07.00,Terios - Bk 1877 ws,,CASH,Selesai,ALEXA,55000,,
cab63bbf,10/05/2026,15.08.00,Innova - Bk 1315 ox,,CASH,Selesai,ALEXA,60000,,
38716c7b,10/05/2026,15.23.00,Almaz - Bk 1549 am,,QRIS,Selesai,ALEXA,70000,,
8d1f8770,10/05/2026,15.30.00,Sienta - Bk 81 kl,,QRIS,Selesai,ALEXA,55000,,
fa4f0e8d,10/05/2026,15.32.00,Pajero - Bk 1524 mn,,QRIS,Selesai,ALEXA,60000,,
ff1813d9,10/05/2026,16.11.00,Sigra - Bk 1190 aeg,,QRIS,Selesai,ALEXA,55000,,
3a9588b1,10/05/2026,16.35.00,Nmax - Motor,,CASH,Selesai,ALEXA,25000,,
,,,,,,,,,,
67998432,11/05/2026,08.29.00,Raize - Bk 1382 acj,,QRIS,Selesai,VIRA,55000,,
873bb771,11/05/2026,08.30.00,Hillux - Bk 8630 gw,,,Pending,VIRA,60000,,
b405aeb3,11/05/2026,08.31.00,Terios - Bk 1080 adh,,QRIS,Selesai,VIRA,55000,,
d1061b02,11/05/2026,09.18.00,Agya - Bk 1298 if,,QRIS,Selesai,VIRA,68000,,
51749785,11/05/2026,09.33.00,Pajero - Bk 1766 mx,,CASH,Selesai,VIRA,68000,,
eeeb48c3,11/05/2026,15.23.00,Avanza - Bk 1227 adg,,QRIS,Selesai,VIRA,55000,,
58590930,11/05/2026,15.34.00, - ,,CASH,Selesai,VIRA,20000,,
8c5e7c0b,11/05/2026,16.15.00,Sienta - Bk 1980 fs,,CASH,Selesai,VIRA,71000,,
4f003d4b,11/05/2026,16.22.00,Avanza - Bk 1620 adv,,,Pending,VIRA,55000,,
41ad95e3,11/05/2026,16.41.00,Calya - Bk 1923 rot,110.000 wax,,Pending,VIRA,60000,,
5bdf6784,12/05/2026,08.29.00,Avanza - Bk 1036 tx,,CASH,Selesai,ALEXA,55000,,
4bcf68ad,12/05/2026,09.19.00,Agya - Bk 1369 adh,,CASH,Selesai,ALEXA,63000,,
b483518f,12/05/2026,10.21.00,Alphard - Bk 1932 j,,CASH,Selesai,ALEXA,60000,,
2e8612e1,12/05/2026,10.36.00,Fortuner - Bk 1626 acz,166.000 wax,QRIS,Selesai,ALEXA,106000,,
ccaeb915,12/05/2026,10.37.00,Brio - Bk 1489 uj,,QRIS,Selesai,ALEXA,50000,,
9fcd03dc,12/05/2026,10.42.00,Cr-v - Bk 1149 lam,163.000 Jamur kaca ( jatah jamur kaca  sudah di ambil ),CASH,Selesai,ALEXA,63000,,
6ff6a10c,12/05/2026,11.31.00,Everest - Bk 1101 lva,,CASH,Selesai,ALEXA,60000,,
f8f7ead0,12/05/2026,11.46.00,Go panca - Bk 1372 ev,100.000 wax,CASH,Selesai,ALEXA,50000,,
de7f33db,12/05/2026,12.32.00,Cx-5 - Bk 1984 ac,,QRIS,Selesai,ALEXA,55000,,
d6f814fe,12/05/2026,12.36.00,Grand livina - Bk 1303 QN,,CASH,Selesai,ALEXA,55000,,
804341c4,12/05/2026,12.46.00,Mux - Bk 1232 aby,,CASH,Selesai,ALEXA,72000,,
bdc716c8,12/05/2026,15.15.00,Avanza - Bk 1554 afo,155.000 jamur kaca,QRIS,Selesai,ALEXA,55000,,
faf9be63,12/05/2026,16.32.00, - ,,CASH,Selesai,ALEXA,8000,,
b79c38ba,12/05/2026,16.34.00,Hrv - Bk 1024 vqa,,CASH,Selesai,ALEXA,70000,,
166c3d33,12/05/2026,16.35.00,Avanza - Bk 1269 adv,,CASH,Selesai,ALEXA,55000,,
9eacff2a,12/05/2026,16.59.00,Calya - Bk 1012 apv,,,Pending,ALEXA,55000,TRUE,
bee294de,12/05/2026,17.09.00,Sigra - Bk 1104 mah,,QRIS,Selesai,ALEXA,55000,,
6ceb10d7,12/05/2026,17.21.00,Sigra - Bk 1782 gl,,,Pending,ALEXA,55000,,
9d287ae2,12/05/2026,17.20.00,Innova - Bk 1642 acf,,CASH,Selesai,ALEXA,60000,,
0fce22b8,13/05/2026,09.33.00,Fortuner - Bk 1235 acz,,CASH,Selesai,VIRA,60000,,
d0980633,13/05/2026,09.35.00,Rush - Bk 1570 vua,,QRIS,Selesai,VIRA,55000,,
26af79ce,13/05/2026,10.06.00,Pajero - Bk 1294 aam,,QRIS,Selesai,VIRA,73000,,
2c96f7c5,13/05/2026,10.26.00,Innova - Bk 1653 adc,,CASH,Selesai,VIRA,60000,,
90a61819,13/05/2026,10.27.00,Wr-v - Bk 1056 aeh,,CASH,Selesai,VIRA,55000,,
0bd384e5,13/05/2026,10.38.00,Avanza - Bk 1683 ABV,,CASH,Selesai,VIRA,55000,,
f7de25ba,13/05/2026,10.40.00,Ertiga - Bk 1557 km,,QRIS,Selesai,VIRA,68000,,
27223a88,13/05/2026,10.49.00,XL-7 - Bk  1319 MD,,CASH,Selesai,VIRA,55000,,
f2763117,13/05/2026,11.46.00,FREED - 1198 AM,,CASH,Selesai,VIRA,55000,,
a7c7ec2a,13/05/2026,11.47.00,TERIOS - Bk 1397 LAF,,CASH,Selesai,VIRA,55000,,
14f3bf97,13/05/2026,12.40.00,Mobilo - Bk 1423 EG,,CASH,Selesai,VIRA,70000,,
0cf20b24,13/05/2026,12.42.00,Terios - Bk 1746 GR,110.000 WAX ( jatah waxsudah di ambil),QRIS,Selesai,VIRA,55000,,
50214fdb,13/05/2026,13.15.00,X pander - Bk 1807,,QRIS,Selesai,VIRA,60000,,
6b4b2571,13/05/2026,13.53.00,JLIKE - Bk 1816 ABR,,CASH,Selesai,VIRA,104000,,
8f5b634f,13/05/2026,13.59.00, - ,Safa,CASH,Selesai,VIRA,10000,,
bc65b8ce,13/05/2026,14.15.00,Fortuner - Bk 1570 KA,,CASH,Selesai,VIRA,60000,,
c2231bfa,13/05/2026,14.47.00,Carola - Bk 1648 AAF,,QRIS,Selesai,VIRA,55000,,
8559ac84,13/05/2026,14.49.00,Terios - Bk 2887 UT,,CASH,Selesai,VIRA,72000,TRUE,
306cbf59,13/05/2026,15.10.00,Livina - Bk 1192 ZN,,CASH,Selesai,VIRA,63000,,
61e9bed4,13/05/2026,15.12.00,Terios - Bk 1949 vy,,QRIS,Selesai,VIRA,55000,,
9bb1b8cd,13/05/2026,15.23.00,Yaris - Bk 1805 fad,120.000 wax,CASH,Selesai,VIRA,65000,,
d9b71198,13/05/2026,15.24.00,City - Bk 1413 aex,110.000 ( jatah wax sudah di ambil ),QRIS,Selesai,VIRA,55000,,
b1cf8784,13/05/2026,16.09.00,Veloz - Bk 1130 acx,,CASH,Selesai,VIRA,55000,,
10d5b826,14/05/2026,09.01.00,Xenia - Bk 1626 wv,,CASH,Selesai,ALEXA,55000,,
9bf2c9f0,14/05/2026,09.02.00,Innova - Bk 1346 aek,,CASH,Selesai,ALEXA,60000,,
ef7f64a7,14/05/2026,09.17.00,Innova - Bk 1484 aah,,QRIS,Selesai,ALEXA,60000,,
da4ea40a,14/05/2026,09.53.00,Fortuner - Bk 1268 aaq,331.000 diamond,CASH,Selesai,ALEXA,91000,,
866b4e83,14/05/2026,10.15.00,Terios - Bk 1557 gx,,CASH,Selesai,ALEXA,55000,,
3d6691a9,14/05/2026,10.20.00,Brio - Bk 1684 adx,,QRIS,Selesai,ALEXA,50000,,
c892b043,14/05/2026,10.20.00,Livina - Bk 1544 ig,110.000 wax,CASH,Selesai,ALEXA,55000,,
df98fdd2,14/05/2026,10.21.00,Xpander - Bk 1825 adf,155.000 jamur kaca,CASH,Selesai,ALEXA,55000,,
97c894b2,14/05/2026,10.22.00,Innova - Bk 1984 afh,310.000 Diamond,CASH,Selesai,ALEXA,70000,,
d4d3e63c,14/05/2026,10.24.00,Jazz - Bk 1141 qt,,CASH,Selesai,ALEXA,55000,,
b3d7004e,14/05/2026,10.24.00,Xpander - Bk 1020 mx,,CASH,Selesai,ALEXA,55000,,
88f1fcb4,14/05/2026,10.51.00,Mobilio - Bk 1740 laa,,CASH,Selesai,ALEXA,55000,,
cf2dd394,14/05/2026,10.51.00,Rocky - Bk 1202 afc,155.000 jamur kaca,QRIS,Selesai,ALEXA,55000,,
cd4d51f5,14/05/2026,10.53.00,Brio - Bk 1878 od,,CASH,Selesai,ALEXA,60000,,
dde34677,14/05/2026,11.01.00,Innova - Bk 1131 afs,120.000 wax,QRIS,Selesai,ALEXA,60000,,
01dd6bab,14/05/2026,11.20.00,Xenia - Bk 1151 acj,,CASH,Selesai,ALEXA,55000,,
d6efc3f8,14/05/2026,11.40.00,Jazz - Bk 1345 qd,,CASH,Selesai,ALEXA,70000,,
821b1213,14/05/2026,12.05.00,WR-V - Bk 1542 taq,,QRIS,Selesai,ALEXA,70000,,
ad82a3c0,14/05/2026,12.12.00,Land cruiser - Bl 1964 ae,,CASH,Selesai,ALEXA,80000,,
e2150ecb,14/05/2026,12.21.00,Fortuner - Bk 1981 aw,,CASH,Selesai,ALEXA,60000,,
51651fa8,14/05/2026,12.22.00,Vios - Bk 1194 gg,,CASH,Selesai,ALEXA,55000,,
24d3d83d,14/05/2026,12.26.00, - ,,CASH,Selesai,ALEXA,0,,
ba5f8c63,14/05/2026,12.27.00, - ,,CASH,Selesai,ALEXA,0,,
b06605f5,14/05/2026,13.37.00,Xenia - Ba 1668 bd,,CASH,Selesai,ALEXA,55000,,
67e002d4,14/05/2026,14.08.00,Xenia - Bk 1728 aga,126.000 wax,CASH,Selesai,ALEXA,71000,,
41ddf5e6,14/05/2026,14.13.00,Rush - Bk 1823 nl,,,Pending,ALEXA,55000,,
a4d3f831,14/05/2026,14.39.00,Etios - Bk 1005 dq,,QRIS,Selesai,ALEXA,70000,,
93ac8ecb,14/05/2026,14.40.00,Fortuner - Bk 1569 afw,,CASH,Selesai,ALEXA,60000,,
5d02de82,14/05/2026,15.07.00,Hrv - Bk 1757 vs,,QRIS,Selesai,ALEXA,55000,,
f00da86d,14/05/2026,15.31.00,Avanza - B 1703  pin,,CASH,Selesai,ALEXA,55000,,
4a4ee6f9,14/05/2026,15.32.00,Avanza - Bk 1200 acm,,CASH,Selesai,ALEXA,85000,,
76013445,14/05/2026,15.34.00, - ,,CASH,Selesai,ALEXA,0,,
a562246f,14/05/2026,16.37.00,Brio - Bk 1302 adp,,CASH,Selesai,ALEXA,55000,,
2d55b077,14/05/2026,16.40.00,Xenia - Bk 1614 aed,125.000 wax,CASH,Selesai,ALEXA,70000,,
c7d0fae1,14/05/2026,17.20.00,Innova - Bk 1184,,CASH,Selesai,ALEXA,82000,,
83b970da,15/05/2026,09.19.00,Avanza - Bk 1912 xx,,QRIS,Selesai,ALEXA,55000,,
f12cef49,15/05/2026,09.34.00,Innova - Bk 1326 afk,,QRIS,Selesai,ALEXA,60000,,
8d119e1d,15/05/2026,09.35.00,Jazz - Bk 1359 ap,,CASH,Selesai,ALEXA,60000,,
332fa902,15/05/2026,09.36.00,Pajero - Bk 136 xl,,CASH,Selesai,ALEXA,60000,,
05b14569,15/05/2026,09.36.00,Innova - Bk 1774 aen,,QRIS,Selesai,ALEXA,60000,,
a04ea613,15/05/2026,09.37.00,Jazz - Bk 1655 jk,,CASH,Selesai,ALEXA,55000,,
3f408794,15/05/2026,09.37.00,Veloz - Bk 1917 ns,,CASH,Selesai,ALEXA,55000,,
a98db273,15/05/2026,09.39.00,Avanza - Bk 1965 wb,,CASH,Selesai,ALEXA,55000,,
51f03cc0,15/05/2026,09.39.00,Rush - Bk 1145 vk,,CASH,Selesai,ALEXA,60000,,
efea93ea,15/05/2026,10.08.00,Katana - Bk 1291 gh,,CASH,Selesai,ALEXA,55000,,
dc4f71c9,15/05/2026,10.09.00,Pajero - Bk 1438 adg,133.000 wax,QRIS,Selesai,ALEXA,73000,,
962282f8,15/05/2026,10.10.00,Avanza - Bk 1556 aez,,CASH,Selesai,ALEXA,55000,,
24d58782,15/05/2026,10.36.00,Fortuner - Bk 1057 aeu,,QRIS,Selesai,ALEXA,60000,,
73cade6c,15/05/2026,11.30.00,Innova - Bk 1102 adw,,CASH,Selesai,ALEXA,75000,,
21d9f82f,15/05/2026,11.37.00, - ,,CASH,Selesai,ALEXA,0,,
a00b3bc4,15/05/2026,11.52.00,Veloz - Bk 1161 dn,,CASH,Selesai,ALEXA,55000,,
d76963ac,15/05/2026,11.52.00,Rush - Bk 1147 abt,,CASH,Selesai,ALEXA,55000,,
bd70de7c,15/05/2026,12.17.00,Xpander - Bk 1642 vt,,CASH,Selesai,ALEXA,55000,,
cc5fd694,15/05/2026,13.23.00,Pickup - B 9640 vam,,QRIS,Selesai,ALEXA,60000,,
2e02de0e,15/05/2026,13.34.00,Innova - Bk 1673 bi,,CASH,Selesai,ALEXA,60000,,
7ad74459,15/05/2026,13.35.00,Veloz - Bk 1619 afh,,CASH,Selesai,ALEXA,55000,,
36f56794,15/05/2026,14.01.00,Vellfire - B 1673 pvm,,CASH,Selesai,ALEXA,75000,,
2123c1cf,15/05/2026,14.03.00,Innova - Bk 1477 aag,175.000 jamur kaca,CASH,Selesai,ALEXA,75000,,
5b4e4114,15/05/2026,14.05.00, - ,,CASH,Selesai,ALEXA,30000,,
2c6ed1cc,15/05/2026,14.10.00,Avanza - Bk 1377 og,,CASH,Selesai,ALEXA,55000,,
ad5b9fa2,15/05/2026,14.32.00,Agya - Bk 1516 aet,100.000 wax,QRIS,Selesai,ALEXA,50000,,
66389591,15/05/2026,14.52.00,Veloz - Bk 1073 dg,,CASH,Selesai,ALEXA,70000,,
de14497c,15/05/2026,15.14.00,Calya - Bk 1654 agm,,CASH,Selesai,ALEXA,55000,,
3e53c328,15/05/2026,15.15.00, - ,,CASH,Selesai,ALEXA,0,,
1ae5854a,15/05/2026,15.38.00,Brio - Bk 1678 ac,,CASH,Selesai,ALEXA,50000,,
f8c85084,15/05/2026,15.46.00,Rush - Bk 1704 aey,,CASH,Selesai,ALEXA,55000,,
77a28132,15/05/2026,16.34.00,Jazz - Bk 1470 gw,,CASH,Selesai,ALEXA,55000,,
7b7cb3bd,15/05/2026,17.19.00,Xenia - Bk 1886 afb,,CASH,Selesai,ALEXA,55000,,
9c8a3ec8,15/05/2026,17.20.00,Xenia - Bk 1320 jm,,CASH,Selesai,ALEXA,55000,,
b9acd93d,15/05/2026,19.40.00, - ,,CUSTOM,Selesai,SYAFA,0,,
3cc60cf8,16/05/2026,10.01.00, - ,,CASH,Selesai,ALEXA,10000,,
bad3bdde,16/05/2026,10.01.00, - ,,CASH,Selesai,ALEXA,0,,
bf6d14b9,16/05/2026,10.41.00,Land cruiser - Bk 1144 aci,,CASH,Selesai,ALEXA,73000,,
67eae459,16/05/2026,12.35.00,Brv - Bk 1891 aff,,CASH,Selesai,ALEXA,55000,TRUE,
2f1f4cea,16/05/2026,13.09.00,Carry - Bk 8251 ct,,CASH,Selesai,ALEXA,60000,,
6e01f550,16/05/2026,13.26.00,Avanza - Bk 1972 vx,110.000 wax,CASH,Selesai,ALEXA,55000,,
c0bbb25d,16/05/2026,13.30.00,Daihatsu - D 1622 afs,,QRIS,Selesai,ALEXA,50000,,
7a9737d9,16/05/2026,13.42.00,Agya - Bk 1871 og,,,Pending,ALEXA,50000,,
6c3d4621,16/05/2026,13.53.00,Innova - Bk 1207 cc,,,Pending,ALEXA,60000,,
1b16e2a8,16/05/2026,14.27.00,Innova - Bm 1953 jb,62.000 diskon mobil 5%,CASH,Selesai,ALEXA,65000,,
eb716756,16/05/2026,14.45.00,Fortuner - Bk 1313,,QRIS,Selesai,ALEXA,60000,,
ef280388,16/05/2026,14.55.00, - ,,CASH,Selesai,ALEXA,5000,,
a08c007f,16/05/2026,15.03.00,Rush - Bk 1182 iz,,CASH,Selesai,ALEXA,55000,,
25cb7f66,16/05/2026,15.22.00,Alphard - Bk 1103 o,,CASH,Selesai,ALEXA,60000,,
5133ada6,16/05/2026,15.23.00, - ,,CASH,Selesai,ALEXA,0,,
e4052aca,17/05/2026,08.23.00,Rush - Bk 1845 aef,,CASH,Selesai,ALEXA,55000,,
70a1d787,17/05/2026,08.24.00,Innova - Bk 1931 d,,CASH,Selesai,ALEXA,60000,TRUE,
0c05c7b2,17/05/2026,08.25.00,Hilux - Bk 8999 gmp,,CASH,Selesai,ALEXA,60000,,
86d2fb8a,17/05/2026,08.25.00,Xenia - Bk 1626 wv,,CASH,Selesai,ALEXA,55000,,
0eba5fad,17/05/2026,08.26.00,Fortuner - Bk 1255 afh,,CASH,Selesai,ALEXA,65000,,
b550c1dd,17/05/2026,08.26.00,Innova - Bk 1415 abj,160.000 jamur kaca,CASH,Selesai,ALEXA,60000,,
2612d74f,17/05/2026,08.28.00,Calya - Bk 1209 lab,,CASH,Selesai,ALEXA,55000,,
c792985a,17/05/2026,08.30.00,Mobilio - Bk 1120 uq,,CASH,Selesai,ALEXA,55000,,
ffb73087,17/05/2026,08.53.00,Avanza - Bk 1023 adt,,CASH,Selesai,ALEXA,55000,,
c69e0442,17/05/2026,08.54.00,March - Bk 1298 qx,,CASH,Selesai,ALEXA,50000,,
a365dee6,17/05/2026,09.23.00,Innova - Bk 1456 afo,,CASH,Selesai,ALEXA,60000,,
f7846ece,17/05/2026,09.24.00,Vellfire - Bk 1721 afw,,CASH,Selesai,ALEXA,60000,,
7b18f439,17/05/2026,09.24.00,Fortuner - Bk 1211 aya,,CASH,Selesai,ALEXA,60000,,
9450743f,17/05/2026,09.52.00,Innova - Bk 1825 agm,,CASH,Selesai,ALEXA,73000,,
ea870d7c,17/05/2026,10.08.00,Xtrail - Bk 1033 oe,,CASH,Selesai,ALEXA,55000,,
98e9d104,17/05/2026,10.08.00,Brio - Bk 1972 afz,,CASH,Selesai,ALEXA,50000,,
d3928094,17/05/2026,10.25.00,Kijang - Bk 1192 agl,,CASH,Selesai,ALEXA,55000,,
1b632a76,17/05/2026,10.25.00,Avanza - Bk 1622 aff,,CASH,Selesai,ALEXA,63000,,
fcc4d6ad,17/05/2026,10.26.00,March - Bk 1920 uh,,QRIS,Selesai,ALEXA,50000,,
1380fd69,17/05/2026,10.35.00,Kijang - Bk 1760 xo,,CASH,Selesai,ALEXA,60000,,
01d141f2,17/05/2026,11.05.00,Innova - Bk 1812 zq,,CASH,Selesai,ALEXA,60000,,
0936520a,17/05/2026,11.05.00,Almaz - Bk 1888 gan,,CASH,Selesai,ALEXA,55000,,
238590fd,17/05/2026,11.06.00,Kijang - Bk 1140 xo,,CASH,Selesai,ALEXA,55000,,
ad5846e9,17/05/2026,11.32.00,Vios - Bk 1750 lj,,CASH,Selesai,ALEXA,55000,,
449e4d6f,17/05/2026,11.49.00,Hrv - Bk 1174 hh,,CASH,Selesai,ALEXA,55000,,
c4abadc4,17/05/2026,11.49.00,Avanza - Bk 1083 as,,CASH,Selesai,ALEXA,55000,,
85a03df3,17/05/2026,12.02.00,Pajero - Bk 1624 ag,,CASH,Selesai,ALEXA,60000,,
cb0e1d76,17/05/2026,12.11.00,Pajero - B 1471 vlq,,CASH,Selesai,ALEXA,80000,,
312d34e9,17/05/2026,12.12.00,Innova - Bk 1925,,QRIS,Selesai,ALEXA,102000,,
668a940f,17/05/2026,12.28.00,Calya - Bk 303 afp,,CASH,Selesai,ALEXA,55000,,
9a8a1416,17/05/2026,13.12.00,Innova - Bk 266 yh,,QRIS,Selesai,ALEXA,60000,,
3d6adb0e,17/05/2026,13.13.00,Fortuner - Bk 1050 abl,,CASH,Selesai,ALEXA,60000,,
386dbb3a,17/05/2026,13.13.00,Luxio - Bk1352 agj,,CASH,Selesai,ALEXA,60000,,
e5c5f60d,17/05/2026,13.32.00,Rush - Bk 1215 ags,,QRIS,Selesai,ALEXA,55000,,
b025816a,17/05/2026,13.45.00,Innova - Bk 1511 agc,,CASH,Selesai,ALEXA,60000,,
0238077c,17/05/2026,13.45.00,Innova - Bk 1367 ex,,CASH,Selesai,ALEXA,60000,,
7bcc03ca,17/05/2026,13.54.00,Brio - Bk 1654 vac,100.000 wax,CASH,Selesai,ALEXA,50000,,
02c7d6dc,17/05/2026,14.05.00,Innova - Bk 13075rbt,120.000 wax,QRIS,Selesai,ALEXA,60000,,
e427c4cc,17/05/2026,14.20.00,WR-V - Bk 1488 afm,,CASH,Selesai,ALEXA,55000,,
5e8d6a0a,17/05/2026,14.20.00,Innova - Bk 1102 aff,,CASH,Selesai,ALEXA,60000,,
b8458a5b,17/05/2026,14.37.00, - ,,CASH,Selesai,ALEXA,0,,
be3503ec,17/05/2026,14.52.00,Avanza - 1681 zm,,,Pending,ALEXA,55000,,
26a87e83,17/05/2026,14.59.00,Rush - Bk 1864 adk,,CASH,Selesai,ALEXA,55000,,
6782d3c5,17/05/2026,14.59.00,Innova - Bk 1305 uut,,CASH,Selesai,ALEXA,75000,,
50fae5af,17/05/2026,15.27.00,Xenia - Bk 1668 bd,,CASH,Selesai,ALEXA,55000,,
43d4c7bd,17/05/2026,15.46.00,Brio - Bk 1437 and,,QRIS,Selesai,ALEXA,60000,,
08bf1bc1,17/05/2026,16.12.00,Ayla - Bk 1129 afo,,CASH,Selesai,ALEXA,50000,,
77aa8b2d,17/05/2026,16.13.00,Innova - Bk 1282 xag,132.000 wax,CASH,Selesai,ALEXA,72000,,
6e1aa9a9,17/05/2026,16.14.00,Innova - Bk 431 afs,,QRIS,Selesai,ALEXA,60000,,
616cad32,17/05/2026,16.27.00,Innova - Bk 1236 abc,,CASH,Selesai,ALEXA,72000,,
d883c168,17/05/2026,17.02.00,Agya - Bk 1697 uq,,QRIS,Selesai,ALEXA,50000,,
2d390ac8,17/05/2026,17.02.00,Avanza - 1773 uq,,CASH,Selesai,ALEXA,55000,,
b7861624,17/05/2026,17.03.00,Terios - Bk 1300 rx,,CASH,Selesai,ALEXA,55000,,
760f5b7b,17/05/2026,17.15.00,Crv - Bk 1735 acb,,QRIS,Selesai,ALEXA,55000,,
897ffffe,17/05/2026,17.28.00,Kijang - Bk 1962 lh,,CASH,Selesai,ALEXA,70000,,
3c6fbc1e,17/05/2026,17.29.00,Avanza - Bk 1205 et,,CASH,Selesai,ALEXA,55000,,
db7f72ce,18/05/2026,08.47.00,Fortuner - Bk 232 fa,,QRIS,Selesai,ALEXA,60000,,
66e275e1,18/05/2026,08.48.00,Brio - Bk 1113 cca,,CASH,Selesai,ALEXA,50000,,
7a826197,18/05/2026,08.48.00,Fortuner - Bk 1855 mw,,CASH,Selesai,ALEXA,68000,,
42173ede,18/05/2026,08.49.00,Fortuner - Bk 1433 ada,,CASH,Selesai,ALEXA,60000,,
73d568b1,18/05/2026,08.50.00, - ,,CASH,Selesai,ALEXA,16000,,
8821be2b,18/05/2026,09.33.00,Innova - Bk 1134 abm,,CASH,Selesai,ALEXA,60000,,
18b36bbf,18/05/2026,09.48.00,Xenia - Bk 1671 je,,CASH,Selesai,ALEXA,55000,,
a13669f8,18/05/2026,09.49.00,Hrv - Bk 1759 aey,,QRIS,Selesai,ALEXA,55000,,
281228cd,18/05/2026,10.10.00,Apv - Bk 1336 ld,,CASH,Selesai,ALEXA,60000,,
5ec361e7,18/05/2026,10.12.00,Rocky - Bk 1703 agc,,CASH,Selesai,ALEXA,55000,,
0dc356f0,18/05/2026,10.20.00, - ,,CASH,Selesai,ALEXA,0,,
419cffa2,18/05/2026,10.53.00,Brio - Bk 1737 add,,CASH,Selesai,ALEXA,63000,,
11d4f57f,18/05/2026,11.23.00,Hard top - Bk 1570 av,,CASH,Selesai,ALEXA,60000,,
d479dbbc,18/05/2026,11.24.00,Offroad - Offroad,80.000,CASH,Selesai,ALEXA,100000,,
fef52bf8,18/05/2026,12.45.00,Bravo - Bk 1195 qa,,CASH,Selesai,ALEXA,60000,,
7160bddc,18/05/2026,13.08.00,Terios - Bk 1136 JE,,QRIS,Selesai,ALEXA,55000,,
ecc4d8fe,18/05/2026,13.09.00,Granmax - Bk 1271 KJ,,QRIS,Selesai,ALEXA,55000,,
25dba995,18/05/2026,13.45.00,Triton - Bm 8345 RG,,CASH,Selesai,ALEXA,60000,,
b6bbfff7,18/05/2026,13.56.00,Terios - Bk 1395 QM,,CASH,Selesai,ALEXA,55000,,
458df6e0,18/05/2026,15.22.00,Sigra - Bk 1950 AEQ,,QRIS,Selesai,ALEXA,70000,,
294e3e95,18/05/2026,16.39.00,Granmax - Bk 8287 HC,,CASH,Selesai,SYAFA,60000,,
0d0c1c65,18/05/2026,16.40.00,Avanza - Bk 1437 UR,,QRIS,Selesai,SYAFA,55000,,
5c04f843,18/05/2026,16.42.00, - ,,CASH,Selesai,SYAFA,12000,,
49b21f16,18/05/2026,16.57.00,Grand Livina - Bk 1866 in,,CASH,Selesai,SYAFA,55000,,
264e58b1,19/05/2026,09.15.00,Yaris - Bk 1163 EJ,,CASH,Selesai,SYAFA,50000,,
935327ef,19/05/2026,09.17.00,Avanza - Bk 1402 IZ,,CASH,Selesai,SYAFA,55000,,
ccb4a77e,19/05/2026,09.17.00,Innova - Bk 1425 ADB,,CASH,Selesai,SYAFA,60000,,
3c98d8c4,19/05/2026,09.18.00,Avanza - Bk 1171 ADP,,CASH,Selesai,SYAFA,55000,,
8bd13cce,19/05/2026,09.57.00,Fortuner - BM 1900 BK,,CASH,Selesai,SYAFA,60000,,
5d8be279,19/05/2026,10.26.00,Agya - Bk 1066 AFT,,QRIS,Selesai,SYAFA,50000,,
c46f8085,19/05/2026,10.28.00,Fortuner - Bk 1110 AH,,CASH,Selesai,SYAFA,60000,,
7104a648,19/05/2026,10.48.00,Avanza - Bk 1765 FA,,CASH,Selesai,SYAFA,55000,,
3a8867ca,19/05/2026,11.01.00,Harrier - Bk 1681 AFW,,,Pending,SYAFA,55000,,
870f9e62,19/05/2026,11.02.00,Mobilio - Bk 1490 ok,,CASH,Selesai,SYAFA,55000,,
d6b51238,19/05/2026,12.28.00,Triton - Bk 8055 IA,,CASH,Selesai,SYAFA,68000,,
251a9da4,19/05/2026,13.33.00,Avanza - Bk 1698 UR,,QRIS,Selesai,SYAFA,55000,,
f0846ec3,19/05/2026,14.38.00,Avanza - BK 1956 IM,,CASH,Selesai,SYAFA,70000,,
87dda1e2,19/05/2026,14.40.00,Fortuner - BK 1878 MZ,,CASH,Selesai,SYAFA,75000,,
8643d74e,19/05/2026,15.09.00,Ertiga - BK 1865 AAB,,CASH,Selesai,SYAFA,55000,,
139536ab,19/05/2026,15.10.00,Xenia - BK 1415 DB,,QRIS,Selesai,SYAFA,55000,,
8c1bc99d,19/05/2026,15.11.00,Cvt - BK 1157 LAG,,CASH,Selesai,SYAFA,55000,,
184f8b26,19/05/2026,15.46.00, - ,,CASH,Selesai,SYAFA,10000,,
a1e90ecb,19/05/2026,16.46.00, - ,,CASH,Selesai,SYAFA,15000,,
00e7aab3,19/05/2026,18.34.00, - ,,,Selesai,SYAFA,0,,
b091e882,20/05/2026,08.32.00,Xenia - BK 1626 WV,,CASH,Selesai,SYAFA,55000,,
5debd806,20/05/2026,08.33.00,Brio - BK 1122 YX,,CASH,Selesai,SYAFA,50000,,
da7894f5,20/05/2026,09.32.00,Innova - Bk 1985 BDS,,CASH,Selesai,SYAFA,45000,,
9687a1c2,20/05/2026,10.00.00,BR-V - BL 1764 FF,,CASH,Selesai,SYAFA,55000,,
a48a9ad8,20/05/2026,10.02.00,Rush - Bk 1585 ADP,,CASH,Selesai,SYAFA,55000,,
5349be08,20/05/2026,10.08.00,WR-V - Bk 1569 afm,,CASH,Selesai,SYAFA,68000,,
12255001,20/05/2026,10.47.00,Brio - B 2504 KML,,CASH,Selesai,SYAFA,50000,,
e9ec1b29,20/05/2026,12.09.00,HR-V - BK 1228 ACQ,,CASH,Selesai,SYAFA,40000,,
33ddda8a,20/05/2026,13.20.00, - ,,CASH,Selesai,SYAFA,0,,
df795558,20/05/2026,14.32.00, - ,,CASH,Selesai,SYAFA,20000,,
0f19a459,20/05/2026,15.25.00,Fortuner - Bk 1264 A,,CASH,Selesai,SYAFA,90000,,
dfd6de6a,20/05/2026,15.45.00,Chevrolet - Bk 1021 gr,,QRIS,Selesai,SYAFA,60000,,
5a7a9dfd,20/05/2026,16.32.00,Avanza - Bm 1400 fs,125.000 wax,CASH,Selesai,SYAFA,70000,,
5526ca66,20/05/2026,16.34.00,Kijang - Bk 917,,,Pending,SYAFA,55000,,
45d6310b,20/05/2026,16.35.00,Jazz - Bk 1514 qa,,CASH,Selesai,SYAFA,71000,,
8a3cb277,20/05/2026,16.52.00,Fortuner - Bk 1007 vob,175.000 jamur kaca,QRIS,Selesai,SYAFA,75000,,
73853bcc,20/05/2026,17.18.00,Innova - BK 1612 AGG,,CASH,Selesai,SYAFA,60000,,
b0cdef33,21/05/2026,08.51.00,Innova - Bk 1527 agj,,CASH,Selesai,ALEXA,60000,,
c6d36dc3,21/05/2026,09.12.00,Karimun - Bk 8232 et,,CASH,Selesai,ALEXA,50000,,
782d7f14,21/05/2026,09.14.00,Prado - Bk 1968 yd,,CASH,Selesai,ALEXA,60000,,
c86b737f,21/05/2026,09.50.00,Innova - Ba 1761 bq,,CASH,Selesai,ALEXA,73000,,
699d6da7,21/05/2026,10.37.00,Land cruiser - Bl 1415 cg,,QRIS,Selesai,ALEXA,60000,,
cdbf13cc,21/05/2026,10.52.00,Brio - Bk 1072 agg,,CASH,Selesai,ALEXA,50000,,
7a6ca67d,21/05/2026,11.02.00,Palisade - BK 70 LU,,QRIS,Selesai,SYAFA,70000,,
1afdcc44,21/05/2026,11.28.00,Rush - Bk 1511 lis,,CASH,Selesai,ALEXA,55000,,
5202f7e4,21/05/2026,12.07.00,Xpander - Bk 1914 ji,155.000 jatah sudah di ambil,QRIS,Selesai,ALEXA,55000,,
3b5ce4d1,21/05/2026,12.07.00,Brv - Bk 1963 abu,,QRIS,Selesai,ALEXA,67000,,
02c78380,21/05/2026,12.09.00,Hrv - Bk 1998 hrr,,CASH,Selesai,ALEXA,55000,,
9b3a66c0,21/05/2026,12.23.00,Innova - Bk 7016,,CASH,Selesai,ALEXA,72000,,
f66a4648,21/05/2026,13.04.00,Innova - Bk 1151 nu,,CASH,Selesai,ALEXA,60000,,
45e7d281,21/05/2026,14.56.00,Xenia - Bk 1485 aly,,CASH,Selesai,ALEXA,55000,,
6cb51bda,21/05/2026,14.57.00,Fortuner - Bk 1198 rc,,CASH,Selesai,ALEXA,60000,,
afa4f24a,21/05/2026,14.57.00,Scross - Bk 1112 aae,,CASH,Selesai,ALEXA,55000,,
01fcab80,21/05/2026,14.58.00, - ,,,Pending,ALEXA,39000,,
df4a38b6,21/05/2026,15.22.00,Ecosport - Bk 1359 adm,,CASH,Selesai,ALEXA,68000,,
f930133a,21/05/2026,15.30.00,Xenia - Bk 1821 ado,,CASH,Selesai,ALEXA,55000,,
27ceea21,21/05/2026,15.32.00, - ,,CASH,Selesai,ALEXA,0,,
73b47237,21/05/2026,17.27.00,Etios - Bk 1612 vl,,QRIS,Selesai,ALEXA,50000,,
b857d235,21/05/2026,18.49.00, - ,,CASH,Selesai,ALEXA,25000,,
7e2176a2,22/05/2026,08.20.00,WR-V - Bk 1707 aff,,CASH,Selesai,ALEXA,55000,,
3e3ec473,22/05/2026,08.21.00,Ranger - Bk 1483 di,,CASH,Selesai,ALEXA,75000,,
6a4be8b3,22/05/2026,08.21.00,Xpander - Bk 1366 hx,,QRIS,Selesai,ALEXA,55000,,
cd562696,22/05/2026,08.39.00,Innova - Bk 1389 pl,,CASH,Selesai,ALEXA,60000,,
3d6c02f5,22/05/2026,08.39.00,Innova - Bk 1591 agd,,CASH,Selesai,ALEXA,60000,,
f6706e8c,22/05/2026,08.47.00,Terios - Bk 1557 gx,,CASH,Selesai,ALEXA,55000,,
bdbc19c3,22/05/2026,09.00.00,Daihatsu - Bk 1022 oo,,CASH,Selesai,ALEXA,50000,,
531ddefd,22/05/2026,09.05.00,Xenia - Bk 2485 uyc,,QRIS,Selesai,ALEXA,55000,,
1de48727,22/05/2026,09.22.00,Vios - Bk 1135 gd,,CASH,Selesai,ALEXA,55000,,
dbfcc052,22/05/2026,09.53.00,Crv - Bk 1499 qd,,CASH,Selesai,ALEXA,55000,,
007db6f0,22/05/2026,10.12.00, - ,,CASH,Selesai,ALEXA,0,TRUE,
6401ba68,22/05/2026,10.20.00,Ranger - Bk 8129 fh,,CASH,Selesai,ALEXA,60000,,
81330af4,22/05/2026,10.50.00,Innova - Bk 1903 qy,Diskon 5% (57.000),QRIS,Selesai,ALEXA,73000,,
125e5e41,22/05/2026,11.02.00,Innova - Bk 1398 zh,,CASH,Selesai,ALEXA,60000,,
da929e7c,22/05/2026,11.41.00,Xtrail - Bk 1797 ry,,QRIS,Selesai,ALEXA,55000,,
a3076e3b,22/05/2026,12.07.00,WR-V - Bk 1393 no,,QRIS,Selesai,ALEXA,40000,,
ec5c5008,22/05/2026,13.33.00,Pajero - Bk 1294 aam,300.000,QRIS,Selesai,ALEXA,60000,,
42971261,22/05/2026,13.35.00, - ,Bagus potongan 5rb,CUSTOM,Selesai,ALEXA,10000,,
20b14f01,22/05/2026,13.44.00,Avanza - Bk 1883 ov,,QRIS,Selesai,ALEXA,85000,,
11eb8200,22/05/2026,15.12.00,Avanza - Bk 1108 im,,CASH,Selesai,ALEXA,55000,,
7b544bab,22/05/2026,15.14.00,Brio - Bk 1486 uj,,CASH,Selesai,ALEXA,50000,,
8522c079,22/05/2026,15.15.00,Ayla - Bk 1287 afr,,CASH,Selesai,ALEXA,50000,,
d67f4a70,22/05/2026,15.15.00,Avanza - Bk 1683 abv,,CASH,Selesai,ALEXA,55000,,
36d18419,22/05/2026,15.29.00, - ,Potongan 5rb,CASH,Selesai,ALEXA,10000,,
6ca8fef6,22/05/2026,15.31.00, - ,,CASH,Selesai,ALEXA,31000,,
4b9ef373,22/05/2026,16.18.00,Rush - Bk 1879 adz,,CASH,Selesai,ALEXA,55000,,
bc309394,22/05/2026,16.38.00,Ertiga - Bk 1637 ul,,CASH,Selesai,ALEXA,55000,,
4955015d,22/05/2026,17.12.00,Avanza - Bk 1631 acj,,CASH,Selesai,ALEXA,55000,,
cd09d3fd,22/05/2026,17.20.00, - ,,CASH,Selesai,ALEXA,0,,
7b26247c,22/05/2026,17.44.00, - ,,CASH,Selesai,ALEXA,23000,,
71102474,22/05/2026,17.08.00,Fortuner - Bk 1983 yes,,QRIS,Selesai,ALEXA,60000,,
5cd55280,22/05/2026,17.11.00,Grand livina - Bk 1028 lw,,,Pending,ALEXA,68000,,
f3ec0e66,23/05/2026,12.23.00,Mitshubisihi - BK 1834 PE,,CASH,Selesai,SYAFA,55000,,
5cecdaef,23/05/2026,12.24.00,Innova - BK 1569 AFI,,CASH,Selesai,SYAFA,60000,TRUE,
acd04c30,23/05/2026,12.29.00,Sigra - BK 1185 AEF,,QRIS,Selesai,SYAFA,55000,,
27256600,23/05/2026,12.30.00,S.presso - BK 1939 AGH,,CASH,Selesai,SYAFA,50000,,
51720090,23/05/2026,12.30.00,Rush - BK 1062 MAD,,QRIS,Selesai,SYAFA,55000,,
a701c527,23/05/2026,12.39.00,BRIO - BK 1291 ADF,,QRIS,Selesai,SYAFA,50000,,
7bb48662,23/05/2026,13.03.00,Innova - BK 1102 ADM,,CASH,Selesai,SYAFA,60000,TRUE,
3fcd15cd,23/05/2026,13.15.00,Innova - BK 1309 FRG,,CASH,Selesai,SYAFA,60000,,
1423a8d2,23/05/2026,14.07.00,City - BK 1984 TD,,CASH,Selesai,SYAFA,73000,,
c8c8e464,23/05/2026,14.19.00,Byd - BK 481 RIN,,CASH,Selesai,SYAFA,63000,,
33292015,23/05/2026,14.29.00,Brio - BK 1943 TA,,CASH,Selesai,SYAFA,50000,,
ac2f95df,23/05/2026,14.36.00,Fortuner - BK 1599 ADU,,CASH,Selesai,SYAFA,70000,,
0b8268e6,23/05/2026,14.51.00,Harrier - BK 1681 AFW,,CASH,Selesai,SYAFA,55000,,
82b33810,23/05/2026,15.48.00,Panther - BK 1489 UN,,CASH,Selesai,SYAFA,70000,,
584144b7,23/05/2026,15.50.00,Almaz - BK 1987 ADB,,QRIS,Selesai,SYAFA,65000,,
44d68afb,23/05/2026,16.00.00,Xenia - BK 1600 QZ,,CASH,Selesai,SYAFA,70000,,
2f67b433,23/05/2026,16.26.00,Pajero - BK 1876 VAB,,CASH,Selesai,SYAFA,75000,,
c62bf3ea,23/05/2026,16.30.00,Agya - BM 1998 NAN,Wex,QRIS,Selesai,SYAFA,50000,,
2cf67827,23/05/2026,16.36.00,Ertiga - BK 1612 ABB,,QRIS,Selesai,SYAFA,55000,,
a0482efc,23/05/2026,16.47.00,Fortuner - BK 1470 EI,,CASH,Selesai,SYAFA,60000,,
a4d5b7fb,23/05/2026,17.21.00,Fortuner - BK 120 QL,,CASH,Selesai,SYAFA,60000,,
61c339d2,23/05/2026,17.22.00,Avanza - BK 1847 QY,,CASH,Selesai,SYAFA,65000,,
a146319f,23/05/2026,17.38.00,Agya - BK 1027 JN,,CASH,Selesai,SYAFA,50000,,
6fdaf0f2,23/05/2026,17.39.00,Avanza - BK 1840 KP,,CASH,Selesai,SYAFA,55000,,
947f4b40,23/05/2026,17.40.00,Fortuner - BK 1336 AH,,CASH,Selesai,SYAFA,60000,,
ea4d040a,24/05/2026,08.47.00,Go panca - D 1622 afs,,QRIS,Selesai,ALEXA,50000,,
10179534,24/05/2026,08.47.00,Avanza - Bk 1604 aae,,QRIS,Selesai,ALEXA,55000,,
fb80b553,24/05/2026,09.13.00, - ,,CASH,Selesai,ALEXA,0,,
1c499c39,24/05/2026,09.37.00,Rush - Bk 1765 mab,,QRIS,Selesai,ALEXA,55000,,
75204406,24/05/2026,09.50.00,Kijang - Bk 1140 xo,,CASH,Selesai,ALEXA,55000,,
fc7abadf,24/05/2026,10.04.00,Innova - Bk 1511 agc,,CASH,Selesai,ALEXA,60000,,
310d4d39,24/05/2026,10.07.00,Xenia - Ba 1658 bd,,CASH,Selesai,ALEXA,55000,,
d49d9f8c,24/05/2026,10.13.00,Calya - Bk 1230  wz,110.000,CASH,Selesai,ALEXA,55000,,
f4b55c3f,24/05/2026,10.19.00, - ,,CASH,Selesai,ALEXA,0,,
a6260996,24/05/2026,10.26.00,Captiva - Bk 1590 aap,,QRIS,Selesai,ALEXA,85000,,
31ef732f,24/05/2026,10.46.00,Stargezer - Bk 1625 agu,,QRIS,Selesai,ALEXA,65000,,
e48f810f,24/05/2026,10.47.00,Mobilio - Bk 1997 acc,,QRIS,Selesai,ALEXA,68000,,
1bde4630,24/05/2026,10.49.00,Innova - Bk 1691 agc,,CASH,Selesai,ALEXA,78000,,
54491273,24/05/2026,11.15.00,Agya - Bb1526 na,,CASH,Selesai,ALEXA,50000,,
cd152260,24/05/2026,11.15.00,Innova - Bk 805 gar,170.000,CASH,Selesai,ALEXA,73000,,
35293492,24/05/2026,11.23.00,Innova - Bk 1938 pw,,CASH,Selesai,ALEXA,60000,,
f91e52b1,24/05/2026,11.32.00,Xpander - Bk 1531 vs,170.000,CASH,Selesai,ALEXA,70000,,
9de40ee5,24/05/2026,11.38.00,Sienta - Bk 1814 fg,,CASH,Selesai,ALEXA,55000,,
4c82f514,24/05/2026,12.57.00,Innova - Bk 1305 uut,,CASH,Selesai,ALEXA,75000,,
865f0636,24/05/2026,13.02.00,Vellfire - Bk 1721 afw,,CASH,Selesai,ALEXA,60000,,
9ae1a263,24/05/2026,13.06.00,Avanza - Bk 1465 aei,,QRIS,Selesai,ALEXA,55000,,
5a67a816,24/05/2026,14.40.00,Mobilio - Bk 1797 or,,QRIS,Selesai,ALEXA,55000,,
cebe0ca9,24/05/2026,14.41.00,Avanza - Bk 1214 ig,,QRIS,Selesai,ALEXA,55000,,
9980d4e6,24/05/2026,14.49.00,Brv - Bk 1971 ado,,,Pending,ALEXA,55000,,
dbeb2dc6,24/05/2026,14.53.00, - ,,CASH,Selesai,ALEXA,0,,
946c4463,24/05/2026,15.13.00,Kijang - Bk 1789 lx,,CASH,Selesai,ALEXA,70000,,
a2705cf8,24/05/2026,15.53.00,Hard top - Bl 1667 lf,,CASH,Selesai,ALEXA,60000,,
22dd12fe,24/05/2026,15.58.00, - ,,CASH,Selesai,ALEXA,0,,
83002884,24/05/2026,16.24.00,Agya - Bk 1747 aeh,,CASH,Selesai,ALEXA,50000,,
5dbcc283,24/05/2026,16.33.00,Xenia - Bk 1386 df,,CASH,Selesai,ALEXA,55000,,
05b11e4a,24/05/2026,16.50.00,Avanza - Bk 1155 ub,,CASH,Selesai,ALEXA,70000,,
f03d29b0,24/05/2026,17.10.00,Calya - Bk 1423 aef,,CASH,Selesai,ALEXA,55000,,
40e059d5,24/05/2026,17.25.00,Terios - B 2887 uik,,CASH,Selesai,ALEXA,70000,,
65b5c4f6,24/05/2026,17.15.00,Jazz - Ba 1489 gp,,,Pending,ALEXA,55000,,
fcda0121,25/05/2026,08.08.00,Innova - BK 1052 RV,,CASH,Selesai,SYAFA,90000,,
228218b8,25/05/2026,08.09.00,Raize - BK 1459 VAE,Jatah sudah di ambil,CASH,Selesai,SYAFA,55000,,
999c1382,25/05/2026,08.34.00,Avanza - Bk 1185 qz,,CASH,Selesai,SYAFA,65000,,
29bd2d58,25/05/2026,09.39.00,Yaris - BK 1865 FAD,,CASH,Selesai,SYAFA,55000,,
465567ab,25/05/2026,09.39.00,Ertiga - BK 1043 EM,Jatah sudah diambil,QRIS,Selesai,SYAFA,55000,,
3a48767f,25/05/2026,09.43.00,Innova - BK 1820 ABJ,,CASH,Selesai,SYAFA,60000,,
450c4956,25/05/2026,10.44.00,Rush - BK 1301 HT,,CASH,Selesai,SYAFA,55000,,
27332510,25/05/2026,10.48.00,Avanza - BK 1181 ZS,,CASH,Selesai,SYAFA,55000,,
81239022,25/05/2026,11.03.00,Calya - BK 1347 AAR,,QRIS,Selesai,SYAFA,55000,,
4775890f,25/05/2026,11.21.00,Avanza - B 1660 jki,,CASH,Selesai,SYAFA,85000,,
9dec343a,25/05/2026,11.30.00,Sigra - Bk 1950 aeq,,QRIS,Selesai,SYAFA,70000,,
7c53d94f,25/05/2026,12.41.00,Mazda - BK 1386 ZC,,CASH,Selesai,SYAFA,50000,,
62305878,25/05/2026,12.49.00,Hillux - BK 8619 AF,,QRIS,Selesai,SYAFA,70000,,
c93766f2,25/05/2026,12.50.00, - ,,,Selesai,SYAFA,0,,
3b6d3bbd,25/05/2026,13.01.00, - ,Bagus,CASH,Selesai,SYAFA,10000,,
aa750543,25/05/2026,13.02.00, - ,,QRIS,Selesai,SYAFA,12000,,
5be63d78,25/05/2026,13.08.00, - ,,QRIS,Selesai,SYAFA,10000,,
84ef9cbf,25/05/2026,13.47.00,Avanza - BK 1525 AU,,CASH,Selesai,SYAFA,55000,,
2bc5440e,25/05/2026,13.48.00,Avanza - BK 1535 VR,,QRIS,Selesai,SYAFA,65000,,
bd5a5e63,25/05/2026,14.06.00,Yaris - BK 1474 IA,,QRIS,Selesai,SYAFA,55000,,
c1aa9aa9,25/05/2026,14.38.00,Fortuner - BK 1433 ADA,,CASH,Selesai,SYAFA,60000,,
eb7e05a7,25/05/2026,14.43.00,X pander - BK 1853 AfA,,CASH,Selesai,SYAFA,55000,,
f13e1ee6,25/05/2026,14.54.00,Fortuner - Bk 1688 cui,,CASH,Selesai,SYAFA,60000,,
69aedaf9,25/05/2026,15.41.00,Avanza - BK 1563 IW,,CASH,Selesai,SYAFA,55000,,
55a60945,25/05/2026,16.09.00,Innova - BK 1951 APY,,CASH,Selesai,SYAFA,60000,,
7f3dcec8,25/05/2026,16.41.00,Duster - BK 1429 AAV,,CASH,Selesai,SYAFA,55000,,
1ca70745,25/05/2026,17.25.00,Rush - Bk 1415 tak,,CASH,Selesai,SYAFA,55000,,
67a5d0ea,25/05/2026,17.55.00,Sigra - D 10 ren,,CASH,Selesai,SYAFA,55000,,
1cdc09b3,26/05/2026,08.36.00,Xenia - Bk 1379 aar,,CASH,Selesai,ALEXA,55000,,
515b2f3a,26/05/2026,08.36.00,Brio - Bl 1113 cca,,QRIS,Selesai,ALEXA,50000,,
d79b3f2f,26/05/2026,08.37.00,Agya - Bk 1640 maa,,CASH,Selesai,ALEXA,50000,,
0da75689,26/05/2026,08.49.00,Rush - Bk 1952 aah,,CASH,Selesai,ALEXA,55000,,
afe54411,26/05/2026,08.50.00,WR-V - Bk 1569 afm,,CASH,Selesai,ALEXA,55000,TRUE,
872516df,26/05/2026,08.59.00, - ,,CASH,Selesai,ALEXA,0,,
87dd8db2,26/05/2026,09.13.00,Calya - Bk 1529 afh,,CASH,Selesai,ALEXA,55000,,
4c70a001,26/05/2026,09.14.00,Chevrolet - Bk 1797 oi,,CASH,Selesai,ALEXA,55000,,
cbc354e3,26/05/2026,09.34.00,Xenia - Bk 1976 vt,,CASH,Selesai,ALEXA,55000,,
68406531,26/05/2026,09.39.00,Xenia - Bk 1641 aeo,,CASH,Selesai,ALEXA,55000,,
6561a215,26/05/2026,09.40.00,Fortuner - Bk 1429 af,,CASH,Selesai,ALEXA,45000,,
a36028b5,26/05/2026,09.47.00,Xl-7 - Bk 1240 apf,,CASH,Selesai,ALEXA,55000,,
c609376e,26/05/2026,09.48.00,Brio - Bk 1891 acp,,CASH,Selesai,ALEXA,50000,,
69b2f111,26/05/2026,10.09.00,Everest - Bk 1364  gq,,QRIS,Selesai,ALEXA,60000,,
7b75b3fc,26/05/2026,10.13.00, - ,,CASH,Selesai,ALEXA,0,,
4ba1bf08,26/05/2026,10.49.00,Datsun - BK 1372 EU,,CASH,Selesai,ALEXA,70000,,
32ae4218,26/05/2026,12.01.00,Agya - BK 1941 HP,,QRIS,Selesai,SYAFA,50000,,
87ab11cd,26/05/2026,12.04.00,Pajero - BK 1482 T,,CASH,Selesai,SYAFA,60000,,
b62b7510,26/05/2026,12.04.00,Avanza - BK 1140 AEB,,CASH,Selesai,SYAFA,75000,,
86218f09,26/05/2026,12.05.00,Rush - BK 1840 ZO,,CASH,Selesai,SYAFA,55000,,
76727a4e,26/05/2026,12.06.00,Innova - BK 1207 CC,,CASH,Selesai,SYAFA,60000,,
350d126d,26/05/2026,12.14.00,Avanza - BK 1083 AS,,CASH,Selesai,SYAFA,55000,,
c422f243,26/05/2026,12.30.00,WR-V - BK 1393 NV,,QRIS,Selesai,SYAFA,40000,,
72a3d524,26/05/2026,13.14.00,Sigra - BK 1873 AEH,,CASH,Selesai,SYAFA,45000,,
e3803493,26/05/2026,13.15.00, - ,,CASH,Selesai,SYAFA,0,,
67175bdf,26/05/2026,13.21.00,Freed - BK 1845 VJ,,QRIS,Selesai,SYAFA,60000,,
d8f997d9,26/05/2026,13.40.00,Avanza - Bk 1690 adu,,CASH,Selesai,SYAFA,55000,,
6961d614,26/05/2026,13.56.00,Granmax - BK 1271 KJ,,CASH,Selesai,SYAFA,60000,,
19e28f9c,26/05/2026,13.56.00,Double cabin - KT 8062 KI,,QRIS,Selesai,SYAFA,70000,,
a1284a43,26/05/2026,14.18.00,Ayla - BK 1813 CC,,CASH,Selesai,SYAFA,75000,,
26dcd6d3,26/05/2026,14.44.00, - ,,CASH,Selesai,SYAFA,0,,
deb8970d,26/05/2026,15.04.00,Fortuner - Bk 1456 atn,120.000,CASH,Selesai,SYAFA,60000,,
d99aad06,26/05/2026,15.35.00,City - Bk 1332 ph,155.000,QRIS,Selesai,SYAFA,55000,,
6082d3e4,26/05/2026,15.51.00,Pajero - Bk 1679 pn,,CASH,Selesai,SYAFA,60000,,
93f4f65b,26/05/2026,15.53.00,Neta - Bk 1363 afv,,QRIS,Selesai,SYAFA,55000,,
da1ab6a6,26/05/2026,16.00.00,Hrv - Bk 1400 ku,,CASH,Selesai,SYAFA,55000,,
b38224c2,26/05/2026,16.01.00, - ,,CASH,Selesai,SYAFA,0,,
115505d4,26/05/2026,16.08.00,Jazz - Bk 1984 da,,CASH,Selesai,SYAFA,60000,,
a95d1f11,26/05/2026,16.25.00,Rush - Bk 1193 acr,,,Pending,SYAFA,55000,,
c56e619c,29/05/2026,08.10.00,Xenia - Bk 1626 wv,,QRIS,Selesai,ALEXA,55000,,
9e92f610,29/05/2026,08.11.00,Sienta - Bk 1814 fg,,CASH,Selesai,ALEXA,55000,,
273cd2ba,29/05/2026,08.11.00,Touring - Bk 1702 ay,,CASH,Selesai,ALEXA,55000,,
d6f85628,29/05/2026,08.18.00, - ,,CASH,Selesai,ALEXA,0,,
306c7f14,29/05/2026,09.02.00,Brio - Bk 1431 agl,105.000,CASH,Selesai,ALEXA,55000,,
55531cbe,29/05/2026,10.31.00,Avanza - Bk 1172 aea,,CASH,Selesai,ALEXA,68000,,
c864d900,29/05/2026,10.48.00,Land cruiser - Bp 1066 yh,Om awal,CASH,Selesai,ALEXA,85000,,
ee7e98d3,29/05/2026,11.10.00,Mobilio - Bk 1322 at,110.000,QRIS,Selesai,ALEXA,55000,,
8edce482,29/05/2026,11.37.00, - ,,CASH,Selesai,ALEXA,0,TRUE,
53ea51ff,29/05/2026,12.42.00,Innova - B 1513 uor,,CASH,Selesai,ALEXA,60000,,
b6b9a7cc,29/05/2026,13.06.00,Avanza - Bk 1269 adv,,CASH,Selesai,ALEXA,55000,,
,,,,,,,,,,
069e361b,29/05/2026,14.00.00,Fortuner - Bk 1264 a,,CASH,Selesai,ALEXA,75000,,
04d1be6e,29/05/2026,14.01.00,Brio - Bk 1392 abl,100.000,QRIS,Selesai,ALEXA,50000,,
fa3c778a,29/05/2026,14.02.00,Terios - Bk 1014 lc,130.000,QRIS,Selesai,ALEXA,75000,,
e041aec8,29/05/2026,14.25.00, - ,,CASH,Selesai,ALEXA,0,,
5a036139,29/05/2026,14.28.00, - ,,CASH,Selesai,ALEXA,0,,
ba97aa9c,29/05/2026,14.38.00, - ,,CASH,Selesai,ALEXA,0,,
2b5f562a,29/05/2026,15.28.00,Swift - Bk 1570 jt,100.000,QRIS,Selesai,ALEXA,50000,,
9c685e32,29/05/2026,15.40.00,Terios - Bk 1327 pk,,CASH,Selesai,ALEXA,55000,,
5bb18a0b,29/05/2026,16.10.00,Palisade - Bk 70 lu,,QRIS,Selesai,ALEXA,72000,TRUE,
9a3e9bca,29/05/2026,16.40.00,BMW - B 1153 uat,,QRIS,Selesai,ALEXA,78000,,
1b3d57ad,29/05/2026,17.20.00,Duster - Bk 1429 aao,,CASH,Selesai,ALEXA,60000,,
657a2920,29/05/2026,17.25.00,Avanza - Bk 1197 os,,CASH,Selesai,ALEXA,55000,,
dd71fdb0,29/05/2026,17.25.00,Rush - Bk 1182 iz,,CASH,Selesai,ALEXA,55000,,
d44aae94,30/05/2026,08.21.00,Crv - Bk 1048 qc,,CASH,Selesai,ALEXA,55000,,
c94320af,30/05/2026,08.21.00,Rush - Bk 1583 ez,,QRIS,Selesai,ALEXA,55000,,
82597d4e,30/05/2026,08.22.00,Fortuner - Bk 1627 sx,,QRIS,Selesai,ALEXA,60000,,
107b4b52,30/05/2026,08.22.00,Rush - Bk 1801 ib,,CASH,Selesai,ALEXA,55000,,
ee0dbe42,30/05/2026,08.23.00,Brio - Bk 1905 adc,,QRIS,Selesai,ALEXA,50000,,
d1662f34,30/05/2026,08.38.00,Rush - Bk 1301 aes,,QRIS,Selesai,ALEXA,55000,,
43866114,30/05/2026,08.49.00,Yaris - Bd 1097 ap,,CASH,Selesai,ALEXA,50000,,
4dc757c8,30/05/2026,09.11.00,Rush - Bk 1704 aey,,CASH,Selesai,ALEXA,55000,,
b25a2bc3,30/05/2026,09.12.00,Chevrolet - Bk 1317 ko,,QRIS,Selesai,ALEXA,50000,,
5686e3b7,30/05/2026,09.12.00,Innova - Bk 1947 aen,,CASH,Selesai,ALEXA,60000,,
f54b3ae5,30/05/2026,09.35.00,Mobilio - Bk 1945 rr,,QRIS,Selesai,ALEXA,55000,,
b32793a3,30/05/2026,09.54.00,Brio - Bk 1654 vac,,CASH,Selesai,ALEXA,50000,,
5aafa52e,30/05/2026,10.10.00,Pajero - Bk 1654 vab,,CASH,Selesai,ALEXA,68000,,
f245b98e,30/05/2026,10.11.00,Xpander - Bk 1362 aer,110.000,CASH,Selesai,ALEXA,55000,,
b8e73a5e,30/05/2026,10.13.00,Fortuner - Bk 1305 gny,,CASH,Selesai,ALEXA,60000,,
73b0f80b,30/05/2026,10.13.00,Xtrail - Bg 1910 ws,,CASH,Selesai,ALEXA,55000,,
d440ff21,30/05/2026,10.46.00,Hilux - Bk 8999 gmp,,CASH,Selesai,ALEXA,60000,,
b273aa28,30/05/2026,11.00.00, - ,,CASH,Selesai,ALEXA,0,,
e9f47dfe,30/05/2026,11.03.00, - ,Kalibrasi,CASH,Selesai,ALEXA,0,,
2935662f,30/05/2026,11.06.00,Sigra - Bk 1846 aek,,CASH,Selesai,ALEXA,55000,,
1584ee44,30/05/2026,11.08.00, - ,,CASH,Selesai,ALEXA,22000,,
f807223e,30/05/2026,11.35.00,Xl-7 - Bk 1487 agu,,CASH,Selesai,ALEXA,55000,,
428c9a31,30/05/2026,11.36.00, - ,,CASH,Selesai,ALEXA,10000,,
a87018eb,30/05/2026,11.54.00,Innova - Bk 1741 wi,168.000,QRIS,Selesai,ALEXA,68000,,
069bf622,30/05/2026,11.55.00,Innova - Bk 1354 ira,,CASH,Selesai,ALEXA,60000,,
cc1a5eeb,30/05/2026,11.56.00,Brio - Bk 1428 acr,100.000,QRIS,Selesai,ALEXA,50000,,
3b0022a3,30/05/2026,12.07.00,Confero - Bk 1481 acm,127.000,CASH,Selesai,ALEXA,72000,,
e55c68d3,30/05/2026,12.12.00,Xpander - Bk 1168 amb,,CASH,Selesai,ALEXA,63000,,
91dbc4fe,30/05/2026,12.22.00,Innova - Bk 812 coy,,CASH,Selesai,ALEXA,68000,,
d797ac2e,30/05/2026,12.39.00,Avanza - Bk 1839 ot,,CASH,Selesai,ALEXA,55000,,
450dc5f4,30/05/2026,12.43.00,BMW - B 2789 brc,,CASH,Selesai,ALEXA,55000,,
f93899bd,30/05/2026,12.53.00,Xpander - Bk 1642 vt,,CASH,Selesai,ALEXA,55000,,
8fed2cbc,30/05/2026,12.59.00,Pajero - Bk 1669 ado,,CASH,Selesai,ALEXA,60000,,
bd6fb3c4,30/05/2026,12.59.00,Pajero - B 2715 sjk,,QRIS,Selesai,ALEXA,60000,,
84ac47fe,30/05/2026,13.21.00,Calya - Bk 1922 wm,,QRIS,Selesai,ALEXA,75000,,
41fd9915,30/05/2026,13.37.00,Fortuner - Bk 1201 ql,,CASH,Selesai,ALEXA,75000,,
3b259110,30/05/2026,13.37.00,WR-V - Bk 1463 ing,,CASH,Selesai,ALEXA,55000,,
47f37669,30/05/2026,14.57.00,Xenia - B 1767 vot,,CASH,Selesai,ALEXA,55000,,
ad5d9f8e,30/05/2026,15.14.00,Brv - Bk 1089 afi,,CASH,Selesai,ALEXA,55000,,
9e80d1a6,30/05/2026,15.21.00,Jazz - Bk 1470 gw,,CASH,Selesai,ALEXA,55000,,
ad778f9d,30/05/2026,15.53.00,Innova - Bk 1027 aaj,160.000,CASH,Selesai,ALEXA,60000,,
333c3b53,30/05/2026,16.39.00,WR-V - Bk 1980 afb,,QRIS,Selesai,ALEXA,55000,,
9af23938,30/05/2026,16.59.00,Innova - Bk 1390 aet,,CASH,Selesai,ALEXA,70000,,
94dc03cf,30/05/2026,17.25.00,Pickup - Bk 8950 go,,CASH,Selesai,ALEXA,60000,,
b1495cc5,30/05/2026,17.25.00,March - Bk 1731 ko,,CASH,Selesai,ALEXA,50000,,
b8b880f2,30/05/2026,17.25.00,Pajero - Bk 1011 bcn,,CASH,Selesai,ALEXA,72000,,
f02dc233,30/05/2026,17.25.00,Innova - Bk 1109 o,,CASH,Selesai,ALEXA,84000,,
0e1e77cd,30/05/2026,17.25.00,Rush - Bk 1337 ui,,CASH,Selesai,ALEXA,55000,,
a53b58c1,30/05/2026,17.25.00,Fortuner - Bk 1089 lz,,CASH,Selesai,ALEXA,75000,,
3d998959,31/05/2026,08.58.00,HR-V - BK 1088 ABR,,QRIS,Selesai,SYAFA,55000,,
c3d42be7,31/05/2026,09.29.00,Etios - BK 1005 DQ,,QRIS,Selesai,SYAFA,63000,,
08167d5a,31/05/2026,09.46.00,Innova - BK 1965 TAL,,CASH,Selesai,SYAFA,60000,,
ddbb4d14,31/05/2026,09.55.00,Calya - BK 1530 ACP,,CASH,Selesai,SYAFA,70000,,
759ac22c,31/05/2026,09.57.00,Sigra - BK 1358 ZB,,CASH,Selesai,SYAFA,55000,,
c2ffaa57,31/05/2026,10.04.00, - ,,CASH,Selesai,SYAFA,0,,
623af84b,31/05/2026,10.19.00,BR-V - BK 1628 QH,,QRIS,Selesai,SYAFA,55000,,
2f5f0611,31/05/2026,10.21.00,VELOZ - BK 1576 ADP,WAX,CASH,Selesai,SYAFA,60000,,
92e1d8ba,31/05/2026,10.34.00,CORTEZ - BK 1516 RX,,CASH,Selesai,SYAFA,60000,,
f5963864,31/05/2026,10.49.00,Avanza - BK 1056 SZ,,CASH,Selesai,SYAFA,55000,,
5cf05b3e,31/05/2026,11.23.00,Yaris - Bk 1385 rk,,CASH,Selesai,SYAFA,35000,,
136a73e4,31/05/2026,11.24.00,Ertiga - Bk 1090 gb,,CASH,Selesai,SYAFA,70000,,
18726e4e,31/05/2026,11.36.00, - ,,CASH,Selesai,SYAFA,0,TRUE,
8c59571e,31/05/2026,12.13.00,Avanza - Bk 1787 oq,,CASH,Selesai,SYAFA,65000,,
80bd8690,31/05/2026,12.14.00,Innova - Bk 1691 agc,,QRIS,Selesai,SYAFA,80000,,
c80ebc99,31/05/2026,12.25.00,Sigra - BK 1335 AFH,,CASH,Selesai,SYAFA,55000,,
b4bddfd4,31/05/2026,12.29.00,Innova - BK 1016 AGM,,CASH,Selesai,SYAFA,60000,,
cc91667f,31/05/2026,12.52.00,Jazz - BK 1504 AAD,110.000,CASH,Selesai,SYAFA,55000,,
c39c324f,31/05/2026,13.17.00,Kijang - BK 1739 EK,,CASH,Selesai,SYAFA,70000,,
0abd34fe,31/05/2026,14.07.00,Fortuner - BK 31 BJ,,QRIS,Selesai,SYAFA,80000,,
af84198a,31/05/2026,14.24.00,Jazz - BK 1139 AAL,,QRIS,Selesai,SYAFA,60000,,
7eab509f,31/05/2026,14.27.00, - ,,CASH,Selesai,SYAFA,10000,,
e08e1624,31/05/2026,14.52.00,Innova - Bk 1131 afs,,QRIS,Selesai,SYAFA,75000,,
3c833fae,31/05/2026,16.15.00,Avanza - BK 1728 AGA,,CASH,Selesai,SYAFA,55000,,
60d5422f,31/05/2026,16.42.00, - ,,CASH,Selesai,SYAFA,5000,,
0df02f10,31/05/2026,17.11.00,Ertiga - BK 1475 ABP,,CASH,Selesai,SYAFA,55000,,
90494edf,31/05/2026,17.14.00,Calya - BK 1012 AD,,CASH,Selesai,SYAFA,55000,,
e52f7aa5,01/06/2026,08.19.00,Innova - Bk 1064 xc,,CASH,Selesai,ALEXA,60000,,
004eb04b,01/06/2026,08.19.00,Innova - Bk 1513 aek,,CASH,Selesai,ALEXA,60000,,
22510853,01/06/2026,08.20.00,Terios - Bk 1442 rx,,CASH,Selesai,ALEXA,55000,,
9a01da30,01/06/2026,08.20.00,Ranger - Bk 8129 fh,,CASH,Selesai,ALEXA,68000,,
d4431235,01/06/2026,08.25.00, - ,,CASH,Selesai,ALEXA,0,,
ebb83774,01/06/2026,08.44.00,Innova - Bk 1125 jf,,CASH,Selesai,ALEXA,60000,,
71c92cdf,01/06/2026,09.18.00,Ertiga - Bk 1016 abd,,CASH,Selesai,ALEXA,81000,,
e7ebda89,01/06/2026,09.19.00,Ertiga - Bk 1382 ul,,CASH,Selesai,ALEXA,55000,,
25ea5b7e,01/06/2026,09.33.00,Fortuner - Bk 1345 yai,,CASH,Selesai,ALEXA,60000,,
a1fe4a94,01/06/2026,09.42.00,Ertiga - Bk 1481 aba,,CASH,Selesai,ALEXA,55000,,
508b0f5e,01/06/2026,10.02.00,Fortuner - Bk 1773 rac,,CASH,Selesai,ALEXA,86000,,
23f00f7d,01/06/2026,10.04.00,Hyundai - Bkm1213 oo,,CASH,Selesai,ALEXA,55000,,
9708f1bf,01/06/2026,10.11.00,Altis - Bk 1648 aaf,,CASH,Selesai,ALEXA,68000,,
35920e2a,01/06/2026,10.19.00,City - Bk 1493 zc,,CASH,Selesai,ALEXA,55000,,
9b0091e0,01/06/2026,10.41.00, - ,,CASH,Selesai,ALEXA,0,,
ebc9d411,01/06/2026,11.03.00,Fortuner - Bk 1312 kh,,CASH,Selesai,ALEXA,60000,,
a3f218fa,01/06/2026,11.16.00,Xenia - Bk 1065 hu,,CASH,Selesai,ALEXA,65000,,
e73bffd0,01/06/2026,11.19.00,Brv - Bl 1764 f,,CASH,Selesai,ALEXA,63000,,
82b92399,01/06/2026,11.20.00,Civic - Bk 1922 ar,,CASH,Selesai,ALEXA,55000,,
39df8235,01/06/2026,11.21.00,Xenia - Bk 1989 laf,,CASH,Selesai,ALEXA,55000,,
567cec0f,01/06/2026,11.40.00,Innova - Bk 1291 wk,135.000,CASH,Selesai,ALEXA,75000,,
4c8b62a0,01/06/2026,11.52.00,Chevrolet - Bk 1026 gq,,CASH,Selesai,ALEXA,50000,TRUE,
eb081861,01/06/2026,11.55.00,Avanza - Bk 1036 tx,,QRIS,Selesai,ALEXA,55000,,
d3510216,01/06/2026,11.56.00,Sigra - Bk 1623 vq,,QRIS,Selesai,ALEXA,55000,,
57073d43,01/06/2026,12.05.00,Xpander - Bk 1279 aat,,CASH,Selesai,ALEXA,55000,,
cf226c00,01/06/2026,12.20.00, - ,,CASH,Selesai,ALEXA,10000,,
b9b41e98,01/06/2026,12.32.00,Fortuner - Bk 1215 lad,,CASH,Selesai,ALEXA,60000,,
4cf769fb,01/06/2026,12.33.00,Sigra - Bk 1950 aeq,,CASH,Selesai,ALEXA,70000,,
bf1d046d,01/06/2026,12.35.00,Xpander - Bk 1548 mx,,QRIS,Selesai,ALEXA,55000,,
7aacaa94,01/06/2026,13.12.00,Terios - Bk 1746 gr,,CASH,Selesai,ALEXA,55000,,
a78f70fa,01/06/2026,13.37.00,INNOVA - BK  1863 AD,,CASH,Selesai,ALEXA,60000,,
082bff56,01/06/2026,13.38.00,Ertiga - BK 1347 QY,,QRIS,Selesai,ALEXA,112000,,
d88d1622,01/06/2026,13.39.00,Trax - BA 1781 AL,,CASH,Selesai,ALEXA,55000,,
1725c3e9,01/06/2026,13.47.00,Agya - BK 1454 OJ,,CASH,Selesai,ALEXA,60000,,
f2ac35a4,01/06/2026,14.28.00,Agya - BK 1747 AEH,,CASH,Selesai,ALEXA,50000,,
3e083e80,01/06/2026,14.29.00,Xenia - BK 1542 AOJ,,CASH,Selesai,SYAFA,55000,,
6dbfbf52,01/06/2026,14.30.00,XENIA - BK 1512 JK,110.000,QRIS,Selesai,SYAFA,55000,,
f0b93b7d,01/06/2026,14.31.00,Almaz - BK 1888 GAH,,QRIS,Selesai,SYAFA,55000,,
646ab4b0,01/06/2026,14.32.00,Rocky - BK 1202 AFC,,QRIS,Selesai,SYAFA,55000,,
a0c49c20,01/06/2026,14.55.00,Calya - BK 1654 AGM,,CASH,Selesai,SYAFA,55000,,
b101c564,01/06/2026,15.03.00, - ,,CASH,Selesai,SYAFA,15000,,
282d23d0,01/06/2026,15.03.00,Rush - BD 1291 WZ,,,Pending,SYAFA,55000,,
69c8b688,01/06/2026,15.46.00,Innova - BK 1902 ADG,,CASH,Selesai,SYAFA,75000,,
d1aea621,01/06/2026,15.47.00,Wr-v - BK 1393 NV,,QRIS,Selesai,SYAFA,40000,,
50a5a065,01/06/2026,16.22.00,HR-V - BK 1233 KL,,CASH,Selesai,SYAFA,67000,,
90a78cbf,01/06/2026,16.23.00,Freed - BK 1803 ZL,,CASH,Selesai,SYAFA,55000,,
fa3b5e96,01/06/2026,16.42.00,CR-V - BK 1735 ACB,,QRIS,Selesai,SYAFA,55000,,
d82fbd29,01/06/2026,17.10.00,Calya - BK 1707 AFV,,CASH,Selesai,SYAFA,55000,,
4b8c5f1c,01/06/2026,17.15.00,Innova - BK 1337 AFJ,,CASH,Selesai,SYAFA,60000,,
b7211c79,01/06/2026,17.37.00,Rush - BK 100 6IS,,,Selesai,SYAFA,55000,,
5075de4f,01/06/2026,17.44.00,Alphard - BK 1932 J,,CASH,Selesai,SYAFA,60000,,
7bb2769f,01/06/2026,17.50.00,Innova - BK 1608 FH,,CASH,Selesai,SYAFA,80000,,
c9ce815a,01/06/2026,20.11.00, - ,,CASH,Selesai,SYAFA,5000,,
dad59274,02/06/2026,09.01.00,Hrv - Bk 1357 aem,,CASH,Selesai,ALEXA,55000,,
74b8c8ec,02/06/2026,09.02.00,Veloz - Bk 1600 hn,,QRIS,Selesai,ALEXA,60000,,
c1f5a503,02/06/2026,09.02.00,Katana - Bk 1076 ie,,QRIS,Selesai,ALEXA,50000,,
d587ef8a,02/06/2026,09.26.00,Rocky - Bk 1648 aex,,QRIS,Selesai,ALEXA,55000,,
192cd4e3,02/06/2026,09.29.00,Hrv - Bk 1832 abq,,CASH,Selesai,ALEXA,55000,,
05ff830e,02/06/2026,09.29.00,Brio - Bk 1585 jc,,CASH,Selesai,ALEXA,70000,,
e32a36dc,02/06/2026,09.32.00,Innova - Bk 1774 aeu,,QRIS,Selesai,ALEXA,60000,,
fdd9ee2a,02/06/2026,10.06.00, - ,,CASH,Selesai,ALEXA,0,,
4b9901d3,02/06/2026,10.39.00,Agya - Bk 1519 au,,CASH,Selesai,ALEXA,50000,,
d9b3c0ba,02/06/2026,10.50.00,Innova - Bk 1750 gi,,CASH,Selesai,ALEXA,60000,,
e3385bc1,02/06/2026,10.55.00,Terios - Bk 1127 aed,,CASH,Selesai,ALEXA,70000,,
a99caf39,02/06/2026,12.36.00,Avanza - Bk 1879 fc,,CASH,Selesai,ALEXA,55000,,
8da16a53,02/06/2026,13.41.00, - ,,CASH,Selesai,ALEXA,0,,
cfebfb27,02/06/2026,14.02.00, - ,,CASH,Selesai,ALEXA,30000,,
015d34cb,02/06/2026,14.03.00, - ,,CASH,Selesai,ALEXA,10000,,
009ec79b,02/06/2026,14.27.00,Harrier - Bk 1681 afw,,CASH,Selesai,ALEXA,55000,,
1fe65d81,02/06/2026,14.50.00,Rush - Bk 1562 acj,,CASH,Selesai,ALEXA,55000,,
566a7797,02/06/2026,15.28.00,AVANZA - BK 1214 IG,,CASH,Selesai,SYAFA,55000,,
db1d5aa0,02/06/2026,15.37.00,HR-V - BK 1600 JB,,CASH,Selesai,SYAFA,121000,,
93fa9566,03/06/2026,08.30.00,Ranger - BK 1483 DI,,QRIS,Selesai,SYAFA,60000,,
0c9dfd5b,03/06/2026,09.17.00,Freed - BK 1340 HG,,CASH,Selesai,SYAFA,55000,,
1767ed9f,03/06/2026,09.18.00,Xenia - BK 1163 KB,,CASH,Selesai,SYAFA,55000,,
167f3294,03/06/2026,09.49.00,Innova - B 1513 VOR,,CASH,Selesai,SYAFA,78000,,
89b282c4,03/06/2026,11.14.00,Avanza - BK 1411 OW,,CASH,Selesai,SYAFA,55000,,
dd3debcd,03/06/2026,11.24.00,Innova - BK 1425 ADB,,CASH,Selesai,SYAFA,65000,,
71fc018f,03/06/2026,11.25.00, - ,Bagus,CASH,Selesai,SYAFA,10000,,
a510d7f8,03/06/2026,11.55.00,Civic - BK 1922 AR,,QRIS,Selesai,SYAFA,55000,,
8dce3963,03/06/2026,12.08.00,X PANDER - BK 1668 OS,,CASH,Selesai,SYAFA,55000,,
ef582f06,03/06/2026,12.09.00,AVANZA - BK 1487 UR,155.000,QRIS,Selesai,SYAFA,55000,,
4ec04040,03/06/2026,12.11.00,JIMNY - BM 1570 OE,,QRIS,Selesai,SYAFA,55000,,
afda8613,03/06/2026,12.42.00,Xl-7 - BK 1684 AFV,,CASH,Selesai,SYAFA,55000,,
523decc4,03/06/2026,12.43.00,ATOZ - BK 1874 AAP,,CASH,Selesai,SYAFA,50000,,
8e3e8a58,03/06/2026,12.52.00,INNOVA - BK 1542 TAP,,CASH,Selesai,SYAFA,60000,,
a9fa5368,03/06/2026,13.22.00,Mazda - BK 1746 LAB,,CASH,Selesai,SYAFA,50000,,
28419d9b,03/06/2026,13.48.00,Baleno - BK 1168 UJ,,QRIS,Selesai,SYAFA,85000,,
6897f1e3,03/06/2026,14.03.00, - ,,CASH,Selesai,SYAFA,12000,,
30c82081,03/06/2026,15.37.00,Sigra - BK 1329 AGR,,CASH,Selesai,SYAFA,55000,,
bfe6de80,03/06/2026,16.33.00,Avanza - BK 1791 NM,,CASH,Selesai,SYAFA,55000,,
f590ceab,04/06/2026,08.51.00,Innova - Bk 1967 agr,,CASH,Selesai,ALEXA,60000,,
31d24bcc,04/06/2026,08.52.00,WR-V - Bk 1707 afr,,CASH,Selesai,ALEXA,55000,,
ad70e31e,04/06/2026,08.52.00,Innova - Bk 1321 afc,,CASH,Selesai,ALEXA,60000,,
2ac85a88,04/06/2026,08.53.00,Fortuner - Bk 1433 ada,,QRIS,Selesai,ALEXA,60000,,
f99352aa,04/06/2026,09.07.00,Xenia - Bk 1626 wv,,CASH,Selesai,ALEXA,55000,,
41ff75b8,04/06/2026,09.40.00,Innova - Bk 1560 mg,,CASH,Selesai,ALEXA,60000,,
3f0e9ab9,04/06/2026,10.37.00, - ,,CASH,Selesai,ALEXA,10000,,
3fcf03a6,04/06/2026,11.00.00,Karimun - Bk 1909 qx,,QRIS,Selesai,ALEXA,50000,,
5fb08a0b,04/06/2026,11.00.00,Hilux - Bk 8703 fv,,CASH,Selesai,ALEXA,60000,,
6758c1f7,04/06/2026,12.12.00,Grand livina - Bk 1391 laj,,CASH,Selesai,ALEXA,55000,,
e59e87eb,04/06/2026,13.48.00,Avanza - Bk 1773 uq,,CASH,Selesai,ALEXA,55000,,
7ffb8b5a,04/06/2026,14.39.00,BMW - B 2789 bre,,CASH,Selesai,ALEXA,55000,,
6f5cc99c,04/06/2026,16.04.00,Xpander - Bk 1585 ix,,CASH,Selesai,ALEXA,93000,TRUE,
cd7f35fe,04/06/2026,16.05.00,Innova - Bk 1385 acx,,QRIS,Selesai,ALEXA,60000,,
7da865fc,04/06/2026,16.06.00,Jimny - Bk 172 fka,,CASH,Selesai,ALEXA,55000,,
e64a9988,04/06/2026,16.26.00,Innova - Bk 1638 nk,,,Pending,ALEXA,60000,TRUE,
1ca64e8a,04/06/2026,16.45.00,Innova - Bk 1037 bp,,CASH,Selesai,ALEXA,60000,,
0eb29823,05/06/2026,09.46.00,Avanza - Bk 1106 zl,,CASH,Selesai,ALEXA,55000,,
0f88eba9,05/06/2026,09.46.00,C200 - Bk 1190 gd,,QRIS,Selesai,ALEXA,65000,,
b8020ab5,05/06/2026,09.47.00,Fortuner - Bk 1112 ars,,CASH,Selesai,ALEXA,110000,,
0f834e81,05/06/2026,09.49.00,Pajero - Bk 1150 qz,,CASH,Selesai,ALEXA,60000,,
de48631e,05/06/2026,09.49.00,Karimun - Bk 8232 aet,,QRIS,Selesai,ALEXA,50000,,
4f191f48,05/06/2026,09.50.00,Innova - Bk 1570 aeu,,CASH,Selesai,ALEXA,65000,,
b72a0196,05/06/2026,09.51.00, - ,,CASH,Selesai,ALEXA,10000,,
f0503768,05/06/2026,10.02.00,Fortuner - B 2507 stg,,CASH,Selesai,ALEXA,60000,,
8db14a30,05/06/2026,10.03.00,Pickup - Bk 8287 hc,,CASH,Selesai,ALEXA,60000,,
91122c9e,05/06/2026,12.59.00,Chevrolet - Bk 1021 gr,,CASH,Selesai,ALEXA,76000,,
0064a106,05/06/2026,12.59.00,Innova - Bk 1263 adv,,CASH,Selesai,ALEXA,60000,,
c0d2ca85,05/06/2026,13.00.00,Pajero - Bk 126 xl,,CASH,Selesai,ALEXA,60000,,
959de72b,05/06/2026,13.39.00,Sigra - Bk 1173 agg,,CASH,Selesai,ALEXA,55000,,
3ae80619,05/06/2026,13.40.00,Kijang - Bk 1843 ad,,CASH,Selesai,ALEXA,70000,,
4f988616,05/06/2026,14.14.00,Xover - Bk 1866 zu,,QRIS,Selesai,ALEXA,83000,,
a2f0c98b,05/06/2026,14.16.00, - ,,CASH,Selesai,ALEXA,0,,
8a5969b4,05/06/2026,14.21.00,Hilux - Bk 8999 gmp,,CASH,Selesai,ALEXA,60000,,
3d690ab3,05/06/2026,14.26.00,Pajero - Bk 1664 qo,,CASH,Selesai,ALEXA,60000,,
b559facc,05/06/2026,14.35.00,Avanza - Bk 1775 ada,,QRIS,Selesai,ALEXA,55000,,
0dbe4d58,05/06/2026,14.35.00, - ,,CASH,Selesai,ALEXA,10000,,
6536b3af,06/06/2026,08.15.00,Innova - Bk 1305 oic,,CASH,Selesai,ALEXA,65000,,
b9d7b8a3,06/06/2026,08.18.00,Kijang - Bk 1353 za,155.000,CASH,Selesai,ALEXA,55000,,
e77a467b,06/06/2026,08.19.00,Innova - Bk 1933 kja,,QRIS,Selesai,ALEXA,60000,,
ae6331d9,06/06/2026,09.20.00,Fortuner - Bk 373 bno,,CASH,Selesai,ALEXA,60000,,
4f1ace71,06/06/2026,09.34.00,Innova - Bk 1162 abz,133.000,CASH,Selesai,ALEXA,73000,,
e00e44cd,06/06/2026,09.34.00,Rush - Bk 1183 agg,,CASH,Selesai,ALEXA,55000,,
001163d1,06/06/2026,09.59.00,Pajero - Bk 481 trg,,QRIS,Selesai,ALEXA,60000,,
c70a254a,06/06/2026,10.34.00,Xtrail - Bg 1910 ws,,CASH,Selesai,ALEXA,55000,,
d08ac2ae,06/06/2026,10.44.00,X ford - Bk 1273 bt,,CASH,Selesai,ALEXA,55000,,
bbfc51fe,06/06/2026,10.50.00,Agya - Bk 1626 tak,155.000,QRIS,Selesai,ALEXA,55000,,
82834393,06/06/2026,11.29.00,Pajero - Bk 1776 eli,,QRIS,Selesai,ALEXA,60000,,
8fbc1b42,06/06/2026,11.53.00,Pickup - Bk 8190 mg,,CASH,Selesai,ALEXA,75000,,
0f3bb954,06/06/2026,11.54.00,Agya - Bk 1729 afi,,QRIS,Selesai,ALEXA,55000,,
547b56b2,06/06/2026,11.55.00,Innova - Bm 1953 jb,65.000,CASH,Selesai,ALEXA,68000,,
7a895662,06/06/2026,11.58.00, - ,,CASH,Selesai,ALEXA,0,,
9d774d0f,06/06/2026,12.36.00,Xenia - Bk 1456 agh,,CASH,Selesai,ALEXA,55000,,
73d7683d,06/06/2026,12.43.00, - ,,CASH,Selesai,ALEXA,57000,,
77224471,06/06/2026,13.11.00,Mazda - BK 1587 LAP,175000,QRIS,Selesai,ALEXA,75000,,
08e06e09,06/06/2026,13.12.00,HR-V - BK 1273 AFQ,,QRIS,Selesai,ALEXA,55000,,
8a9c9934,06/06/2026,13.18.00,Avanza - Bk 1130 iq,,CASH,Selesai,ALEXA,55000,,
ed08ea69,06/06/2026,13.58.00,Avanza - Bk 1690 adu,,CASH,Selesai,ALEXA,55000,,
40193cb4,06/06/2026,14.00.00,Swift - Bk 1845 or,,QRIS,Selesai,ALEXA,50000,,
0de5e864,06/06/2026,14.11.00,Ertiga - Bk 1865 aab,,CASH,Selesai,ALEXA,50000,,
77ec1fa1,06/06/2026,14.33.00,Brio - Bk 1350 aez,,CASH,Selesai,ALEXA,55000,,
91e250c9,06/06/2026,14.36.00, - ,,CASH,Selesai,ALEXA,12000,,
a60c6b1d,07/06/2026,09.00.00,Innova - Bk 1444 dwi,,CASH,Selesai,ALEXA,45000,,
d754ee03,07/06/2026,09.41.00,Fortuner - Bk 1764 adj,,CASH,Selesai,ALEXA,60000,,
fc1ad408,07/06/2026,09.41.00,Xenia - Ba 1668 bd,,CASH,Selesai,ALEXA,55000,,
740dcb0b,07/06/2026,09.41.00,Innova - Bk 1214 aeh,,CASH,Selesai,ALEXA,72000,,
9900c8f9,07/06/2026,09.43.00,Innova - Bk 1691 agc,,CASH,Selesai,ALEXA,73000,,
c3022343,07/06/2026,09.47.00,Xenia - Bk  1927 kf,,CASH,Selesai,ALEXA,55000,,
b4ed3ab6,07/06/2026,09.49.00, - ,Kalibrasi,CASH,Selesai,ALEXA,0,,
,,,,,,,,,,
a6890261,07/06/2026,09.50.00, - ,,CASH,Selesai,ALEXA,0,,
65461976,07/06/2026,09.58.00,Xpander - Bk 1456 aed,,CASH,Selesai,ALEXA,55000,,
b226a31c,07/06/2026,09.59.00,Crv - Bk 1675 hy,,CASH,Selesai,ALEXA,55000,,
6bed3b1e,07/06/2026,10.26.00,Mobilio - Bk 1028 mx,,QRIS,Selesai,ALEXA,55000,,
c986645f,07/06/2026,10.26.00,Livina - Bk 1354 ui,,CASH,Selesai,ALEXA,55000,,
f4d8b8b4,07/06/2026,10.37.00,Xpander - Bk 1426 agc,,CASH,Selesai,ALEXA,55000,,
070cd8bc,07/06/2026,10.39.00,Xpander - Bk 1872 adg,135.000,CASH,Selesai,ALEXA,70000,,
057f7235,07/06/2026,10.50.00,Rush - Bk 1946 acx,,CASH,Selesai,ALEXA,55000,,
15587eda,07/06/2026,11.02.00,Kijang - Bk 1140 xo,,CASH,Selesai,ALEXA,55000,,
b43ca3aa,07/06/2026,12.08.00,Innova - BK 805 GAR,101.000,QRIS,Selesai,ALEXA,104000,,
9209bf5b,07/06/2026,12.12.00,Innova - BK 1207 CC,,CASH,Selesai,ALEXA,60000,,
e0366617,07/06/2026,12.12.00,Brio - BK 2504 KML,,CASH,Selesai,ALEXA,50000,TRUE,
20de93a2,07/06/2026,12.35.00,Avanza - Bk 1464 aei,,QRIS,Selesai,ALEXA,55000,,
4d956ed9,07/06/2026,12.57.00,Agya - Bk 1345  acc,,QRIS,Selesai,ALEXA,50000,,
d4cda8be,07/06/2026,13.15.00,Innova - Bk 1101 idm,,CASH,Selesai,ALEXA,60000,,
b69d7e7b,07/06/2026,13.15.00,Triton - Bm 8345 rg,,QRIS,Selesai,ALEXA,60000,,
4356af79,07/06/2026,13.36.00,Avanza - Bk 1705 agi,,CASH,Selesai,ALEXA,70000,,
2a82f4fe,07/06/2026,13.42.00,Rush - Bk 1572  yaj,,CASH,Selesai,ALEXA,55000,,
13263006,07/06/2026,13.50.00,Calya - Bk 1012 adv,,,Pending,ALEXA,55000,,
0ebf050f,07/06/2026,13.52.00,Xenia - Bk 1516 hy,,CASH,Selesai,ALEXA,55000,,
55966521,07/06/2026,14.06.00,Innova - Bk 1305 uut,,CASH,Selesai,ALEXA,75000,,
7f9919e8,07/06/2026,14.09.00,Domani - Bk 1136 kp,,QRIS,Selesai,ALEXA,55000,,
356f6b36,07/06/2026,14.14.00,Brio - Bk 1578 abj,,QRIS,Selesai,ALEXA,50000,,
af6e3737,07/06/2026,14.30.00,Terios - Bk 1752 abf,,CASH,Selesai,ALEXA,55000,,
243db4f0,07/06/2026,14.32.00,Altis - Bk 1267 lal,,CASH,Selesai,ALEXA,55000,,
f5e89031,07/06/2026,15.48.00,Innova - BK 1730 MS,,CASH,Selesai,ALEXA,77000,,
7acd23ba,07/06/2026,15.49.00,AVANZA - BK 1849 AEI,,CASH,Selesai,ALEXA,55000,,
d32f7486,07/06/2026,15.50.00,AVANZA - BK 1809 AGK,,CASH,Selesai,ALEXA,55000,,
199f8f75,07/06/2026,16.53.00,Xenia - Bk 1648 de,,CASH,Selesai,SYAFA,55000,TRUE,
41aeb573,07/06/2026,16.55.00,Fortuner - Bk 1501 bt,,QRIS,Selesai,SYAFA,60000,,
014c25b7,07/06/2026,17.23.00,AVANZA - BK 1877 KB,,CASH,Selesai,SYAFA,55000,,
75c97ea8,07/06/2026,18.12.00,AVANZA - BM 1296 JN,,,Pending,SYAFA,75000,,
f01c711f,08/06/2026,08.29.00,Rush - BK 1273 ACV,,QRIS,Selesai,SYAFA,55000,,
801fa314,08/06/2026,10.10.00,Innova - Bk 1223 afm,,CASH,Selesai,SYAFA,60000,,
31a80f34,08/06/2026,11.03.00,Rush - Bk 1182 iz,115.000,CASH,Selesai,SYAFA,60000,,
e9cd47d3,08/06/2026,11.45.00,Pajero - Bk 1281 qr,,CASH,Selesai,SYAFA,60000,,
6cc44dc0,08/06/2026,12.03.00, - ,,CASH,Selesai,SYAFA,0,,
92f7d0fe,08/06/2026,12.18.00,Innova - Bk 1391 abu,,CASH,Selesai,SYAFA,75000,,
0d82af87,08/06/2026,12.26.00,Sigra - Bk 1623 vo,,CASH,Selesai,SYAFA,55000,,
a65d5bc9,08/06/2026,16.17.00,Hilux - Bk 8166 gw,,QRIS,Selesai,ALEXA,65000,,
fe9a2f92,08/06/2026,16.23.00,Terios - Bk 1442 rx,,CASH,Selesai,ALEXA,70000,,
d2137065,08/06/2026,16.24.00,BMW - B 2789 bre,,CASH,Selesai,ALEXA,55000,,
444ecbf0,08/06/2026,17.01.00,Xenia - Bk 1946 ada,,CASH,Selesai,ALEXA,55000,,
53972ef3,08/06/2026,17.02.00,Innova - Bk 1847 im,,,Pending,ALEXA,60000,,
2b3fe644,08/06/2026,17.01.00,Innova - Bk 1803 dfl,,CASH,Selesai,ALEXA,60000,,
abe0133c,09/06/2026,08.23.00,Fortuner - BK 1960 AAL,,CASH,Selesai,SYAFA,78000,,
3358b5e6,09/06/2026,08.42.00,Innova - BK 1960,,CASH,Selesai,SYAFA,60000,,
8916ba2c,09/06/2026,08.42.00,XL-7 - N 1235 EAE,,CASH,Selesai,SYAFA,60000,,
4cabc320,09/06/2026,08.43.00,WR-V - BK 1707 AFF,,QRIS,Selesai,SYAFA,55000,,
b0a3ce43,09/06/2026,08.44.00,Triton - BK 8448 CE,,QRIS,Selesai,SYAFA,60000,,
124cd5b9,09/06/2026,08.58.00,Avanza - BK 1536 ACP,,CASH,Selesai,SYAFA,55000,,
6e32f776,09/06/2026,10.02.00,WR-V - Bk 1569 afm,,CASH,Selesai,SYAFA,55000,,
cedb6e53,09/06/2026,10.09.00,Corolia - BK 1375 FE,,CASH,Selesai,SYAFA,55000,,
9c341ded,09/06/2026,10.13.00,Xenia - BK 1865 AGE,,CASH,Selesai,SYAFA,68000,,
9e95d264,09/06/2026,10.17.00,Rush - Bk 1282 acx,,CASH,Selesai,SYAFA,55000,,
ea9c51ba,09/06/2026,10.24.00,Innova - Bk 1741 wi,,CASH,Selesai,SYAFA,60000,,
60e4faed,09/06/2026,11.38.00,Brio - Bk 1463 fx,,CASH,Selesai,SYAFA,50000,,
fed24932,09/06/2026,12.52.00,Pajero - BK 1103 SQ,,CASH,Selesai,SYAFA,60000,,
6dda5a07,09/06/2026,13.36.00,Pajero - BK 1728 ADT,,CASH,Selesai,SYAFA,60000,,
91a92b48,09/06/2026,13.37.00,Pajero - BK 2468,,CASH,Selesai,SYAFA,75000,,
33a097ae,09/06/2026,13.51.00,Agya - BK 1519 AV,,QRIS,Selesai,SYAFA,50000,,
c3ecabe2,09/06/2026,14.12.00,CR-V - BK 1185 OO,,QRIS,Selesai,SYAFA,67000,,
4825de60,09/06/2026,14.25.00,Fortuner - Bk 1688 cui,,QRIS,Selesai,SYAFA,60000,,
9a60da23,09/06/2026,14.30.00, - ,,CASH,Selesai,SYAFA,0,,
a2b45be5,09/06/2026,14.53.00,Sigra - BK 1134 ABB,,QRIS,Selesai,SYAFA,55000,,
8e6ac62b,09/06/2026,15.54.00,Panca - BK 1372 EV,,CASH,Selesai,SYAFA,60000,,
c3955eb3,09/06/2026,16.10.00,Xpander - Bk 1766 afr,,CASH,Selesai,ALEXA,55000,,
986ee9ac,10/06/2026,09.13.00,Avanza - Bk 1672 ix,,CASH,Selesai,ALEXA,68000,,
1cf43a2d,10/06/2026,10.12.00,Avanza - B 2441 bfm,,CASH,Selesai,ALEXA,68000,,
436ff987,10/06/2026,10.21.00,Fiesta - Bk 1250 aev,,CASH,Selesai,ALEXA,50000,,
0813d5b3,10/06/2026,10.24.00, - ,,CASH,Selesai,ALEXA,0,,
9d402582,10/06/2026,11.17.00,Freed - Bk 1362 iq,,CASH,Selesai,ALEXA,60000,,
f5f9fe9b,10/06/2026,11.55.00,Brio - Bk 1431 agl,,QRIS,Selesai,ALEXA,72000,,
ecbab174,10/06/2026,11.57.00,Pajero - Bk 1305 fka,,CASH,Selesai,ALEXA,60000,,
b57d79c1,10/06/2026,12.25.00,L300 - Bk 1093 kw,,CASH,Selesai,ALEXA,80000,,
594d234f,10/06/2026,12.37.00, - ,Raka,CASH,Selesai,ALEXA,0,,
18fe5fd8,10/06/2026,13.20.00,Innova - Bk 1086 afw,,CASH,Selesai,ALEXA,60000,,
0287b5e9,10/06/2026,14.11.00,Avanza - Bk 1369 aad,,CASH,Selesai,ALEXA,55000,,
6a557f09,10/06/2026,15.19.00,Xenia - Bk 1838 gx,,CASH,Selesai,ALEXA,55000,,
7a107829,10/06/2026,15.34.00,Innova - Bk 1054 aer,,QRIS,Selesai,ALEXA,60000,,
1a6d7b95,11/06/2026,08.37.00,Innova - BK 1933 KJA,,CASH,Selesai,SYAFA,60000,,
,,,,,,,,,,
015dcf6d,11/06/2026,09.00.00,Innova - BK 1612 AGG,,CASH,Selesai,SYAFA,60000,,
dbc08a48,11/06/2026,09.12.00,XL-7 - BK 1607 AGA,,CASH,Selesai,SYAFA,55000,,
a1bb295e,11/06/2026,10.02.00,City - BM 1867,,CASH,Selesai,SYAFA,55000,,
c581c06f,11/06/2026,11.27.00,Innova - BK 1663 YE,,CASH,Selesai,SYAFA,60000,,
765c3795,11/06/2026,11.38.00,Agya - BK 1027JN,,CASH,Selesai,SYAFA,50000,,
b6ac87b3,11/06/2026,11.45.00,Terios - BB 1201 HC,,QRIS,Selesai,SYAFA,75000,,
a109eed0,11/06/2026,12.56.00,Fortuner - BK 1404 ABT,,CASH,Selesai,SYAFA,60000,,
f8c4732e,11/06/2026,12.57.00,Rush - BK 1952 AHH,,CASH,Selesai,SYAFA,55000,,
04a402cc,11/06/2026,13.22.00,Avanza - BK 1036 TX,,CASH,Selesai,SYAFA,55000,,
422d2ab9,11/06/2026,13.24.00,Innova - BK 1552 XE,,CASH,Selesai,SYAFA,60000,,
0335d9a8,11/06/2026,13.25.00,Demix - KT 8062 KI,,,Pending,SYAFA,60000,,
6d24f85a,11/06/2026,13.37.00,Avanza - BK 1437 QM,,CASH,Selesai,SYAFA,55000,,
0974c9df,11/06/2026,14.13.00,Fortuner - BK 120 1QL,,,Pending,SYAFA,60000,,
,,,,,,,,,,
810c7e68,11/06/2026,14.36.00,Innova - BK 812 COY,,QRIS,Selesai,SYAFA,84000,,
39628c9f,11/06/2026,14.56.00,Innova - BK 1631 IRW,,CASH,Selesai,SYAFA,366000,,
6feb387f,11/06/2026,14.59.00,Avanza - BK 1839 DT,,CASH,Selesai,SYAFA,55000,,
6e33fae6,11/06/2026,15.46.00,Accord - BK 1746 MAF,,CASH,Selesai,SYAFA,55000,,
7ad8c645,11/06/2026,16.11.00,Fortuner - BK 1313,,,Pending,SYAFA,60000,,
,,,,,,,,,,
91b69d8e,11/06/2026,16.27.00,Xpander - BK 1071 AFQ,,QRIS,Selesai,SYAFA,70000,,
9db72ed9,11/06/2026,16.56.00,Brio - BK 1312 AAS,,,Pending,SYAFA,50000,,
4a00f9f1,11/06/2026,17.17.00, - ,,QRIS,Selesai,SYAFA,15000,,
e05e1394,11/06/2026,17.52.00, - ,,CASH,Selesai,SYAFA,0,,
d2335cb6,12/06/2026,08.45.00,Calya - BK 1793 VX,,CASH,Selesai,SYAFA,55000,,
ddfb8ca5,12/06/2026,08.45.00,Innova - BK 1825 AGM,,CASH,Selesai,SYAFA,60000,,
11f2baf1,12/06/2026,10.19.00,Fortuner - Bk 1057 aeu,,QRIS,Selesai,SYAFA,60000,,
7e70ddfb,12/06/2026,10.54.00,WR-V - Bk 1393 nv,,,Pending,SYAFA,40000,,
f82f4cb6,12/06/2026,10.54.00,Ecosport - Bk 1359 aam,,CASH,Selesai,SYAFA,55000,,
dc1ce065,12/06/2026,10.56.00, - ,,CASH,Selesai,SYAFA,0,,
b954568a,12/06/2026,11.30.00,Livina - BK 1539,,CASH,Selesai,SYAFA,55000,,
cfa93156,12/06/2026,11.49.00,Avanza - BK 1269 ADV,,CASH,Selesai,SYAFA,55000,,
cbed3ecc,12/06/2026,11.57.00,Pick up - BK 8104 AB,,CASH,Selesai,SYAFA,60000,,
60a6ee6c,12/06/2026,11.58.00,Innova - BK 1642 ACF,,CASH,Selesai,SYAFA,60000,,
ab3cb8b0,12/06/2026,12.16.00,Avanza - Bk 1620 adv,Diskon 5% ( 52.000 ),QRIS,Selesai,SYAFA,55000,,
5f2b2e5c,12/06/2026,13.51.00,BR-v - BK 1904 ADX,,CASH,Selesai,SYAFA,55000,,
5c36c19e,12/06/2026,14.31.00, - ,,CASH,Selesai,SYAFA,0,,
69a608db,12/06/2026,15.39.00, - ,,QRIS,Selesai,SYAFA,30000,,
9e34281c,12/06/2026,16.31.00,Terios - Bk 1949 vy,,CASH,Selesai,ALEXA,55000,,
20a496ab,12/06/2026,17.14.00,Innova - Bk 1654 zac,,CASH,Selesai,ALEXA,60000,,
4fa183a4,13/06/2026,08.19.00,Xpander - BK 1429 AGG,,CASH,Selesai,SYAFA,55000,,
f9a9a771,13/06/2026,08.20.00,Sienta - BK 1814 FG,,CASH,Selesai,SYAFA,55000,,
724f4ce8,13/06/2026,08.49.00,Avanza - BK 1484 ZB,,CASH,Selesai,SYAFA,55000,,
dda8d057,13/06/2026,08.49.00,Go panca - BK 1372 EV,,CASH,Selesai,SYAFA,50000,,
0194399a,13/06/2026,09.04.00,Mobilio - BK 1797 OR,,QRIS,Selesai,SYAFA,55000,,
9c2bc118,13/06/2026,09.05.00,Fortuner - BK 1574 WZ,,QRIS,Selesai,SYAFA,65000,,
c59cbf9a,13/06/2026,09.05.00,Pajero - BK 1232 UAE,,CASH,Selesai,SYAFA,73000,,
13fb5b36,13/06/2026,09.16.00,Avanza - BK 1342 ADR,,CASH,Selesai,SYAFA,55000,,
0b2f24aa,13/06/2026,09.32.00,Ist - BK 13 98 QJ,,QRIS,Selesai,SYAFA,150000,,
c761888a,13/06/2026,09.45.00,Ertiga - BK 1075 BL,,QRIS,Selesai,SYAFA,55000,,
be0438d6,13/06/2026,09.49.00,Avanza - BK 1108 IM,,CASH,Selesai,SYAFA,55000,,
314b31d4,13/06/2026,10.02.00,Pickup - Bk 8472 er,,CASH,Selesai,SYAFA,65000,,
250e99a8,13/06/2026,10.22.00,Pajero - BK 1576 BJZ,,QRIS,Selesai,SYAFA,75000,,
adc39cf7,13/06/2026,10.23.00,Calya - BK 1149 DC,,CASH,Selesai,SYAFA,55000,,
bc24b409,13/06/2026,10.41.00,Brio - BK 1651 AAY,,QRIS,Selesai,SYAFA,50000,,
2cb6e183,13/06/2026,10.42.00,Mobilio - BK 1569 IA,,CASH,Selesai,SYAFA,98000,,
2b831e04,13/06/2026,10.43.00,Rush - BK 1776 AFD,,CASH,Selesai,SYAFA,55000,,
67fb68e3,13/06/2026,11.05.00,PAJEROO - BK 1294 RX,,CASH,Selesai,SYAFA,75000,,
e21d4c47,13/06/2026,11.14.00,S-cross - BK 1112 AAE,,QRIS,Selesai,SYAFA,55000,,
a95da4de,13/06/2026,11.26.00,Innova - Bk 1630 acd,,QRIS,Selesai,SYAFA,75000,,
99bb634b,13/06/2026,11.26.00,Innova - Bk 1271 l,,CASH,Selesai,SYAFA,60000,,
2e86a12d,13/06/2026,12.48.00,Avanza - Bk 1380 j,,QRIS,Selesai,SYAFA,55000,,
2a75a68d,13/06/2026,13.48.00,Pajero - B 2591 sjj,,QRIS,Selesai,SYAFA,143000,,
ae3edba4,13/06/2026,14.08.00,Rush - Bk 1533 jv,,CASH,Selesai,SYAFA,55000,,
3e3b29ce,13/06/2026,14.26.00,Fortuner - Bk 1050 abl,,QRIS,Selesai,SYAFA,60000,,
9e3d6020,13/06/2026,14.34.00,Pajero - Bk 86 aja,,CASH,Selesai,SYAFA,60000,,
cf0a20fc,13/06/2026,14.40.00,Xenia - BK 1485 ACY,,CASH,Selesai,SYAFA,55000,,
6043d264,13/06/2026,14.57.00,Kijang - BK 1071 ZI,,CASH,Selesai,SYAFA,55000,,
4be86fde,13/06/2026,15.20.00,Triton - BM 8345 RG,,CASH,Selesai,SYAFA,60000,,
,,,,,,,,,,
952fd248,13/06/2026,15.54.00,Veloz - BK 1576 ADR,,CASH,Selesai,SYAFA,65000,,
22dd0d11,13/06/2026,15.55.00, - ,,CASH,Selesai,SYAFA,10000,,
1ddae942,13/06/2026,16.35.00,Xenia - Bk 1305 uci,,CASH,Selesai,ALEXA,75000,,
4e46831e,13/06/2026,16.36.00,Agya - Bk 1369 adh,,QRIS,Selesai,ALEXA,120000,,
e0c7b665,13/06/2026,16.50.00,Xl-7 - Bk 1615 acf,,CASH,Selesai,ALEXA,55000,,
fc67b0ff,13/06/2026,17.15.00,Crv - Bk 1985 dde,,CASH,Selesai,ALEXA,55000,,
086975c3,13/06/2026,17.54.00, - ,,CASH,Selesai,ALEXA,5000,,
effc7bd2,14/06/2026,08.38.00,Avanza - BK 1281 QG,,QRIS,Selesai,SYAFA,55000,,
40fde810,14/06/2026,08.39.00,Innova - BK 1480 AEX,,CASH,Selesai,SYAFA,60000,,
6bb6798d,14/06/2026,08.39.00,Brio - BK 1684 AEX,,CASH,Selesai,SYAFA,50000,,
7a47f281,14/06/2026,08.40.00,Xenia - BK 1412 ADW,,CASH,Selesai,SYAFA,55000,,
d7390214,14/06/2026,08.41.00,Starangers - BK 1625 AGU,,QRIS,Selesai,SYAFA,81000,,
2c8eff75,14/06/2026,08.51.00,Xenia - BK 1412 ADW,,CASH,Selesai,SYAFA,55000,,
7bbf31d5,14/06/2026,08.51.00,Pajero - BK 1294 AAM,,QRIS,Selesai,SYAFA,60000,,
1bba26df,14/06/2026,08.52.00,Kijang - BK 1760 XO,,CASH,Selesai,SYAFA,55000,,
7abbe371,14/06/2026,08.53.00,Sigra - BK 1707 AEJ,,CASH,Selesai,SYAFA,55000,,
eb413e13,14/06/2026,09.04.00,INNOVA - BK 1951 BSU,,CASH,Selesai,SYAFA,60000,,
4d6fcc99,14/06/2026,09.19.00,Veloz - BK 1917NS,,CASH,Selesai,SYAFA,55000,,
ab524d02,14/06/2026,09.24.00,Kijang - BK 1619 JN,,CASH,Selesai,SYAFA,55000,TRUE,
b5ae68c4,14/06/2026,09.39.00,Kijang - BK 1140 XO,,CASH,Selesai,SYAFA,55000,TRUE,
c95b81b5,14/06/2026,09.50.00,Innova - BK 1638 K,,CASH,Selesai,SYAFA,60000,,
32e1562f,14/06/2026,10.09.00,Domani - BK 1136 EP,,QRIS,Selesai,SYAFA,55000,,
589270af,14/06/2026,10.39.00,Avanza - Bk 1137 j,,CASH,Selesai,SYAFA,68000,,
0be4298f,14/06/2026,10.57.00,Avanza - Bk 1122 laj,,CASH,Selesai,SYAFA,110000,,
b93dffd6,14/06/2026,11.04.00,Avanza - Bk 1318 od,,QRIS,Selesai,SYAFA,55000,,
9a2af374,14/06/2026,12.10.00,Innova - BK 1459 AEH,,QRIS,Selesai,SYAFA,60000,,
6d858f1b,14/06/2026,13.19.00,Innova - BK 1902 ADG,,CASH,Selesai,SYAFA,72000,,
d163ccfd,14/06/2026,13.24.00,Terios - BK 1773 ADC,,CASH,Selesai,SYAFA,110000,,
edbad6c0,14/06/2026,13.29.00,Avanza - BK 1083 AS,,CASH,Selesai,SYAFA,70000,,
872db907,14/06/2026,13.38.00,Xenia - Ba1668 bd,,CASH,Selesai,SYAFA,55000,,
18fa90a5,14/06/2026,14.22.00,Xenia - BK 1843 AAD,,QRIS,Selesai,SYAFA,55000,,
63e07ffd,14/06/2026,14.22.00,Xenia - BK 1419 AFW,,CASH,Selesai,SYAFA,55000,,
04768b06,14/06/2026,14.26.00, - ,,CASH,Selesai,SYAFA,0,,
ac1fd2d6,14/06/2026,14.33.00,Go panca - BK 1494 AAN,,QRIS,Selesai,SYAFA,50000,,
8c044581,14/06/2026,14.34.00,Fortuner - BK 1039 ABS,,QRIS,Selesai,SYAFA,60000,,
90f8da58,14/06/2026,14.43.00, - ,,CASH,Selesai,SYAFA,0,,
a9a426de,14/06/2026,14.52.00,Mobilio - BK 1300 KQ,,CASH,Selesai,SYAFA,132000,,
ddc9bfc3,14/06/2026,15.13.00,Hillux - BK 8999 GMP,,CASH,Selesai,SYAFA,60000,,
31c0cc17,14/06/2026,15.27.00, - ,,CASH,Selesai,SYAFA,15000,,
bbcd20e3,14/06/2026,15.44.00,Innova - BK 1138 IT,,QRIS,Selesai,SYAFA,60000,,
f0dce9c8,14/06/2026,15.50.00,Innova - BK 1691 AGc,,CASH,Selesai,SYAFA,60000,,
f6406d53,14/06/2026,16.19.00,Sigra - Bk 1335 aeh,,CASH,Selesai,ALEXA,55000,,
aef44992,14/06/2026,16.54.00,Fortuner - Bk 1261 a,,CASH,Selesai,ALEXA,190000,,
70d538a5,14/06/2026,16.56.00,Xpander - Bk 1067 ado,,QRIS,Selesai,ALEXA,55000,,
6429b1aa,14/06/2026,16.56.00,Rush - Bk 1672 rc,,QRIS,Selesai,ALEXA,55000,,
fd5cca04,14/06/2026,17.04.00,Agya - BK 1037 act,,CASH,Selesai,ALEXA,50000,,
92c728c1,14/06/2026,17.05.00,Jazz - Bk 1560 av,,CASH,Selesai,ALEXA,55000,,
ed548305,15/06/2026,08.17.00,Fortuner - Bk 1573 wz,,CASH,Selesai,ALEXA,60000,,
f335cca5,15/06/2026,08.17.00,Brv - Bk 1646 mab,,QRIS,Selesai,ALEXA,55000,,
e7c4d276,15/06/2026,09.10.00,I don - Bk 1741 wi,,QRIS,Selesai,ALEXA,60000,,
0d63474a,15/06/2026,10.04.00,Avanza - Bk 1626 al,,CASH,Selesai,ALEXA,55000,,
44af6154,15/06/2026,10.08.00,Rush - Bk 1098 aci,,CASH,Selesai,ALEXA,55000,,
49a86aeb,15/06/2026,10.49.00,Sigra - Bk 1157 afg,,CASH,Selesai,ALEXA,55000,,
5b75826d,15/06/2026,10.52.00,Avanza - BB 1914 bd,,CASH,Selesai,ALEXA,55000,,
6d5aa3b8,15/06/2026,12.22.00,Rush - Bk 1411 xag,,CASH,Selesai,ALEXA,55000,,
e597524c,15/06/2026,13.00.00,Brio - BK 1737 ADD,,CASH,Selesai,ALEXA,65000,,
d54f1f38,15/06/2026,14.00.00,Sigra - BK 1950 AEQ,,CASH,Selesai,ALEXA,70000,,
89eb854f,15/06/2026,14.43.00,Xenia - Bk 1512 jk,,QRIS,Selesai,ALEXA,55000,,
52e78eb0,15/06/2026,14.52.00,Innova - Bk 1131 afs,,CASH,Selesai,ALEXA,75000,,
bb9d9f15,15/06/2026,15.28.00,Agya - Bk 1066 aet,,CASH,Selesai,ALEXA,60000,,
1d6c0543,15/06/2026,15.41.00,Pajero - Bk 1736 aed,,CASH,Selesai,ALEXA,110000,,
b98e78a5,15/06/2026,16.54.00,Pajero - BK 1410 VM,,QRIS,Selesai,SYAFA,60000,,
fdc2446d,15/06/2026,17.56.00,Avanza - BK 1761 NM,,CASH,Selesai,SYAFA,55000,,
9c8ea640,15/06/2026,17.57.00,Avanza - BK 1133 AAC,,CASH,Selesai,SYAFA,55000,,
e9fa3e6c,16/06/2026,08.02.00,Avanza - BK 1881 MB,,CASH,Selesai,SYAFA,55000,,
4d5855a3,16/06/2026,08.03.00,Karimun - BK 1814 ZR,,CASH,Selesai,SYAFA,50000,,
68efa2b5,16/06/2026,08.03.00,Innova - BK 1527 AGJ,,QRIS,Selesai,SYAFA,60000,,
,,,,,,,,,,
3518eaf3,16/06/2026,08.54.00,Jimny - BK 1762 ABC,,,Pending,SYAFA,55000,,
0550f2c1,16/06/2026,09.11.00,City - BK 1793 ACG,,CASH,Selesai,SYAFA,78000,,
bcc16a61,16/06/2026,09.16.00,Fortuner - BK 1336 AK,,CASH,Selesai,SYAFA,135000,,
09fa560b,16/06/2026,09.27.00,Ertiga - BK 1043 EM,,CASH,Selesai,SYAFA,55000,,
3dfbeff3,16/06/2026,09.28.00,Innova - BK 1630 ACD,,CASH,Selesai,SYAFA,60000,,
6f5ff0d8,16/06/2026,09.29.00,Pick up - BK 8472 ER,,CASH,Selesai,SYAFA,60000,,
5d14f61f,16/06/2026,10.00.00,PAJERO - BK 1103 SQ,,CASH,Selesai,SYAFA,60000,,
f3bdf9aa,16/06/2026,10.13.00,Karimun - BK 1480 QX,,QRIS,Selesai,SYAFA,50000,,
3e79b7e3,16/06/2026,10.42.00,Jimmny - BK 1480 DY,,CASH,Selesai,SYAFA,75000,,
3d0a8161,16/06/2026,10.49.00,Brio - BK 1679 ADB,,CASH,Selesai,SYAFA,65000,,
693a1f86,16/06/2026,10.50.00,BYD - BK 481 RIN,,CASH,Selesai,SYAFA,67000,,
dcabbd30,16/06/2026,10.55.00,X pander - BK 1558 AFH,,CASH,Selesai,SYAFA,225000,,
611e208a,16/06/2026,11.23.00,X pander - BK 1309 ACZ,,QRIS,Selesai,SYAFA,55000,,
c59d88bf,16/06/2026,11.24.00,Hillux - BK 8920 XJ,,CASH,Selesai,SYAFA,60000,,
6b6e2a88,16/06/2026,11.25.00,Madza - BK 1426 WAD,,QRIS,Selesai,SYAFA,65000,,
f7d616ba,16/06/2026,12.06.00,Agya - BK 1978 YAK,,CASH,Selesai,SYAFA,50000,,
c3b19982,16/06/2026,12.47.00,Agya - BK 1747 AEH,,CASH,Selesai,SYAFA,50000,,
1e858ee7,16/06/2026,13.07.00,Pajero - BK 1669 ADG,,CASH,Selesai,SYAFA,60000,,
092e4d74,16/06/2026,13.08.00,Mobilio - BK 1884 IH,,CASH,Selesai,SYAFA,63000,,
f0142ab2,16/06/2026,13.42.00,BR-V - BK 1124 DD,,CASH,Selesai,SYAFA,55000,,
725f2907,16/06/2026,13.48.00,Katana - BLK 1653 LE,,,Pending,SYAFA,50000,,
cb20de39,16/06/2026,13.53.00,Brio - BK 1426 Gn,,QRIS,Selesai,SYAFA,50000,,
c5615965,16/06/2026,13.54.00,Innova - BM 1964 JB,,CASH,Selesai,SYAFA,70000,,
e809b514,16/06/2026,14.06.00,BR-V - BK 1721 AEZ,,CASH,Selesai,SYAFA,101000,,
6e05a558,16/06/2026,14.11.00, - ,,CASH,Selesai,SYAFA,10000,,
e98dad95,16/06/2026,14.53.00,Ayla - BK 1311 AEZ,,CASH,Selesai,SYAFA,65000,,
8380d8c1,16/06/2026,15.14.00,Avanza - BK 1859 AAB,,QRIS,Selesai,SYAFA,117000,,
a5f01c23,16/06/2026,16.35.00,Raize - BB 1659 EH,,CASH,Selesai,SYAFA,40000,,
cc124bf5,16/06/2026,17.59.00, - ,,CASH,Selesai,SYAFA,0,,
1d3f62b4,16/06/2026,18.00.00, - ,,CASH,Selesai,SYAFA,0,,
2d6a8ef9,17/06/2026,10.25.00,Pajero - Bk 1766 mx,,CASH,Selesai,ALEXA,73000,,
cced6472,17/06/2026,10.34.00,Crv - Bk 1101 zr,,CASH,Selesai,ALEXA,55000,,
3c9a0b61,17/06/2026,11.18.00, - ,,CASH,Selesai,ALEXA,0,,
01e373d6,17/06/2026,13.43.00,Xenia - Bk 1485 ay,,CASH,Selesai,ALEXA,55000,,
0dc0ab6a,17/06/2026,14.50.00, - ,,CASH,Selesai,ALEXA,0,,
7e7d4f63,17/06/2026,15.10.00,Xenia - Bk 1728 aga,,CASH,Selesai,ALEXA,55000,,
2270a1e3,17/06/2026,15.36.00,Rush - Bl 1428 tc,,CASH,Selesai,ALEXA,55000,,
96d968c0,17/06/2026,17.14.00,Innova - Bk 1897 IM,,,Pending,SYAFA,62000,,
5a32aca9,18/06/2026,09.25.00,Calya - Jk 1690 afp,,CASH,Selesai,ALEXA,55000,,
5f650c65,18/06/2026,09.26.00,Xenia - B 2485 uyc,,QRIS,Selesai,ALEXA,55000,,
839fccd9,18/06/2026,09.26.00,Veloz - Bk 1130 acx,,CASH,Selesai,ALEXA,55000,,
194607bd,18/06/2026,09.27.00,Innova - Bk 1114 gv,,QRIS,Selesai,ALEXA,60000,,
6eef665c,18/06/2026,09.39.00,Brio - Bk 1611 gx,,CASH,Selesai,ALEXA,50000,,
801169a0,18/06/2026,09.42.00, - ,,CASH,Selesai,ALEXA,10000,,
93ed7821,18/06/2026,10.27.00,Avanza - Bk 1820 afs,,CASH,Selesai,ALEXA,55000,,
8cd408e7,18/06/2026,10.31.00,Confero - Bk  1827 aac,,CASH,Selesai,ALEXA,55000,,
8948cdff,18/06/2026,10.32.00,Rush - Bk 1934 abe,,QRIS,Selesai,ALEXA,68000,,
31356d56,18/06/2026,10.33.00,Innova - Bk 1703 aei,,CASH,Selesai,ALEXA,60000,,
9167e42a,18/06/2026,10.54.00,Double cabin - Bm 8426 di,,CASH,Selesai,ALEXA,60000,,
8eeb52e0,18/06/2026,11.18.00,Yaris - Bd 1097 ap,,CASH,Selesai,ALEXA,50000,,
f0fc4b7a,18/06/2026,12.12.00,Pajero - Bk 1294 rx,,CASH,Selesai,ALEXA,72000,,
6e00278f,18/06/2026,13.01.00, - ,,CASH,Selesai,ALEXA,0,,
fc117213,18/06/2026,13.10.00,Avanza - Bk 1227 cw,,CASH,Selesai,ALEXA,55000,,
d53d2cfc,18/06/2026,14.00.00,Terios - Bk 1013 ada,,CASH,Selesai,ALEXA,55000,,
b825084a,18/06/2026,14.14.00,Xenia - B 1891 kgy,,QRIS,Selesai,ALEXA,70000,,
4dc52c16,18/06/2026,15.19.00,Sigra - Bk 1672 afg,,QRIS,Selesai,ALEXA,160000,,
c78a09d2,18/06/2026,16.48.00,Terios - B 2887 uik,,QRIS,Selesai,ALEXA,167000,,
7c52e6a3,18/06/2026,17.25.00,Calya - Bk 1012 adv,,,Pending,ALEXA,110000,,
2e38ec68,19/06/2026,09.08.00,Veloz - Bk 1917 ns,,CASH,Selesai,ALEXA,55000,,
18fd2a4c,19/06/2026,09.08.00,Innova - Bl 1419 jj,,CASH,Selesai,ALEXA,60000,,
f9769c82,19/06/2026,09.09.00,Sienta - Bk 1340 xab,,QRIS,Selesai,ALEXA,55000,,
ab574d54,19/06/2026,09.09.00,Xl-7 - Bk 1782 aei,,CASH,Selesai,ALEXA,110000,,
5382df0f,19/06/2026,09.10.00,Karimun - Bk 8232 et,,QRIS,Selesai,ALEXA,50000,,
33b7e50a,19/06/2026,09.20.00,Avanza - Bk 1640 is,,CASH,Selesai,ALEXA,110000,,
14f38383,19/06/2026,09.54.00,Terios - Bk 1300 rx,,CASH,Selesai,ALEXA,55000,,
97fe024d,19/06/2026,10.11.00,Livina - Bk 1788 zh,,QRIS,Selesai,ALEXA,200000,,
1e205be5,19/06/2026,10.36.00,Sigra - Bk 1132 afy,,QRIS,Selesai,ALEXA,155000,,
67335d15,19/06/2026,10.43.00,Calya - B 1923 rot,,QRIS,Selesai,ALEXA,110000,,
821c8dcc,19/06/2026,10.57.00,Innova - Bk 1967 lag,,QRIS,Selesai,ALEXA,130000,,
0b39d050,19/06/2026,11.27.00,Carry - Bk 8368 fr,,CASH,Selesai,ALEXA,60000,,
3a94731a,19/06/2026,11.34.00,Freed - Bk 1845 vj,,QRIS,Selesai,ALEXA,55000,,
c3bb6d8a,19/06/2026,12.13.00,Pajero - BK  1760 add,,CASH,Selesai,ALEXA,60000,,
c2ca6891,19/06/2026,14.17.00,Xpander - Bk 1475 abz,,CASH,Selesai,ALEXA,55000,,
3c04e84a,19/06/2026,14.19.00,Avanza - Bk 1269 adv,,CASH,Selesai,ALEXA,55000,,
de347e6d,19/06/2026,14.46.00,Avanza - Bk 1171 laf,,CASH,Selesai,ALEXA,55000,,
e1839af9,19/06/2026,15.20.00,Agya - Bk 1669 ov,,CASH,Selesai,ALEXA,50000,,
07b987f1,19/06/2026,16.01.00,Avanza - Bk 1683 abu,,CASH,Selesai,SYAFA,55000,,
db8c6db7,19/06/2026,19.03.00, - ,,CASH,Selesai,SYAFA,10000,,
9a1af293,20/06/2026,09.05.00,Brio - Bk 1842 nm,,CASH,Selesai,ALEXA,50000,,
79f4b0fc,20/06/2026,09.06.00,Hilux - Bk 8999 gmp,,CASH,Selesai,ALEXA,60000,,
ef12e1cb,20/06/2026,09.06.00,Innova - Bk 1103 add,,CASH,Selesai,ALEXA,60000,,
fb6a5d8b,20/06/2026,09.41.00,Sigra - Bk 1647 hk,,CASH,Selesai,ALEXA,67000,,
4fc7720e,20/06/2026,10.04.00,Civic - Bk 1922 ar,,CASH,Selesai,ALEXA,55000,,
671e62b9,20/06/2026,10.07.00,Pajero - Bk 1875 ic,,QRIS,Selesai,ALEXA,60000,,
be365b4e,20/06/2026,10.27.00,Land cruiser - Bk 705 fii,,CASH,Selesai,ALEXA,60000,,
eb1fffbe,20/06/2026,10.27.00,Veloz - Bk 1036 tx,,CASH,Selesai,ALEXA,55000,,
c090c872,20/06/2026,10.34.00, - ,,CASH,Selesai,ALEXA,0,,
37600c41,20/06/2026,10.52.00,Avanza - Bk 1465 aei,,QRIS,Selesai,ALEXA,55000,,
866577de,20/06/2026,10.53.00,Yaris - Bk 1835 ack,,CASH,Selesai,ALEXA,55000,,
7bc54655,20/06/2026,10.54.00,Avanza - Bk 1280 mw,,CASH,Selesai,ALEXA,55000,,
2f1b14e6,20/06/2026,10.58.00,Fortuner - Bk 1305 JAC,,CASH,Selesai,ALEXA,60000,,
23ccf760,20/06/2026,11.01.00,X force - BK 1167 AFQ,,QRIS,Selesai,SYAFA,55000,,
37a21251,20/06/2026,11.35.00,Agya - Bk 1697 ov,,CASH,Selesai,ALEXA,50000,,
ce398672,20/06/2026,11.36.00,March - Bk 1353 qp,,CASH,Selesai,ALEXA,50000,,
eec576f1,20/06/2026,11.36.00,Pajero - Bk 1843 afc,,CASH,Selesai,ALEXA,60000,,
ec7b1b58,20/06/2026,11.58.00,Xover - Bk 1928 zz,,QRIS,Selesai,ALEXA,35000,,
ae067139,20/06/2026,12.05.00,Rush - Bk 1110 adu,,CASH,Selesai,ALEXA,55000,,
5f13ddc9,20/06/2026,12.23.00,Xenia - Bk 1227 zq,,CASH,Selesai,ALEXA,55000,,
199aeb0e,20/06/2026,12.26.00,Mobilio - Bk 1700 he,,QRIS,Selesai,ALEXA,200000,,
f4db4078,20/06/2026,12.29.00,Creta - B 2261 PZF,,QRIS,Selesai,SYAFA,63000,,
ac30e597,20/06/2026,12.46.00,Innova - Bk 1305 uut,,CASH,Selesai,ALEXA,75000,,
4a76cae6,20/06/2026,12.56.00,Avanza - Bk 1864 gd,,CASH,Selesai,ALEXA,70000,,
ab1b2d2f,20/06/2026,13.18.00,Pajero - B 2709 kbf,,QRIS,Selesai,ALEXA,60000,,
9a1d9dad,20/06/2026,13.23.00, - ,,CASH,Selesai,ALEXA,45000,,
2bcb9f5e,20/06/2026,13.23.00, - ,,CASH,Selesai,ALEXA,0,,
a0545c11,20/06/2026,13.35.00,Mobilio - Bk 1569 ia,,CASH,Selesai,ALEXA,55000,,
e71aa654,20/06/2026,13.52.00,Cortes - Bk 1646 acg,,QRIS,Selesai,ALEXA,135000,,
a116f17f,20/06/2026,14.11.00,Innova - Bk 1658 uz,,QRIS,Selesai,ALEXA,92000,,
491abc09,20/06/2026,14.25.00,Terios - Bk 1544 ade,,CASH,Selesai,ALEXA,55000,,
26fe6601,20/06/2026,14.55.00,Sigra - Bk 1950 acq,,QRIS,Selesai,ALEXA,70000,,
284e2d31,20/06/2026,17.25.00,Jazz - BK 1655 JK,,CASH,Selesai,SYAFA,70000,,
c6f96607,20/06/2026,17.26.00,Rocky - BK 1432 ZO,,CASH,Selesai,SYAFA,60000,,
f048437d,21/06/2026,08.12.00,Avanza - Bk 1849 acz,,QRIS,Selesai,ALEXA,55000,,
9febc9aa,21/06/2026,08.14.00,WR-V - Bk 1463 ing,,QRIS,Selesai,ALEXA,55000,TRUE,
025fce05,21/06/2026,08.14.00,Ranger - Bk 8499 lp,,CASH,Selesai,ALEXA,60000,,
aaade78e,21/06/2026,08.15.00,Civic - Bk 1009 ds,,CASH,Selesai,ALEXA,40000,,
084a89d3,21/06/2026,08.15.00,Calya - Bk 1180 uk,,CASH,Selesai,ALEXA,55000,,
4abf6bdd,21/06/2026,08.28.00,Ayla - Bk 1508 afo,,CASH,Selesai,ALEXA,50000,,
5c7584a8,21/06/2026,08.29.00,Sienta - Bk 1814 fg,,CASH,Selesai,ALEXA,55000,,
3fa657ea,21/06/2026,09.19.00,Rush - Bk 1369 afm,,CASH,Selesai,ALEXA,55000,,
1fe5937e,21/06/2026,09.19.00,Everest - Bk 1364 qd,,QRIS,Selesai,ALEXA,70000,,
1caa2551,21/06/2026,09.20.00,Domani - Bk 1136 ep,,QRIS,Selesai,ALEXA,55000,,
72a3a177,21/06/2026,09.21.00,Kijang - Bk 1140 xo,,CASH,Selesai,ALEXA,55000,,
ef71a4b6,21/06/2026,09.21.00,Everest - Bk 1348 lan,,CASH,Selesai,ALEXA,60000,,
9785fc03,21/06/2026,09.22.00,Kijang - Bk 1619 dn,,CASH,Selesai,ALEXA,55000,,
4c1630d1,21/06/2026,10.01.00,Avanza - Bk 1929 ja,,CASH,Selesai,ALEXA,65000,,
ba7f8b74,21/06/2026,10.19.00,Innova - Bk 1691 agc,,CASH,Selesai,ALEXA,73000,,
36f33e1b,21/06/2026,10.20.00,Avanza - B 1765 shj,,CASH,Selesai,ALEXA,55000,,
ef38cc8c,21/06/2026,10.20.00,Fortuner - Bk 1201 ql,,CASH,Selesai,ALEXA,60000,,
bf016c38,21/06/2026,10.21.00,Avanza - Bk 1846 aei,,QRIS,Selesai,ALEXA,55000,,
7e8ba1ac,21/06/2026,10.23.00, - ,,CASH,Selesai,ALEXA,0,,
cd6e3896,21/06/2026,10.34.00,Innova - Bk 805 gar,,CASH,Selesai,ALEXA,81000,,
72b11134,21/06/2026,10.56.00,Vellfire - Bk 1721 afw,,CASH,Selesai,ALEXA,60000,,
a24bc518,21/06/2026,11.07.00,Brio - Bm 1610 bw,,CASH,Selesai,ALEXA,50000,,
b45349c8,21/06/2026,11.24.00,Innova - B 1075 pd,,CASH,Selesai,ALEXA,60000,,
0c9d9686,21/06/2026,11.51.00,Avanza - Bk 1611 afj,,QRIS,Selesai,ALEXA,117000,,
6a367d7a,21/06/2026,11.52.00,Innova - Bkm1102 adw,,CASH,Selesai,ALEXA,80000,,
bd2aa72e,21/06/2026,11.52.00,Kijang - Bk 1760 xo,,CASH,Selesai,ALEXA,55000,,
a9780ae2,21/06/2026,11.59.00,Avanza - Bk 1690 adu,,CASH,Selesai,ALEXA,70000,,
ade67585,21/06/2026,12.00.00,Innova - Bk 114p31 afs,,QRIS,Selesai,ALEXA,60000,,
84e8a6af,21/06/2026,12.00.00,Byd - Bk 1002 agt,,CASH,Selesai,ALEXA,125000,,
c31eda40,21/06/2026,13.24.00,Ertiga - Bk 1066 agf,,QRIS,Selesai,ALEXA,85000,,
f08d51f1,21/06/2026,13.25.00,Pajero - Bk 1508 lad,,QRIS,Selesai,ALEXA,60000,,
b08d648a,21/06/2026,13.27.00,Fortuner - Bk 1510 ka,,CASH,Selesai,ALEXA,60000,,
2a51cfc4,21/06/2026,13.32.00,Innova - Bk 1722 tb,,CASH,Selesai,ALEXA,60000,,
4ad16b17,21/06/2026,13.42.00,Xenia - Ba 1668 bd,,CASH,Selesai,ALEXA,55000,,
54c000da,21/06/2026,13.56.00, - ,,CASH,Selesai,ALEXA,38000,,
ef2c3282,21/06/2026,14.19.00,Avanza - Bk 1456 aea,,QRIS,Selesai,ALEXA,55000,,
f266c443,21/06/2026,14.51.00,Mobilio - Bk 1797 or,,QRIS,Selesai,ALEXA,85000,,
7dfe4a8a,21/06/2026,15.05.00,Xtrail - Bg 1910 ws,,CASH,Selesai,ALEXA,55000,,
8a591e03,21/06/2026,16.26.00, - ,,CASH,Selesai,SYAFA,30000,,
ec03f2b3,21/06/2026,17.03.00,CR-V - BK 1755 ACB,,QRIS,Selesai,SYAFA,55000,,
6eb45930,21/06/2026,17.35.00,Calya - BK 1045 MY,,QRIS,Selesai,SYAFA,55000,,
05de3f0b,21/06/2026,17.53.00,Innova - BK 1520 AGK,,CASH,Selesai,SYAFA,60000,,
6ec9b55f,21/06/2026,17.54.00,Avanza - BK 1320 JM,,CASH,Selesai,SYAFA,55000,,
cb8fbe60,21/06/2026,18.24.00,Brio - BK 1695 AAR,,CASH,Selesai,SYAFA,45000,,
0793a5d0,22/06/2026,08.10.00,Innova - BK 1321 AFC,,CASH,Selesai,SYAFA,60000,,
bcb23865,22/06/2026,08.10.00,Pajero - BK 1305 FKA,,CASH,Selesai,SYAFA,60000,,
4b0b0ee6,22/06/2026,10.15.00,Rush - BK 1141 ABT,Jatah sudah di ambil,QRIS,Selesai,SYAFA,205000,,
28458237,22/06/2026,10.32.00,WR-V - BK 1393 N,,,Pending,SYAFA,40000,,
51c90892,22/06/2026,11.48.00,Innova - BM 1953 JB,,CASH,Selesai,SYAFA,60000,,
efe4f0ae,22/06/2026,11.50.00,Yaris - BK 1759 MH,,CASH,Selesai,SYAFA,50000,,
7b727977,22/06/2026,12.00.00,Granmax - BK 8287 HC,,CASH,Selesai,SYAFA,60000,,
02cf676a,22/06/2026,12.17.00,Veloz - B 1135 ROT,,QRIS,Selesai,SYAFA,68000,,
4dad79d4,22/06/2026,12.18.00,Avanza - BK 1839 0T,,QRIS,Selesai,SYAFA,55000,,
b73ca948,22/06/2026,12.19.00,Alphard - BK 1932 JB,,CASH,Selesai,SYAFA,60000,,
77f62c91,22/06/2026,12.57.00,Fortuner - Bk 1027 SH,,CASH,Selesai,SYAFA,80000,,
949cc39b,22/06/2026,13.08.00,Ertiga - BK 1160 OW,,CASH,Selesai,SYAFA,238000,,
c7346986,22/06/2026,13.37.00,Innova - BK 1286 KA,,CASH,Selesai,SYAFA,60000,,
fe25f48e,22/06/2026,14.25.00,Pick up - BK 8240 DA,,CASH,Selesai,SYAFA,60000,,
eea890fd,22/06/2026,14.25.00,City - BK 120 YY,,CASH,Selesai,SYAFA,70000,,
43decce6,22/06/2026,14.26.00,Cx-30 - BK 1366 GUS,,CASH,Selesai,SYAFA,70000,,
5576ec24,22/06/2026,14.34.00,Fortuner - BK 1984 AW,,QRIS,Selesai,SYAFA,60000,,
bba39620,22/06/2026,15.04.00,Xenia - BK 1516 HY,,CASH,Selesai,SYAFA,55000,,
c8798754,22/06/2026,15.04.00,Xl-7 - BK 1607 AGA,,CASH,Selesai,SYAFA,55000,,
22aba481,22/06/2026,16.11.00,Rush - Bk 1769 lac,,QRIS,Selesai,ALEXA,125000,,
e7a6a353,22/06/2026,17.13.00,Rush - Bk 1771 ng,,CASH,Selesai,ALEXA,101000,,
91d56e72,23/06/2026,08.33.00,Pajero - Bk 1482 T,,CASH,Selesai,SYAFA,60000,,
8b8da182,23/06/2026,08.34.00,Brio - BK 1113 CCA,,CASH,Selesai,SYAFA,50000,TRUE,
4923c227,23/06/2026,09.30.00,Xenia - BB 1597 JC,,CASH,Selesai,SYAFA,55000,,
4303f929,23/06/2026,09.52.00,Hiilux - BB 8978 JA,,CASH,Selesai,SYAFA,70000,,
ab485323,23/06/2026,10.25.00,Ignis - Bk 1434 vx,,CASH,Selesai,SYAFA,55000,,
8d20e4d9,23/06/2026,10.50.00,Ayla - BK 1537 AEY,Paketan sudah di ambil (bagus),CASH,Selesai,SYAFA,108000,,
18d767a5,23/06/2026,10.50.00,Brio - BK 1472 AGE,,CASH,Selesai,SYAFA,50000,,
467e42d5,23/06/2026,10.55.00,Kijang - BK 1493 GA,,CASH,Selesai,SYAFA,55000,,
b26105fc,23/06/2026,11.17.00,Pajero - BK 1438 ADG,,QRIS,Selesai,SYAFA,75000,,
9abeb5c0,23/06/2026,11.17.00,Br-v - BK 1963 ABV,,QRIS,Selesai,SYAFA,55000,,
2205b401,23/06/2026,12.26.00,Brio - BK 1437 UK,,QRIS,Selesai,SYAFA,50000,,
200833b7,23/06/2026,13.05.00,Ranger - Bk 8166 gq,,CASH,Selesai,SYAFA,75000,,
d17ba078,23/06/2026,13.14.00,Arena - BK 1336 LD,,CASH,Selesai,SYAFA,60000,,
34a2b4c0,23/06/2026,14.40.00,Hillux - BK 8365 FE,,CASH,Selesai,SYAFA,60000,,
48b0f29b,23/06/2026,15.05.00,Crv - Bk 1985 fie,,CASH,Selesai,SYAFA,90000,,
d14145cb,23/06/2026,15.41.00,Hilux - Bk 8919 af,,QRIS,Selesai,SYAFA,70000,,
606dae0a,23/06/2026,16.28.00,Rush - Bk 1858 afc,,CASH,Selesai,ALEXA,55000,,
8e2a529a,23/06/2026,16.35.00,Pajero - Bk 87 aja,,CASH,Selesai,ALEXA,60000,,
0848acd8,23/06/2026,16.52.00,City - Bk 1292 tf,,QRIS,Selesai,ALEXA,55000,,
67abb9a4,23/06/2026,17.09.00,Avanza - Bk 1507 abd,,CASH,Selesai,ALEXA,55000,,
b13eae6c,23/06/2026,17.22.00,Ertiga - Bk 1090 gb,,CASH,Selesai,ALEXA,70000,,
bcb1f916,24/06/2026,09.12.00,Avanza - BK 1224 AAT,,CASH,Selesai,SYAFA,55000,,
0f7cecea,24/06/2026,09.13.00,Innova - BK 1591 AGD,,QRIS,Selesai,SYAFA,60000,,
c25e6c7d,24/06/2026,09.14.00,Veloz - BK 1366 TAA,,CASH,Selesai,SYAFA,55000,,
17db18bb,24/06/2026,09.14.00,Pajero - B 1471 VLQ,,CASH,Selesai,SYAFA,75000,,
eb3bc521,24/06/2026,09.20.00,XL-7 - BK 1684 AFV,,CASH,Selesai,SYAFA,55000,,
b91f3875,24/06/2026,10.42.00,Avanza - BK 1773 VQ,,CASH,Selesai,SYAFA,55000,,
6f743bca,24/06/2026,10.43.00,WR-V - BK 1202 EBI,,CASH,Selesai,SYAFA,55000,,
0aa92a5d,24/06/2026,10.56.00,Innova - BK 1638 NK,,,Pending,SYAFA,45000,,
661de6bc,24/06/2026,10.57.00,Rush - BK 1358 AGA,,CASH,Selesai,SYAFA,55000,,
ccacc523,24/06/2026,11.32.00,Innova - BK 124 NIA,,CASH,Selesai,SYAFA,60000,,
6f3e41fa,24/06/2026,11.33.00,HR-V - BK 1759 AEX,,CASH,Selesai,SYAFA,55000,,
372b308b,24/06/2026,12.06.00,Calya - BK 1654 AGM,,QRIS,Selesai,SYAFA,55000,,
e45149db,24/06/2026,12.10.00,Mobilio - BK 1362 WX,,CASH,Selesai,SYAFA,55000,,
b1fb3d63,24/06/2026,12.34.00,Yaris - BK 1805 FAD,,CASH,Selesai,SYAFA,110000,,
97891904,24/06/2026,14.42.00,Rush - BK 1749 VQA,,CASH,Selesai,SYAFA,55000,,
5d053da5,24/06/2026,15.20.00,Fortuner - BK 1872 CAM,,QRIS,Selesai,SYAFA,60000,,
41e9cc2f,24/06/2026,16.54.00,Ayla - BK 1935 ADM,,QRIS,Selesai,SYAFA,50000,,
9821ec39,24/06/2026,17.09.00,Innova - DA 1654 ZAC,,CASH,Selesai,SYAFA,60000,,
c017ed79,24/06/2026,17.26.00,Vios - BK 1706 LF,,CASH,Selesai,SYAFA,55000,,
23e98f71,24/06/2026,18.02.00,Accord - BK 1746 MAF,,CASH,Selesai,SYAFA,55000,,
2bd4e53e,25/06/2026,09.01.00,Xpander - Bk 1296 hu,,CASH,Selesai,ALEXA,55000,,
71abaf0a,25/06/2026,09.02.00,Innova - Bk 1436 ik,,,Pending,ALEXA,60000,,
0672dca2,25/06/2026,09.02.00,Veloz - Bk 1165 adq,,CASH,Selesai,ALEXA,55000,,
bbcdb41d,25/06/2026,09.03.00,Rush - Bk 1665 aao,,QRIS,Selesai,ALEXA,215000,,
9fb6b83e,25/06/2026,09.03.00,Avanza - Bk 1516 agg,,CASH,Selesai,ALEXA,55000,,
6492db2f,25/06/2026,09.17.00,Calya - B 1732 ryg,,CASH,Selesai,ALEXA,55000,,
cfd8379f,25/06/2026,09.25.00,Crv - Bk 1202 qw,,CASH,Selesai,ALEXA,55000,,
c12581a5,25/06/2026,09.26.00,Innova - Bk 1498 aba,,QRIS,Selesai,ALEXA,60000,,
f99b84e9,25/06/2026,09.55.00,Rush - Bk 1327 uh,,CASH,Selesai,ALEXA,68000,,
9bd45fde,25/06/2026,10.13.00,Xpander - Bk 1531 vs,,CASH,Selesai,ALEXA,65000,,
f68b305b,25/06/2026,11.11.00,Avanza - Bk 1247 eq,,CASH,Selesai,ALEXA,55000,,
4577e82d,25/06/2026,11.11.00,Xl-7 - Bk 1487 agu,,CASH,Selesai,ALEXA,55000,,
a589ba84,25/06/2026,11.49.00,Pickup - Bk 8784 ac,,CASH,Selesai,ALEXA,55000,,
4f9bd566,25/06/2026,11.57.00,Kuda - Bk 1834 pe,,CASH,Selesai,ALEXA,55000,,
4dfd550f,25/06/2026,12.19.00,Hrv - Bk 1132 ny,,CASH,Selesai,ALEXA,55000,,
8a370b53,25/06/2026,12.30.00,Taft - Bk 1977 laj,,QRIS,Selesai,ALEXA,55000,,
bd1af3ba,25/06/2026,12.41.00,Sienta - Bk 1809 aaz,,QRIS,Selesai,ALEXA,75000,,
8a2f9b83,25/06/2026,13.28.00,March - Bk 1468 zr,,QRIS,Selesai,ALEXA,50000,,
8fcf1415,25/06/2026,14.06.00,Avanza - Bk 1633 iv,Jatah sudah di ambil,CASH,Selesai,ALEXA,110000,,
5682665c,25/06/2026,14.20.00,Xenia - Bk 1542 agj,,CASH,Selesai,ALEXA,55000,,
9a433def,25/06/2026,14.21.00,Xenia - Bk 1656 xx,,CASH,Selesai,ALEXA,55000,,
6e85ccef,25/06/2026,15.30.00,Xtrail - Bk 1033 oe,,CASH,Selesai,ALEXA,55000,,
1106cbc8,25/06/2026,15.31.00,Innova - E 1389 pl,,CASH,Selesai,ALEXA,60000,,
0b7b3774,25/06/2026,15.31.00,Rush - Bk 1840 zo,,QRIS,Selesai,ALEXA,55000,,
a65c1948,25/06/2026,15.52.00,Pajero - Bk 1669 ado,,CASH,Selesai,ALEXA,60000,,
8312c997,25/06/2026,15.54.00, - ,,CASH,Selesai,ALEXA,0,,
f86864f2,25/06/2026,16.15.00,Hrv - Bk 313 i,,CASH,Selesai,ALEXA,55000,,
0fbe41b3,25/06/2026,16.59.00,Avanza - Bk 1905 agm,,CASH,Selesai,ALEXA,110000,,
c0141f99,25/06/2026,17.00.00,Innova - Bk 1115 rr,,CASH,Selesai,ALEXA,65000,,
48ed53af,25/06/2026,17.01.00,Avanza - Bk 1847 qy,,CASH,Selesai,ALEXA,55000,,
b4714351,25/06/2026,17.21.00,Innova - Bk 1477 agk,,QRIS,Selesai,ALEXA,60000,,
442fff7d,25/06/2026,17.25.00,Xenia - Bk 1151 acj,,CASH,Selesai,ALEXA,55000,,
e242cff4,25/06/2026,17.26.00,Crv - Bl 1179 ej,,CASH,Selesai,ALEXA,55000,,
8319039a,26/06/2026,09.38.00,Vios - BK 1981 IM,,CASH,Selesai,SYAFA,55000,,
11678b52,26/06/2026,09.46.00,Fortuner - BK 1099 YAS,,CASH,Selesai,SYAFA,60000,,
3ba5caab,26/06/2026,09.46.00,Agya - BK 1286 VAA,,QRIS,Selesai,SYAFA,50000,,
d9c1e695,26/06/2026,09.47.00,Innova - BK 1965 TAL,,CASH,Selesai,SYAFA,55000,,
b35c6a29,26/06/2026,09.47.00,Avanza - BK 1807 ACW,,QRIS,Selesai,SYAFA,55000,,
ad37c63a,26/06/2026,10.19.00,Innova - Bk 1975,,CASH,Selesai,SYAFA,75000,,
0450b292,26/06/2026,10.22.00,Ayla - Bk 1068 ii,,QRIS,Selesai,SYAFA,50000,,
9ffbcee4,26/06/2026,10.31.00,Sigra - BK 1873 AEU,,CASH,Selesai,SYAFA,45000,,
48d5dbf8,26/06/2026,10.55.00,CR-V - BK 1499 OO,,QRIS,Selesai,SYAFA,55000,,
24bccb6f,26/06/2026,10.56.00,Avanza - BK 1600HN,,QRIS,Selesai,SYAFA,55000,,
6faf74cc,26/06/2026,11.09.00,Avanza - BK 1036 TX,,CASH,Selesai,SYAFA,55000,,
af085a6c,26/06/2026,12.07.00,Innova - BK 1567 VOA,,QRIS,Selesai,SYAFA,120000,,
537252c2,26/06/2026,12.21.00,Sirion - Bk 1306 at,,QRIS,Selesai,SYAFA,70000,,
519f2a57,26/06/2026,12.34.00,Terios - BK 1746 GR,,CASH,Selesai,SYAFA,55000,,
9fc0bcdd,26/06/2026,13.41.00,X pander - BK 1642 VT,,,Pending,SYAFA,55000,,
32c8e459,26/06/2026,13.47.00,Sigra - Bk 1592 voc,,CASH,Selesai,SYAFA,55000,,
4fe458ff,26/06/2026,13.54.00,Hrv - Bk 1792 dp,,QRIS,Selesai,SYAFA,85000,,
d1285d13,26/06/2026,13.58.00,Yaris - Bk 1906 nl,,QRIS,Selesai,SYAFA,70000,,
05a0be52,26/06/2026,14.06.00,Rush - Bk 1121 dha,,CASH,Selesai,SYAFA,55000,,
,,,,,,,,,,
5a000d71,26/06/2026,14.13.00,Calya - Bk 1012 adv,,CASH,Selesai,SYAFA,55000,,
,,,,,,,,,,
f22c4a80,26/06/2026,14.22.00,Veloz - BK 1579 JOE,,CASH,Selesai,SYAFA,55000,,
fb4ef97e,26/06/2026,15.14.00,Pajero - BK 1012 AFK,,CASH,Selesai,SYAFA,60000,,
66712b9a,26/06/2026,15.17.00,Taruna - BK 1659 BP,,CASH,Selesai,SYAFA,97000,,
9f84078b,26/06/2026,16.03.00, - ,,CASH,Selesai,SYAFA,35000,,
3505e02b,26/06/2026,16.17.00,Innova - BK 70 IG,,QRIS,Selesai,SYAFA,72000,,
d530582d,26/06/2026,16.35.00,Xenia - Bk 1946 ada,,CASH,Selesai,ALEXA,55000,,
ede24578,26/06/2026,16.36.00,Destinator - Bk 1349 agr,,CASH,Selesai,ALEXA,60000,,
09371ec7,26/06/2026,16.51.00,Sigra - Bk 1782 gl,,CASH,Selesai,ALEXA,55000,,
dcc37a62,26/06/2026,17.02.00,Innova - Bk 1038 bp,,CASH,Selesai,ALEXA,60000,,
b4257d62,26/06/2026,17.22.00,Avanza - Bk 1032 qr,,CASH,Selesai,ALEXA,135000,,
c36daa4c,26/06/2026,17.25.00,Innova - Bk 1906 krr,,QRIS,Selesai,ALEXA,75000,,
c2dc0431,26/06/2026,17.25.00,Xpander - Bk 1422 aee,,QRIS,Selesai,ALEXA,55000,,
a68bd2ed,26/06/2026,17.25.00,Crv - Bk 1575 ach,,QRIS,Selesai,ALEXA,55000,,
0a8938d4,26/06/2026,17.25.00,Brv - Bk 1813 adh,,CASH,Selesai,ALEXA,55000,,
617f310a,26/06/2026,18.15.00, - ,,CASH,Selesai,ALEXA,0,,
d253c728,27/06/2026,09.28.00,Fortuner - BK 1573 WZ,,QRIS,Selesai,SYAFA,60000,,
13928730,27/06/2026,09.42.00,Innova - BK 1305 UUT,,CASH,Selesai,SYAFA,73000,,
6da7d5d5,27/06/2026,10.27.00,Innova - Bk 1902 adg,,CASH,Selesai,SYAFA,60000,,
c4faacb1,27/06/2026,10.28.00,Jimny - Bk 1488 dy,,CASH,Selesai,SYAFA,55000,,
fd4459e0,27/06/2026,10.28.00, - ,,CASH,Selesai,SYAFA,13000,,
dcaf7140,27/06/2026,11.01.00,Avanza - BK 1386 FD,,CASH,Selesai,SYAFA,55000,,
875dc31c,27/06/2026,11.01.00,Innova - BM 1953 JB,Diskon 5%,CASH,Selesai,SYAFA,65000,,
3afc9689,27/06/2026,11.17.00,HR-v - BK 1233 KL,,CASH,Selesai,SYAFA,55000,,
b6ebd63c,27/06/2026,11.44.00,Brio - Bk 1350 aez,Diskon 5%,CASH,Selesai,SYAFA,50000,,
642f44f9,27/06/2026,12.02.00,Calya - BK 1922 WM,,QRIS,Selesai,SYAFA,55000,,
6fe7b44a,27/06/2026,12.03.00,Avanza - BK 1156 IK,,CASH,Selesai,SYAFA,70000,,
615304f3,27/06/2026,12.16.00, - ,,CASH,Selesai,SYAFA,0,,
10224752,27/06/2026,12.24.00,Jazz - BK 1389 OB,,CASH,Selesai,SYAFA,55000,,
1e50d310,27/06/2026,12.32.00,Avanza - BK 1775 AOA,,CASH,Selesai,SYAFA,55000,,
15f9d5c7,27/06/2026,12.50.00,Brio - BK 1400 II,,CASH,Selesai,SYAFA,50000,,
eeb5a0d5,27/06/2026,13.07.00,Innova - BK 1106 DO,,CASH,Selesai,SYAFA,60000,,
3a5283c7,27/06/2026,13.35.00,Avanza - BK 1129 AAJ,,CASH,Selesai,SYAFA,55000,,
638e6f64,27/06/2026,13.35.00,X pander - BK 1168 AMB,,CASH,Selesai,SYAFA,55000,,
1c0f2eba,27/06/2026,13.47.00,Rush - BK 1227 YAK,,CASH,Selesai,SYAFA,55000,,
43a67e7b,27/06/2026,14.35.00,Avanza - BK 1225 ZY,,CASH,Selesai,SYAFA,55000,,
120903c1,27/06/2026,14.46.00,Avanza - BK 1683 ABU,,CASH,Selesai,SYAFA,55000,,
0bd0bce3,27/06/2026,14.59.00,Sigra - BK 1950 AEQ,,CASH,Selesai,SYAFA,70000,,
61a672b8,27/06/2026,15.00.00,Brio - BK 1972 AFZ,,CASH,Selesai,SYAFA,100000,,
b9691dae,27/06/2026,15.08.00,Ranger - BK 8922 GW,,CASH,Selesai,SYAFA,60000,,
a5bf08c6,27/06/2026,15.20.00,Xenia - BA 1668 BD,,CASH,Selesai,SYAFA,55000,,
83de513c,27/06/2026,15.41.00,Pikanto - BK 1874 AAP,,CASH,Selesai,SYAFA,35000,,
b73ff608,27/06/2026,16.22.00,Yaris - Bk 1106 ad,,QRIS,Selesai,ALEXA,55000,,
3d5c728e,27/06/2026,16.50.00,Hrv - Bk 1747 afr,,CASH,Selesai,ALEXA,55000,,
e5d0334f,27/06/2026,16.57.00,Grand livina - Bk 1592 zs,,CASH,Selesai,ALEXA,55000,,
935fc153,27/06/2026,16.58.00,Pajero - Bk 1482 t,,CASH,Selesai,ALEXA,60000,,
2d8f5a3e,27/06/2026,17.25.00,Xenia - Bk 1626 wv,,QRIS,Selesai,ALEXA,55000,,
25e06a6d,27/06/2026,17.25.00,Hrv - Bk 1787 wyh,,QRIS,Selesai,ALEXA,364000,,
e17ee55f,28/06/2026,08.39.00,Xpander - BK 1325 AEA,,CASH,Selesai,SYAFA,55000,,
4a3b6983,28/06/2026,08.40.00,HR-V - BK 1088 ABR,,CASH,Selesai,SYAFA,55000,,
dad443b3,28/06/2026,08.41.00,Ertiga - BK 1612 ABB,,CASH,Selesai,SYAFA,55000,,
6eddbd19,28/06/2026,08.44.00,Hillux - BM 8345 RG,,QRIS,Selesai,SYAFA,60000,,
00653bae,28/06/2026,08.45.00,Agya - BK 1528 EB,,CASH,Selesai,SYAFA,50000,,
b0ac0b55,28/06/2026,09.17.00,Pajero - BK 1528 EB,,CASH,Selesai,SYAFA,60000,,
784e2c4f,28/06/2026,09.29.00,Rocky - BK 1202 AFC,,QRIS,Selesai,SYAFA,55000,,
004192c8,28/06/2026,09.30.00,Mobilio - BK 1569 OJ,,CASH,Selesai,SYAFA,68000,,
7dd486ab,28/06/2026,09.52.00,Terios - BK 1697 MAA,,CASH,Selesai,SYAFA,55000,,
02c6425f,28/06/2026,09.52.00,Avanza - BK 1989 AFA,,QRIS,Selesai,SYAFA,55000,,
1cc6059c,28/06/2026,10.04.00,Avanza - BK 1129 QV,,QRIS,Selesai,SYAFA,55000,,
8e49e2a2,28/06/2026,10.05.00,HR-v - BK 1174 HH,,CASH,Selesai,SYAFA,55000,,
3fa9ec43,28/06/2026,10.30.00,Avanza - Bk 1604 aae,,QRIS,Selesai,SYAFA,55000,,
7b6c168e,28/06/2026,10.33.00,Innova - Bk 1608 fh,,CASH,Selesai,SYAFA,60000,,
048efaba,28/06/2026,10.43.00,Kijang - Bk 1619 dn,,CASH,Selesai,SYAFA,55000,,
b2b081b1,28/06/2026,10.44.00,Etios - Bk 1005 dq,,QRIS,Selesai,SYAFA,50000,,
98a98028,28/06/2026,10.50.00,Innova - Bk 1625 l,,CASH,Selesai,SYAFA,60000,,
b3b5aa10,28/06/2026,11.10.00,Avanza - Bk 1241 cc,,CASH,Selesai,SYAFA,55000,,
2608873f,28/06/2026,11.15.00,HR-V - BK 1781 PX,,CASH,Selesai,SYAFA,55000,,
065b6fe6,28/06/2026,11.21.00,Brio - BK 1054 AAQ,,QRIS,Selesai,SYAFA,77000,,
2779ec3b,28/06/2026,11.22.00,Xenia - BK 1841 FC,,QRIS,Selesai,SYAFA,82000,,
080f0cf5,28/06/2026,12.06.00,Innova - BK 1215 AC,,QRIS,Selesai,SYAFA,72000,,
3ad2cca9,28/06/2026,12.07.00,Sigra - BK 1185 AEF,,CASH,Selesai,SYAFA,55000,,
252b4168,28/06/2026,12.08.00,Pajero - BK 1270 AEA,,CASH,Selesai,SYAFA,60000,,
70a2de1a,28/06/2026,12.15.00,Mobilio - BK 1797 OR,,CASH,Selesai,SYAFA,65000,,
c3c48edc,28/06/2026,12.16.00,Avanza - BK 1972 VX,,CASH,Selesai,SYAFA,55000,,
20662f5f,28/06/2026,12.23.00,Avanza - BK 1564 IW,,CASH,Selesai,SYAFA,81000,,
e953660d,28/06/2026,13.10.00,Terios - BK 1487 MAE,,QRIS,Selesai,SYAFA,55000,,
cc992c8a,28/06/2026,13.19.00,Agya - BK 1721 IG,Jatah sudah diambil,CASH,Selesai,SYAFA,100000,,
20c2d659,28/06/2026,13.24.00,Taruna - BK 1326 AK,,QRIS,Selesai,SYAFA,55000,,
64eba7d7,28/06/2026,13.28.00,Innova - BK 1101 IDM,,CASH,Selesai,SYAFA,160000,,
1d440926,28/06/2026,13.33.00,Brio - BK 1116 ABQ,,CASH,Selesai,SYAFA,100000,,
28f75d14,28/06/2026,14.19.00,Avanza - BK 1083 AS,,CASH,Selesai,SYAFA,55000,,
da16fa0a,28/06/2026,15.04.00,Brio - Bk 1511 at,Jatah sudah diambil,CASH,Selesai,SYAFA,150000,,
5b17ea68,28/06/2026,15.33.00,Avanza - Bk 1622 aff,,CASH,Selesai,SYAFA,55000,,
b04c2d8c,28/06/2026,16.36.00,Innova - Bk 1691 agc,,CASH,Selesai,ALEXA,75000,,
0c359450,28/06/2026,16.50.00, - ,,CASH,Selesai,ALEXA,0,,
a094a584,28/06/2026,17.25.00,Scross - Bk 1872 fl,,QRIS,Selesai,ALEXA,55000,,
66da6852,28/06/2026,17.25.00,Xpander - Bk 1931 aat,,QRIS,Selesai,ALEXA,70000,,
11e8265d,28/06/2026,17.25.00,Xenia - Bk 1234 ahl,,CASH,Selesai,ALEXA,55000,,
ede5a2c1,29/06/2026,08.35.00,Xenia - Bm 1244 ls,,CASH,Selesai,ALEXA,55000,,
fa08f274,29/06/2026,08.35.00,Fortuner - Bk 1261 a,,CASH,Selesai,ALEXA,78000,,
e6701052,29/06/2026,08.36.00,Land cruiser - Bk 1078 ach,,CASH,Selesai,ALEXA,60000,,
81ca47d4,29/06/2026,08.36.00,Veloz - Bk 1849 acz,,QRIS,Selesai,ALEXA,55000,,
dee3841e,29/06/2026,08.52.00,Alphard - Be 1086 aan,,,Pending,ALEXA,60000,,
8b335ed4,29/06/2026,08.59.00,Innova - Bk 1436 ik,,,Pending,ALEXA,60000,,
ad86765f,29/06/2026,09.57.00,Carry - Bk 1713 om,,CASH,Selesai,ALEXA,60000,,
049f05a7,29/06/2026,10.07.00,Xpander - Bk 1712 afp,,QRIS,Selesai,ALEXA,55000,,
8f5f5b1b,29/06/2026,10.10.00,Fortuner - Bk 1910 dlo,,CASH,Selesai,ALEXA,60000,,
30112b78,29/06/2026,10.18.00,Innova - Bk 1967 acs,,CASH,Selesai,ALEXA,60000,,
a68394fd,29/06/2026,10.44.00,Kijang - Bk 1192 agl,,CASH,Selesai,ALEXA,55000,TRUE,
ef57a757,29/06/2026,11.28.00,Land cruiser - Bk 1968 yd,,CASH,Selesai,ALEXA,60000,,
7d7f8435,29/06/2026,11.35.00,Calya - Bk 1654 agm,,QRIS,Selesai,ALEXA,67000,,
55fcbf71,29/06/2026,14.42.00,Innova - Bk 1812 zq,,CASH,Selesai,ALEXA,60000,,
5c189338,29/06/2026,14.58.00,Ertiga - Bk 1283 vl,,CASH,Selesai,ALEXA,70000,,
46d8754d,29/06/2026,15.51.00,Innova - Bk 812 coy,,CASH,Selesai,ALEXA,70000,,
42644cc4,29/06/2026,15.54.00,Avanza - Bk 1036 tx,,CASH,Selesai,ALEXA,55000,,
b2f4e532,29/06/2026,16.44.00,Outlander - BK 1643 UH,,CASH,Selesai,SYAFA,55000,,
791c0952,29/06/2026,17.07.00,Calya - BK 1241 ED,,CASH,Selesai,SYAFA,55000,,
e57aa74b,29/06/2026,17.21.00,Brio - BK 1678 AC,,CASH,Selesai,SYAFA,50000,,
d4f5a631,29/06/2026,17.53.00,Terios - BK 1014 IC,,QRIS,Selesai,SYAFA,70000,,
3e9bf8b6,29/06/2026,17.57.00,Xpander - BK 1067 ADO,,CASH,Selesai,SYAFA,91000,,
e2dd5463,29/06/2026,18.23.00,Etios - BK 1142 Uy,,CASH,Selesai,SYAFA,70000,,
6e50c0d9,30/06/2026,10.47.00,Agya - Bk 1494 abm,,CASH,Selesai,ALEXA,50000,,
0df8bb93,30/06/2026,10.55.00,Innova - Bk 1583 agc,,CASH,Selesai,ALEXA,60000,,
0dd87137,30/06/2026,10.56.00, - ,,CASH,Selesai,ALEXA,10000,,
610060b2,30/06/2026,11.07.00,City - Bk 1947 av,,CASH,Selesai,ALEXA,55000,,
8523669c,30/06/2026,11.33.00,Calya - Bk 1938 acj,,CASH,Selesai,ALEXA,55000,,
f2a0039f,30/06/2026,11.44.00,Pajero - Bk 86 aja,,CASH,Selesai,ALEXA,60000,,
e0c753bc,30/06/2026,12.17.00,Terios - Bk 1867 add,,CASH,Selesai,ALEXA,55000,,
0c06131c,30/06/2026,12.22.00,Sigra - Bk 1134 abb,,QRIS,Selesai,ALEXA,55000,,
58c5f3e9,30/06/2026,12.22.00,Yaris - BB 1882 fp,,CASH,Selesai,ALEXA,50000,,
a27255f8,30/06/2026,12.25.00,Pajero - Bk 1669 ado,,CASH,Selesai,ALEXA,60000,,
450cd267,30/06/2026,12.28.00,City - Bk 1611 bj,,,Pending,ALEXA,55000,,
3996882f,30/06/2026,14.13.00,Avanza - BK 1121 AZ,,CASH,Selesai,ALEXA,60000,,
4cc48f31,30/06/2026,15.27.00,Rush - Bk 1193 acr,,,Pending,ALEXA,55000,,
2cb91b8f,30/06/2026,15.42.00, - ,,CASH,Selesai,ALEXA,0,,
5c77cfcf,30/06/2026,16.46.00,Fortuner - BK 1305 ANG,,,Pending,SYAFA,72000,,
c37b66a7,30/06/2026,18.22.00,HR-V - BK 123 FY,,,Pending,SYAFA,55000,,
74d132a8,01/07/2026,08.30.00,Rush - Bk 1765 mab,,CASH,Selesai,ALEXA,55000,,
409dd87a,01/07/2026,08.30.00,Innova - Bk 1151 ol,,QRIS,Selesai,ALEXA,60000,,
28a5e84f,01/07/2026,08.30.00,Sienta - Bk 1814 fg,,CASH,Selesai,ALEXA,55000,,
91c92161,01/07/2026,09.41.00,Ertiga - Bk 1997 kn,,QRIS,Selesai,ALEXA,55000,,
d46d55bf,01/07/2026,09.45.00,Avanza - Bk 1447 afk,,CASH,Selesai,ALEXA,60000,,
cfff5f13,01/07/2026,09.56.00,Innova - Bk 1134 abm,,CASH,Selesai,ALEXA,60000,,
393d83c7,01/07/2026,11.07.00,Terios - Bk 1557 gx,,CASH,Selesai,ALEXA,70000,,
f1be08a7,01/07/2026,11.08.00,Sienta - Bk 1386 xe,,CASH,Selesai,ALEXA,55000,,
a7f8e64b,01/07/2026,11.09.00,Sigra - Bk 1929 qy,,QRIS,Selesai,ALEXA,67000,,
ad658045,01/07/2026,11.09.00,Avanza - Bk 1968 qf,,CASH,Selesai,ALEXA,55000,,
0f5f1213,01/07/2026,11.32.00,Luxio - Bk 1798 ul,,CASH,Selesai,ALEXA,60000,,
d3f56c31,01/07/2026,11.32.00,Innova - Bk 1153 gv,,CASH,Selesai,ALEXA,60000,,
57a4820a,01/07/2026,11.38.00,Agya - Bk 1056 ej,,QRIS,Selesai,ALEXA,50000,,
4bcdffa5,01/07/2026,11.48.00,Yaris - Bk 1385 rk,,CASH,Selesai,ALEXA,35000,,
78afd3c9,01/07/2026,12.17.00,Everest - Bk 1364 gq,,CASH,Selesai,ALEXA,92000,,
4ec9cd5d,01/07/2026,12.17.00,Kuda - Bk 1834 pe,,CASH,Selesai,ALEXA,55000,,
00f77f5e,01/07/2026,12.36.00,Xenia - Bk 1783 kq,,QRIS,Selesai,ALEXA,60000,,
07a14de2,01/07/2026,12.37.00,Sigra - Bk 1764 aeu,,CASH,Selesai,ALEXA,55000,,
c14e5fed,01/07/2026,12.49.00,Innova - Bk 1526 hf,,CASH,Selesai,ALEXA,60000,,
e1a69228,01/07/2026,13.09.00,Avanza - Bk 1773 uq,,CASH,Selesai,ALEXA,55000,,
b2e30fcd,01/07/2026,13.09.00,Terios - Bk 1410 jd,,CASH,Selesai,ALEXA,55000,TRUE,
60a20b4b,01/07/2026,13.24.00,Innova - Bk 1438 age,,CASH,Selesai,ALEXA,60000,,
a118e97f,01/07/2026,13.41.00,Innova - Bk 1640 jb,,CASH,Selesai,ALEXA,350000,,
3f6430bb,01/07/2026,14.05.00,Rush - Bk 1711 ado,,CASH,Selesai,ALEXA,55000,,
cde57962,01/07/2026,14.10.00,Granmax - Bk 1271 kj,,CASH,Selesai,ALEXA,60000,,
f99d3724,01/07/2026,14.49.00,Mercy - Bk 1190 gd,,CASH,Selesai,ALEXA,89000,,
cee93441,01/07/2026,16.07.00,Innova - Bk 1102 adw,,CASH,Selesai,ALEXA,75000,,
5d097860,01/07/2026,17.25.00,Brio - Bk 1082 agj,,CASH,Selesai,ALEXA,35000,,
93b85c40,02/07/2026,08.54.00,Fortuner - B 1252 NJJ,,QRIS,Selesai,SYAFA,60000,,
003a0ffd,02/07/2026,08.54.00,Avanza - BK 1890 UR,,CASH,Selesai,SYAFA,60000,,
a756c970,02/07/2026,08.55.00,Agya - BK 1037 AG,,QRIS,Selesai,SYAFA,50000,,
bd9b7d4a,02/07/2026,09.16.00,Sigra - BK 1359 RU,,CASH,Selesai,SYAFA,55000,,
a0d95d83,02/07/2026,09.17.00,Pajero - BK 108 MAI,,CASH,Selesai,SYAFA,75000,,
68ea6c69,02/07/2026,09.18.00,Ayla - BK 5 KMN,,CASH,Selesai,SYAFA,65000,,
b07154dc,02/07/2026,09.54.00,Mirage - BK 1744 ZK,,CASH,Selesai,SYAFA,50000,,
8ab7fd95,02/07/2026,09.55.00,Agya - BK 1697 OU,,QRIS,Selesai,SYAFA,50000,,
06b40b12,02/07/2026,09.56.00,March - BK 1731 KO,,CASH,Selesai,SYAFA,50000,,
1bb3c484,02/07/2026,09.56.00,Innova - BH 1741 WI,,CASH,Selesai,SYAFA,125000,,
e69add62,02/07/2026,10.30.00,Brio - BK 1435 ADZ,,CASH,Selesai,SYAFA,50000,,
f827adaa,02/07/2026,10.32.00,Cr-v - BK 1985 DDE,,CASH,Selesai,SYAFA,55000,,
1564510f,02/07/2026,10.49.00,Hilux - BK 8999 GMP,,CASH,Selesai,SYAFA,60000,,
f5c7b1b8,02/07/2026,11.37.00,Rush - BK 1056 AGJ,,CASH,Selesai,SYAFA,55000,,
98c81581,02/07/2026,11.38.00,Brio - BK 1489 UJ,,QRIS,Selesai,SYAFA,50000,,
c20e0eb9,02/07/2026,11.49.00,Avanza - BK 1759 LAM,,CASH,Selesai,SYAFA,55000,,
a8903110,02/07/2026,12.08.00,Mobilio - BK 1642 KB,,CASH,Selesai,SYAFA,55000,,
53ef06eb,02/07/2026,12.09.00, - ,Faisal,CASH,Selesai,SYAFA,10000,,
f30674e9,02/07/2026,12.10.00, - ,,CASH,Selesai,SYAFA,0,,
ca92dd50,02/07/2026,12.17.00,Brio - BE 1437 AND,,CASH,Selesai,SYAFA,50000,,
5c5697fb,02/07/2026,12.35.00,Innova - BK 1137 ADX,,CASH,Selesai,SYAFA,75000,,
,,,,,,,,,,
464c344f,02/07/2026,13.07.00, - ,,CASH,Selesai,SYAFA,0,,
ee52508c,02/07/2026,14.56.00,Offroad - BK1518 BH,,CASH,Selesai,SYAFA,100000,,
5729c8c6,02/07/2026,14.58.00,Offroad - BK 1253 UU,,,Pending,SYAFA,100000,,
290584b7,02/07/2026,14.59.00,Offroad - BK 1306AT,,,Pending,SYAFA,100000,,
d2a91a8e,02/07/2026,15.00.00,Raize - BK 1678 JEN,,CASH,Selesai,SYAFA,55000,,
fd26fc24,02/07/2026,15.01.00,Sirion - BK 1306 AT,,QRIS,Selesai,SYAFA,70000,,
edd5d618,02/07/2026,15.20.00,Xenia - BK 1626 WV,,CASH,Selesai,SYAFA,55000,,
e0933cf9,02/07/2026,15.21.00,Xenia - BK 1761 MK,,QRIS,Selesai,SYAFA,60000,,
9d8d462d,02/07/2026,15.22.00,Rush - BK 1552 RAD,,CASH,Selesai,SYAFA,55000,,
d4340cbe,02/07/2026,15.22.00,Sigra - BK 1336RAD,,CASH,Selesai,SYAFA,55000,,
b14c888a,02/07/2026,15.49.00,Jimny - BK 1488 DY,,,Pending,SYAFA,55000,,
299b3ad8,02/07/2026,16.11.00, - ,,CASH,Selesai,SYAFA,12000,,
647b6bd4,02/07/2026,16.12.00,CR-V - BK 1081 YF,,CASH,Selesai,SYAFA,55000,,
ccbb4766,02/07/2026,16.13.00,Fortuner - BK 120 1QL,,,Pending,SYAFA,60000,,
a5f15f3e,02/07/2026,16.13.00,Fortuner - BK 288 TLC,,QRIS,Selesai,SYAFA,120000,,
671189f6,02/07/2026,16.14.00,Karimun - BK 1008QE,,CASH,Selesai,SYAFA,50000,,
1d56e953,03/07/2026,09.19.00,Avanza - Bk 1920 fu,,QRIS,Selesai,ALEXA,56000,TRUE,
fd70f08f,03/07/2026,09.19.00,Triton - Bm 8345 rg,,CASH,Selesai,ALEXA,60000,,
bec7c31a,03/07/2026,09.20.00,Brio - Bk 1842 nm,,CASH,Selesai,ALEXA,50000,,
215b4bc6,03/07/2026,09.20.00,Xenia - Bk 1845 fd,,QRIS,Selesai,ALEXA,55000,,
30e61e7f,03/07/2026,09.21.00, - ,,CASH,Selesai,ALEXA,10000,,
bf965c41,03/07/2026,09.21.00, - ,,QRIS,Selesai,ALEXA,10000,,
b4bde117,03/07/2026,09.32.00,Hilux - Bk 8166 gw,,CASH,Selesai,ALEXA,60000,,
854bb972,03/07/2026,09.58.00,Innova - Bk 1391 abu,,CASH,Selesai,ALEXA,60000,,
c6051ace,03/07/2026,10.31.00,Mobilio - Bk 1569 oj,,CASH,Selesai,ALEXA,68000,,
4029c5f6,03/07/2026,10.32.00,Innova - Bk 1362 mah,,CASH,Selesai,ALEXA,60000,,
0fc57d60,03/07/2026,10.50.00,Hilux - Bg 8046 jm,,CASH,Selesai,ALEXA,60000,,
a5750b61,03/07/2026,10.50.00, - ,,CASH,Selesai,ALEXA,10000,,
0bab11af,03/07/2026,11.09.00,Calya - Ba 1335 yp,,CASH,Selesai,ALEXA,80000,,
4322fcce,03/07/2026,11.17.00, - ,,CASH,Selesai,ALEXA,10000,,
0a43cb62,03/07/2026,11.44.00,Rush - Bk 1416 adv,,CASH,Selesai,ALEXA,55000,TRUE,
1cd96969,03/07/2026,11.45.00,Innova - Bm 1953 jb,Diskon 5%,CASH,Selesai,ALEXA,60000,,
42559bce,03/07/2026,11.47.00,Innova - Bk 1847 im,Diskon 5%,CASH,Selesai,ALEXA,60000,,
80155fac,03/07/2026,13.44.00,HR-V - BK 1910 DW,,CASH,Selesai,SYAFA,72000,,
818a1a6b,03/07/2026,13.44.00,Avanza - BM 1400 FS,,CASH,Selesai,SYAFA,55000,,
414116b1,03/07/2026,13.45.00,Agya - BK 1992 OC,,CASH,Selesai,SYAFA,55000,,
27059010,03/07/2026,13.54.00,Avanza - Bk 1269 adu,,CASH,Selesai,ALEXA,55000,,
680a48d2,03/07/2026,13.55.00, - ,,CASH,Selesai,ALEXA,10000,,
2945af54,03/07/2026,14.21.00,Innova - Bk 1229 va,,CASH,Selesai,ALEXA,60000,,
4301af46,03/07/2026,14.34.00,Xenia - B 2752 pzm,,CASH,Selesai,ALEXA,65000,,
1de17cde,03/07/2026,14.57.00,Agya - Bk 1974 juy,,CASH,Selesai,ALEXA,50000,,
a617b447,03/07/2026,15.31.00,Pickup - Bk 8665 er,,CASH,Selesai,ALEXA,60000,,
750bdc5d,03/07/2026,15.42.00,Picanto - Bk 1903 qd,,CASH,Selesai,ALEXA,50000,,
49f377bc,03/07/2026,16.41.00,Sigra - BK 1649 WAG,,CASH,Selesai,SYAFA,55000,,
cf7b5f5f,03/07/2026,17.07.00,Freed - BK 1654 UI,,QRIS,Selesai,SYAFA,55000,,
e945914b,03/07/2026,17.48.00, - ,,QRIS,Selesai,SYAFA,10000,,
57a4d1a5,04/07/2026,08.50.00,Crv - Bk 1048 qc,,QRIS,Selesai,ALEXA,55000,,
2a00722c,04/07/2026,08.51.00,Avanza - Bk 1360 afq,,CASH,Selesai,ALEXA,55000,TRUE,
94eccc22,04/07/2026,08.51.00,Rush - Bk 1611 vab,,QRIS,Selesai,ALEXA,55000,,
d0a433ab,04/07/2026,09.02.00,Avanza - Bk 1294 uo,,QRIS,Selesai,ALEXA,110000,,
d396c4fd,04/07/2026,09.16.00,Ranger - Bk 1483 di,,QRIS,Selesai,ALEXA,65000,,
2ddfaff0,04/07/2026,09.33.00,Brv - Bk 1904 afv,,QRIS,Selesai,ALEXA,205000,,
d1550b02,04/07/2026,09.37.00, - ,,CASH,Selesai,ALEXA,15000,,
6332a727,04/07/2026,09.51.00,Innova - Bk 1269 aft,,CASH,Selesai,ALEXA,60000,,
795d6d67,04/07/2026,09.59.00,Civic - Bk 1922 ar,,QRIS,Selesai,ALEXA,55000,,
9703feee,04/07/2026,10.12.00,Hrv - Bk 1273 afq,,QRIS,Selesai,ALEXA,155000,,
a08728ee,04/07/2026,10.42.00,Xl-7 - Bk 1684 afv,,CASH,Selesai,ALEXA,55000,,
6ab46c2a,04/07/2026,11.02.00,Avanza - Bk 1589 rab,,QRIS,Selesai,ALEXA,85000,,
0f8de1ef,04/07/2026,12.40.00,Xpander - Bk 1931 mw,,QRIS,Selesai,ALEXA,55000,,
22710978,04/07/2026,12.49.00,Rush - Bk 1657  kx,,CASH,Selesai,ALEXA,55000,,
917a8088,04/07/2026,12.50.00,Pajero - Bk 1250  qz,,CASH,Selesai,ALEXA,60000,,
254eff7a,04/07/2026,13.02.00,Terios - Bk 1622 oo,,CASH,Selesai,ALEXA,55000,,
f08a1f57,04/07/2026,13.42.00,Xenia - Bk 1931 hu,,CASH,Selesai,ALEXA,55000,,
96b2b3dc,04/07/2026,14.17.00,Hiace - Bk 7717 hrp,,CASH,Selesai,ALEXA,95000,,
c84961cf,04/07/2026,14.18.00,Brio - Bk 1585 jc,,CASH,Selesai,ALEXA,67000,,
1ecc3317,04/07/2026,14.20.00,Avanza - Bk 1619 afh,,CASH,Selesai,ALEXA,55000,,
45d4551a,04/07/2026,14.20.00,Sigra - Bk 1647 hk,,CASH,Selesai,ALEXA,70000,,
c7bb1be5,04/07/2026,14.41.00,Raize - Bk 1872 maj,,QRIS,Selesai,ALEXA,55000,,
144ad0fa,04/07/2026,14.51.00,Granmax - B 9663 pcr,,CASH,Selesai,ALEXA,45000,,
86a5dc15,04/07/2026,15.01.00,Innova - Bk 1612 agg,,CASH,Selesai,ALEXA,60000,,
fa29b411,04/07/2026,15.21.00,Hrv - Bk 1132 jz,,CASH,Selesai,ALEXA,140000,,
b1f0ca12,04/07/2026,16.12.00,Cheverolet - BK 1021 GR,,QRIS,Selesai,SYAFA,60000,,
77ab13c0,04/07/2026,16.13.00,Avanza - BK 1287 ADA,,CASH,Selesai,SYAFA,55000,,
4d735a51,04/07/2026,16.14.00,Sigra - BK 1848 HT,,QRIS,Selesai,SYAFA,60000,,
67516ee9,04/07/2026,16.30.00, - ,,CASH,Selesai,SYAFA,15000,,
9f2f67b0,04/07/2026,16.40.00,Byd - BK 481 RIN,,CASH,Selesai,SYAFA,55000,,
966e70ad,04/07/2026,16.53.00,Xenia - BK 1974 LAO,,CASH,Selesai,SYAFA,78000,,
d2f11739,04/07/2026,21.56.00,HR-V - BK 1998 HRR,,CASH,Selesai,SYAFA,55000,,
33301a82,04/07/2026,21.57.00, - ,,CASH,Selesai,SYAFA,5000,,
de6e3b3d,05/07/2026,10.04.00,Sigra - BB 1344 zb,,QRIS,Selesai,ALEXA,55000,,
cfe13712,05/07/2026,10.06.00,Xpander - Bk 1020 mx,,CASH,Selesai,ALEXA,55000,,
5cc14bec,05/07/2026,10.07.00,Innova - Bk 1630 acd,,CASH,Selesai,ALEXA,60000,TRUE,
5e8835d2,05/07/2026,10.07.00,Fortuner - Bk 1599 adu,,CASH,Selesai,ALEXA,60000,,
df76f469,05/07/2026,10.08.00,Innova - Bk 1883 acy,Jatah sudah di ambil,CASH,Selesai,ALEXA,180000,,
93063964,05/07/2026,10.08.00,Calya - Bk 1012 adv,,CASH,Selesai,ALEXA,55000,,
39b45329,05/07/2026,10.09.00,Innova - Bk 1658 uz,,CASH,Selesai,ALEXA,160000,,
d5baa9a9,05/07/2026,11.37.00,Brv - Bk 1476 nv,,CASH,Selesai,ALEXA,67000,,
7d58118e,05/07/2026,11.46.00,Innova - Bk 1980 vqa,,CASH,Selesai,ALEXA,60000,,
1fb7cef5,05/07/2026,12.49.00,Camry - Bk 1303 mag,,CASH,Selesai,ALEXA,67000,,
cbb0aa9d,05/07/2026,14.15.00,Altis - Bk 1325 xi,,CASH,Selesai,ALEXA,40000,,
939203c4,05/07/2026,14.19.00,Wuling - Bk 1827 acc,,CASH,Selesai,ALEXA,155000,,
89c67898,05/07/2026,14.27.00,Pajero - B 2715 sjk,,CASH,Selesai,ALEXA,60000,,
735a1188,05/07/2026,15.09.00,Fortuner - BK 1112 ARS,,CASH,Selesai,SYAFA,75000,,
eb9652b1,05/07/2026,15.10.00, - ,,CASH,Selesai,SYAFA,15000,,
6642096e,05/07/2026,15.28.00,Innova - BK 1305 UUT,,CASH,Selesai,SYAFA,75000,,
deeb8204,05/07/2026,15.28.00,Innova - BK 1552 XE,,QRIS,Selesai,SYAFA,60000,,
be2d5789,05/07/2026,15.32.00,Kijang - BK 1140 XO,,CASH,Selesai,SYAFA,55000,,
9608c89a,05/07/2026,16.09.00,Innova - BK 1226 AAM,,CASH,Selesai,SYAFA,60000,,
b7a28de1,05/07/2026,16.09.00,Ayla - BK 1204 SAA,,CASH,Selesai,SYAFA,50000,,
e1b56f63,05/07/2026,16.10.00,Xenia - BK 1925 EE,,CASH,Selesai,SYAFA,55000,,
09bcb7fb,05/07/2026,16.11.00,Rush - BK 1182 IZ,,CASH,Selesai,SYAFA,60000,,
cc256a9a,05/07/2026,16.12.00,Innova - BK 1691 AGC,,CASH,Selesai,SYAFA,60000,,
56413cfb,05/07/2026,16.29.00,Brio - BK 2504 KML,,QRIS,Selesai,SYAFA,50000,,
a41ce9df,05/07/2026,16.39.00,ERTIGA - BK 1475 ABP,,CASH,Selesai,SYAFA,55000,,
5360786d,05/07/2026,16.55.00,XL-7 - BK 1407 ACJ,,CASH,Selesai,SYAFA,55000,,
2c1d4dbc,05/07/2026,17.15.00,Xpander - BK 1720 NAY,,QRIS,Selesai,SYAFA,110000,,
eebc5dea,05/07/2026,17.45.00,Vios - BK 1956 AAP,,CASH,Selesai,SYAFA,72000,,
bd63460e,05/07/2026,17.46.00,Lexus - BK 898 BOS,,CASH,Selesai,SYAFA,67000,,
21b9671e,05/07/2026,18.01.00,Sigra - BK 1335 AFH,,CASH,Selesai,SYAFA,55000,,
12ded6f6,05/07/2026,18.29.00,Jazz - BK 1261 IT,,QRIS,Selesai,SYAFA,90000,,
b7440871,06/07/2026,09.21.00,Avanza - BK 1312 AFD,,CASH,Selesai,SYAFA,55000,,
2e616f2a,06/07/2026,09.22.00,Xenia - B 1891 KGY,,QRIS,Selesai,SYAFA,68000,,
7aea2974,06/07/2026,09.22.00,Calya - BK 1848 BF,,CASH,Selesai,SYAFA,55000,,
90093267,06/07/2026,09.23.00,Pick up - BK 8457 SO,,CASH,Selesai,SYAFA,60000,,
faf2d5bc,06/07/2026,09.23.00,Xenia - BK 1976 UT,,CASH,Selesai,SYAFA,55000,,
25aa1e13,06/07/2026,09.24.00,Rush - BK 1706 AGU,,CASH,Selesai,SYAFA,55000,,
18d8ed54,06/07/2026,09.27.00,Veloz - BK 1140 ACX,,CASH,Selesai,SYAFA,55000,,
3dc13eb6,06/07/2026,09.28.00,Avanzq - BK 1782 UQ,,QRIS,Selesai,SYAFA,70000,,
14d4dfb2,06/07/2026,09.40.00,Pajero - BK 1305 FKA,,CASH,Selesai,SYAFA,60000,,
8b16a554,06/07/2026,09.57.00,AVANZA - BK 1773 UQ,,,Pending,SYAFA,55000,,
19f8aa42,06/07/2026,09.57.00,PAJERO - BK 1281 QR,,CASH,Selesai,SYAFA,60000,,
bad14c35,06/07/2026,09.58.00,KARIMUN - BK 1715 MX,,QRIS,Selesai,SYAFA,50000,,
de3bd8ef,06/07/2026,09.59.00,Triton - B 9316 BBC,,CASH,Selesai,SYAFA,60000,,
1992c4d5,06/07/2026,10.00.00,Xpander - B 1408 YG,,QRIS,Selesai,SYAFA,55000,,
10d4f581,06/07/2026,11.09.00,Innova - BK 1134 ABM,,CASH,Selesai,SYAFA,60000,,
6c7c6758,06/07/2026,11.11.00,Brio - BK 1210 EM,,CASH,Selesai,SYAFA,58000,,
239a3033,06/07/2026,11.53.00,Sigra - Bk 1950 aeq,,CASH,Selesai,SYAFA,70000,,
b28db1a5,06/07/2026,11.54.00,Ayla - Bk 1796 if,,CASH,Selesai,SYAFA,55000,,
5a5ecfa7,06/07/2026,13.02.00,Avanza - BK 1698 UR,,QRIS,Selesai,SYAFA,65000,,
6db6ed68,06/07/2026,13.02.00,Mazda2 - BK 1386 ZC,,CASH,Selesai,SYAFA,50000,,
0c836e64,06/07/2026,13.03.00,Pajero - BK 1508 LAD,,QRIS,Selesai,SYAFA,60000,,
8ec4e898,06/07/2026,13.18.00,Sigra - Bk 1859 aeh,,CASH,Selesai,SYAFA,65000,,
03ba2b0c,06/07/2026,13.52.00,Rush - BK 1979 YAP,,CASH,Selesai,SYAFA,225000,,
d749e448,06/07/2026,13.53.00,Avanza - BK 1465 AEI,,QRIS,Selesai,SYAFA,55000,,
18eb0b1e,06/07/2026,13.55.00,Br-v - BK 1964 ABU,,QRIS,Selesai,SYAFA,70000,,
48638b7e,06/07/2026,14.19.00, - ,,CASH,Selesai,SYAFA,0,,
58e824ad,06/07/2026,14.30.00,Hillux - BK 8234 EG,,CASH,Selesai,SYAFA,87000,,
6362db1b,06/07/2026,14.59.00,Innova - Bk 1511 agl,,CASH,Selesai,SYAFA,75000,,
304427f6,06/07/2026,15.00.00,City - Bk 1584 io,,CASH,Selesai,SYAFA,60000,,
94f5b6d5,06/07/2026,15.00.00,Avanza - Bk 1402 iz,,CASH,Selesai,SYAFA,55000,,
12a5579f,06/07/2026,15.11.00,WR-V - Bk 1127 afh,,CASH,Selesai,SYAFA,70000,,
653c0c04,06/07/2026,15.36.00,Brio - BK 1082 AGJ,,CASH,Selesai,SYAFA,35000,,
45aed6b1,06/07/2026,16.39.00,Fortuner - Bk 1788 mba,,QRIS,Selesai,ALEXA,80000,,
893535ee,06/07/2026,16.45.00,Sigra - Bk 1235 aek,,QRIS,Selesai,ALEXA,55000,,
f4e80ed5,06/07/2026,16.46.00,Calya - Bk 1347 aar,,QRIS,Selesai,ALEXA,55000,,
e914198f,06/07/2026,17.29.00,Xenia - Bk 1728 aga,,CASH,Selesai,ALEXA,55000,,
fdafcb28,06/07/2026,17.25.00,Ayla - Bk 1253 lao,,QRIS,Selesai,ALEXA,65000,,
272c17fa,06/07/2026,17.25.00,Xl-7 - Bk 1482 agu,,QRIS,Selesai,ALEXA,55000,,
9ada149c,06/07/2026,17.25.00,Innova - Bk 1408 hrj,,CASH,Selesai,ALEXA,60000,,
ce8e86e1,06/07/2026,17.25.00,Xenia - Bk 1203 jn,,QRIS,Selesai,ALEXA,75000,,
2defa68b,06/07/2026,17.25.00,Innova - Bk 1038 bp,,CASH,Selesai,ALEXA,60000,,
8cfce350,06/07/2026,17.25.00,Innova - Bk 1825 agm,,QRIS,Selesai,ALEXA,60000,,
da9f4b7d,06/07/2026,17.24.00,Xenia - Bk 1558 nt,,QRIS,Selesai,ALEXA,40000,,
4fee9d4f,06/07/2026,17.23.00,Innova - Bk 1799 tf,,,Pending,ALEXA,60000,,
1f242dc5,06/07/2026,17.25.00,Rush - Bk 1970 px,,CASH,Selesai,ALEXA,55000,,
4494447d,07/07/2026,08.49.00,Sportage - BK. 1874 EW,,CASH,Selesai,SYAFA,55000,,
01a607ec,07/07/2026,08.50.00,Kijang - BK 1353 CA,,CASH,Selesai,SYAFA,55000,,
679d0c90,07/07/2026,09.25.00,Xenia - B 2485 UYZ,,CASH,Selesai,SYAFA,55000,,
4384565f,07/07/2026,10.03.00,Rush - BK 1442 RX,,CASH,Selesai,SYAFA,55000,,
c3e770ab,07/07/2026,10.26.00,Rush - Bk 1145 vk,,CASH,Selesai,SYAFA,65000,,
c6b700ce,07/07/2026,10.42.00,Xenia - Bk 1260 adm,,CASH,Selesai,SYAFA,55000,TRUE,
b17c550d,07/07/2026,11.04.00,Confero - BK 1481 ACM,,QRIS,Selesai,SYAFA,205000,,
cf6f9957,07/07/2026,12.31.00, - ,,CASH,Selesai,SYAFA,12000,,
377bd891,07/07/2026,13.09.00,Fortuner - BK 1050 ABL,,CASH,Selesai,SYAFA,60000,,
925b497f,07/07/2026,13.42.00,Avanza - BK 1382 QS,,CASH,Selesai,SYAFA,55000,,
f4eb1d9a,07/07/2026,14.35.00,BR-V - BL 1764 FF,,CASH,Selesai,SYAFA,75000,,
080da971,07/07/2026,14.52.00,Avanza - BK 1536 ACE,,CASH,Selesai,SYAFA,55000,,
0a0fc597,07/07/2026,14.53.00, - ,,,Pending,SYAFA,24000,,
d16c89b7,07/07/2026,15.21.00,Terios - Bk 1875 afl,,CASH,Selesai,SYAFA,40000,,
fac1fa26,07/07/2026,16.09.00,Agya - Bk 1941 hp,,QRIS,Selesai,ALEXA,93000,,
963f5811,07/07/2026,16.10.00,Fortuner - Bk 1313,,CASH,Selesai,ALEXA,60000,,
d721f32a,07/07/2026,16.40.00,Pajero - Bk 1048 adm,,CASH,Selesai,ALEXA,75000,,
6c36ad3d,07/07/2026,16.54.00,Veloz - Bk 1974 fz,,CASH,Selesai,ALEXA,70000,,
bea0cd16,07/07/2026,17.23.00,Xenia - Ba 1668 bd,,CASH,Selesai,ALEXA,55000,,
facbfda4,07/07/2026,17.23.00,Pajero - Bk 1876 vab,,CASH,Selesai,ALEXA,60000,,
fbbbf36e,07/07/2026,17.54.00, - ,,QRIS,Selesai,ALEXA,10000,,
e754b2df,08/07/2026,08.45.00,Innova - Bk 1131 ars,,CASH,Selesai,ALEXA,60000,,
44246166,08/07/2026,08.47.00,Avanza - Bk 1049 aem,,CASH,Selesai,ALEXA,55000,,
84121b7a,08/07/2026,08.47.00,Rush - Bk 1952 aah,,CASH,Selesai,ALEXA,55000,,
c93f9e12,08/07/2026,08.56.00, - ,,CASH,Selesai,ALEXA,10000,,
02bc918a,08/07/2026,09.07.00,Prado - Bk 1968 yd,,CASH,Selesai,ALEXA,60000,,
f1abf2a2,08/07/2026,09.58.00,Innova - Bk 1867 zk,,CASH,Selesai,ALEXA,60000,,
98a47395,08/07/2026,10.40.00,Innova - Bk 1830 yan,,CASH,Selesai,ALEXA,160000,,
55294c72,08/07/2026,10.58.00,Yaris - Bd 1097 ap,,CASH,Selesai,ALEXA,50000,TRUE,
6a2d2b4b,08/07/2026,12.40.00,Picanto - Bk 1903 qd,,CASH,Selesai,ALEXA,50000,,
c6e798fd,08/07/2026,12.41.00,Innova - D 1000 vio,,CASH,Selesai,ALEXA,60000,,
9688f98b,08/07/2026,12.41.00,Scross - Bk 1112 aae,,QRIS,Selesai,ALEXA,55000,,
373bbda3,08/07/2026,13.20.00,Avanza - F 1124 ry,,QRIS,Selesai,ALEXA,55000,,
a2966894,08/07/2026,14.16.00,Fortuner - Bk 1559 di,,CASH,Selesai,ALEXA,60000,,
ef25ecdc,08/07/2026,14.26.00,Xpander - Bk 1608 aay,,CASH,Selesai,ALEXA,55000,,
d3ac6a25,08/07/2026,14.51.00,Pajero - Bk 1438 adg,,QRIS,Selesai,ALEXA,75000,,
219a978d,08/07/2026,14.58.00,Innova - Bk 1703 aei,,CASH,Selesai,ALEXA,60000,,
730824dc,08/07/2026,15.36.00,Innova - Bk 1948 zg,,CASH,Selesai,ALEXA,60000,,
b925639b,08/07/2026,16.14.00,Terios - Bk 1080 adh,,CASH,Selesai,ALEXA,65000,,
e4683c86,08/07/2026,16.24.00,Xenia - Bk 1475 ql,,CASH,Selesai,ALEXA,55000,,
d40d31b7,08/07/2026,16.43.00,Innova - Bk 1722 tb,,CASH,Selesai,ALEXA,60000,,
51b9ab17,08/07/2026,16.53.00,Xforce - Bk 1167 afm,,QRIS,Selesai,ALEXA,125000,,
7c6608f7,08/07/2026,17.25.00,Rush - Bk 1046 zp,,CASH,Selesai,ALEXA,55000,,
1e6de229,09/07/2026,08.40.00,Fortuner - B 2027 FBK,,CASH,Selesai,SYAFA,60000,,
e54d6d73,09/07/2026,08.40.00,Haice - BK 7406 DQ,,CASH,Selesai,SYAFA,90000,,
23a194d7,09/07/2026,08.54.00,Agya - BK 1066 AFT,,QRIS,Selesai,SYAFA,50000,,
e1158f2a,09/07/2026,09.46.00,Ayla - BK 1558 KX,,CASH,Selesai,SYAFA,55000,,
f305982f,09/07/2026,09.51.00,Calya - BK 1396 ADM,,CASH,Selesai,SYAFA,55000,,
c6355832,09/07/2026,10.12.00,Innova - BK 1583 L,,CASH,Selesai,SYAFA,73000,,
c4b75503,09/07/2026,10.34.00, - ,,CASH,Selesai,SYAFA,30000,,
e3f8ed1f,09/07/2026,10.58.00,Xpander - BK 1226 FK,Jatah sudah diambil,CASH,Selesai,SYAFA,155000,,
ac9d3370,09/07/2026,11.46.00,Yaris - BK 1615 ACK,,CASH,Selesai,SYAFA,50000,,
9385f176,09/07/2026,12.17.00,Innova - BK 1638 NK,,,Pending,SYAFA,45000,,
b88c13d3,09/07/2026,12.38.00,Brio - BK 1768 AAC,,CASH,Selesai,SYAFA,50000,,
68dd76f8,09/07/2026,14.30.00,Raize - BB 1097 RE,,CASH,Selesai,SYAFA,55000,,
f320f87d,09/07/2026,16.18.00,Pajero - BK 1503 ADN,,QRIS,Selesai,SYAFA,60000,,
4d43f06f,09/07/2026,16.18.00,Innova - B 1075 pij,,CASH,Selesai,SYAFA,60000,,
fe9598a2,09/07/2026,17.49.00,BR-V - BK 1891 AFF,,CASH,Selesai,SYAFA,55000,,
0b7bd520,09/07/2026,17.50.00,AVANZA - BK 1679 AAP,,CASH,Selesai,SYAFA,55000,,
ea40585a,09/07/2026,17.57.00,GO PANCA - BK 1022 OO,,CASH,Selesai,SYAFA,50000,,
6218ce9b,10/07/2026,08.58.00,Ranger - BK 8736 XD,,CASH,Selesai,SYAFA,60000,,
73a57938,10/07/2026,08.59.00,Innova - BM 1174 QP,,CASH,Selesai,SYAFA,60000,,
2018f46d,10/07/2026,09.00.00,Mobilio - B 1399 JUK,,QRIS,Selesai,SYAFA,55000,,
cbd31ee6,10/07/2026,09.11.00,Xenia - BK 1379 AAR,,CASH,Selesai,SYAFA,55000,,
26497487,10/07/2026,09.12.00,Sigra - BK 1335 JUK,,QRIS,Selesai,SYAFA,55000,,
176b866f,10/07/2026,09.27.00,Innova - BH 1741 WI,,CASH,Selesai,SYAFA,70000,,
65626579,10/07/2026,09.32.00,RAIZE - F 1657 XY,,CASH,Selesai,SYAFA,55000,,
414d2c92,10/07/2026,09.33.00,Pajero - BK 1766 MX,,CASH,Selesai,SYAFA,65000,,
7321d599,10/07/2026,09.34.00,BR-V - BK 1646 MAB,,QRIS,Selesai,SYAFA,55000,,
5457eea4,10/07/2026,10.19.00,Pickup - Bk 8048 tw,,CASH,Selesai,SYAFA,60000,,
2a2bc396,10/07/2026,10.22.00, - ,,CASH,Selesai,SYAFA,15000,,
4bdd0cab,10/07/2026,10.41.00,X-L7 - BK 1146 LAP,,QRIS,Selesai,SYAFA,110000,,
808dda4e,10/07/2026,11.15.00,Freed - BK 1198 AM,,QRIS,Selesai,SYAFA,110000,,
b0ef1445,10/07/2026,11.25.00,Fortuner - Bk 1688 cui,,QRIS,Selesai,SYAFA,60000,,
f1e1e63e,10/07/2026,11.26.00,Innova - Bm 1953 jb,,CASH,Selesai,SYAFA,70000,,
6012fc85,10/07/2026,11.52.00,Brio - BK 1350 AEG,,CASH,Selesai,SYAFA,55000,,
18886468,10/07/2026,13.29.00,Xenia - Bk 1054 lg,,QRIS,Selesai,SYAFA,77000,,
2d3f89f6,10/07/2026,14.49.00,Box carry - BK 8386 FR,,CASH,Selesai,SYAFA,60000,,
97295d3e,10/07/2026,16.36.00,Fortuner - Bk 1305 ng,,CASH,Selesai,ALEXA,72000,,
8e6ede99,10/07/2026,17.11.00,Calya - Bk 1229 abf,,CASH,Selesai,ALEXA,55000,,
fe8e122e,10/07/2026,17.26.00,Avanza - Bk 1620 adv,,QRIS,Selesai,ALEXA,55000,,
3530c5ff,10/07/2026,17.25.00,Brio - Bk 1176 agc,,CASH,Selesai,ALEXA,50000,,
5eabb6f5,11/07/2026,08.21.00,Go Panca - D 1622 AFS,,QRIS,Selesai,SYAFA,50000,,
38444a8c,11/07/2026,08.22.00,Ayla - BK 1648 AGU,,QRIS,Selesai,SYAFA,50000,,
adfda3be,11/07/2026,08.23.00,Innova - BK 1723 AFC,,QRIS,Selesai,SYAFA,60000,,
2dbfd8f9,11/07/2026,08.23.00,Xpander - BK 1325 AEA,,CASH,Selesai,SYAFA,55000,,
e3fecd34,11/07/2026,08.24.00,Fortuner - BK 1255 AFH,,CASH,Selesai,SYAFA,60000,,
cef39beb,11/07/2026,08.25.00,Mobilio - BK 1129 UQ,,CASH,Selesai,SYAFA,65000,,
5df3ef0b,11/07/2026,08.51.00,Ertiga - BK 1016 ABD,,CASH,Selesai,SYAFA,55000,,
25a39685,11/07/2026,09.02.00,Xpander - BK 1642 UT,,CASH,Selesai,SYAFA,55000,,
1dc0dc2c,11/07/2026,09.03.00,Pajero - BK 1305 FKA,,CASH,Selesai,SYAFA,60000,,
89d71a6e,11/07/2026,09.30.00,Calya - BK 1240 HZ,,QRIS,Selesai,SYAFA,55000,,
9e8f713a,11/07/2026,09.31.00,Terios - BK 1413 AZ,,QRIS,Selesai,SYAFA,60000,,
0bbe0db8,11/07/2026,09.46.00,Avanza - BK 1487 QY,,CASH,Selesai,SYAFA,55000,,
43c8babd,11/07/2026,10.06.00,Alphard - BK 168 HRD,,CASH,Selesai,SYAFA,60000,,
5d83a654,11/07/2026,10.25.00,HR-V - BK 1165 AES,,CASH,Selesai,SYAFA,55000,,
192ff5f4,11/07/2026,10.36.00,Rush - B 2765 lrx,,QRIS,Selesai,SYAFA,110000,,
0e224c3c,11/07/2026,10.48.00,Ertiga - BK 1649 WAH,,QRIS,Selesai,SYAFA,110000,,
12d99556,11/07/2026,11.18.00,Innova - Bk 13055 uut,,CASH,Selesai,SYAFA,75000,,
e9747afd,11/07/2026,11.18.00,Pajero - Bk 15833os,,QRIS,Selesai,SYAFA,70000,,
be3488b5,11/07/2026,11.22.00,Brio - Bk 1728 acl,,CASH,Selesai,SYAFA,65000,,
481719f9,11/07/2026,11.24.00,Sigra - BK 1950 AEQ,,CASH,Selesai,SYAFA,70000,,
690fa7b2,11/07/2026,11.26.00,Rush - BK 1384 AL,,CASH,Selesai,SYAFA,70000,,
967680d5,11/07/2026,11.28.00,BK 1881 ACE - Xpander,,CASH,Selesai,SYAFA,55000,,
5f4e162b,11/07/2026,11.56.00,Sigra - Bk 1846 aek,,CASH,Selesai,SYAFA,55000,,
580381c8,11/07/2026,11.57.00,Raize - Bk 1525 lap,,QRIS,Selesai,SYAFA,55000,,
ec3a3f89,11/07/2026,11.58.00,Calya - Bk 1149 dc,,QRIS,Selesai,SYAFA,55000,,
52391504,11/07/2026,12.57.00,Ayla - BK 1172 AEE,,QRIS,Selesai,SYAFA,73000,,
62383094,11/07/2026,13.41.00,Innova - BK 1902 ADG,,CASH,Selesai,SYAFA,72000,,
67aa3494,11/07/2026,13.48.00,Brio - BK 1739 YD,,CASH,Selesai,SYAFA,50000,,
99ccc311,11/07/2026,13.51.00,Rush - BK 1377 ABZ,,CASH,Selesai,SYAFA,55000,,
50d7d8b7,11/07/2026,15.58.00,Brio - BK 1392 ABL,,QRIS,Selesai,SYAFA,65000,,
0bb44504,11/07/2026,16.18.00,Avanza - Bk 1469 aad,,CASH,Selesai,ALEXA,55000,,
6ed072a7,11/07/2026,16.29.00,Innova - Bk 1791 wk,,QRIS,Selesai,ALEXA,60000,,
fe2eabd6,11/07/2026,16.35.00,Crv - Bk 1277 uf,,QRIS,Selesai,ALEXA,110000,,
9d866721,11/07/2026,16.44.00,Avanza - Bk 1645 ja,,CASH,Selesai,ALEXA,55000,,
919893a8,11/07/2026,17.26.00,Avanza - Bk 1505 au,,CASH,Selesai,ALEXA,67000,,
26a9ba59,11/07/2026,17.27.00,Pajero - Bk 481 trg,,QRIS,Selesai,ALEXA,72000,,
1b5dd5fe,11/07/2026,17.43.00, - ,,QRIS,Selesai,ALEXA,10000,,
f9308592,11/07/2026,17.25.00,Kuda - Bk 1748 gw,,CASH,Selesai,ALEXA,55000,,
15bce3e7,12/07/2026,08.41.00,Calya - BK 1690 AFD,,CASH,Selesai,SYAFA,55000,,
30212dfa,12/07/2026,08.43.00,Fortuner - BK 1336 AK,,CASH,Selesai,SYAFA,120000,,
1ab86f82,12/07/2026,08.45.00,Geely - BK 1828 GIN,,QRIS,Selesai,SYAFA,55000,,
aede74f4,12/07/2026,08.46.00,Civic - BK 1009 DS,,CASH,Selesai,SYAFA,55000,,
7f205a93,12/07/2026,08.46.00,Hillux - BK 8166 GW,,CASH,Selesai,SYAFA,60000,,
ba445dd7,12/07/2026,08.47.00,JAZZ - BK 1300 JE,,CASH,Selesai,SYAFA,55000,,
beb432da,12/07/2026,08.47.00,Mobilio - BK 1607 IU,,QRIS,Selesai,SYAFA,55000,,
cd0c6d85,12/07/2026,08.50.00,Almaz - BK 1615 ABX,,QRIS,Selesai,SYAFA,155000,,
ea2687b9,12/07/2026,09.12.00,March - BK 1468 ZR,,QRIS,Selesai,SYAFA,50000,,
0f98827f,12/07/2026,09.14.00,Avanza - BK 1912 XX,,CASH,Selesai,SYAFA,55000,,
9d2da56b,12/07/2026,09.32.00,Kijang - BK 1781 DI,,CASH,Selesai,SYAFA,55000,,
4a2a2473,12/07/2026,09.43.00,Innova - BK 1665 HZ,,CASH,Selesai,SYAFA,60000,,
2ad05bb1,12/07/2026,09.43.00,Yaris - BK 1474 IA,,CASH,Selesai,SYAFA,55000,,
347de032,12/07/2026,09.52.00,CR-V - BK 1271 ACK,,CASH,Selesai,SYAFA,55000,,
fcb2e774,12/07/2026,10.00.00,Avanza - BK 1849 AET,,QRIS,Selesai,SYAFA,55000,,
2325f6c2,12/07/2026,10.11.00,Brio - BK 1785 ACC,,QRIS,Selesai,SYAFA,50000,,
7ca2debb,12/07/2026,10.11.00,Pajero - BK 1297 FS,,CASH,Selesai,SYAFA,60000,,
62223e0e,12/07/2026,10.21.00,Xenia - Bk 1357 iw,,QRIS,Selesai,SYAFA,55000,,
ccf92e5d,12/07/2026,10.21.00,Altis - Bk 1267 laa,,QRIS,Selesai,SYAFA,55000,,
a4c52d65,12/07/2026,10.34.00,Brio - BK 1285 AAZ,,QRIS,Selesai,SYAFA,50000,,
d9a5f1e0,12/07/2026,10.34.00,Sigra - BK 1380 AFN,,CASH,Selesai,SYAFA,55000,,
82bce123,12/07/2026,11.02.00,Altis - BK 1617 ABI,,QRIS,Selesai,SYAFA,55000,,
17e714a7,12/07/2026,11.10.00,Brio - BK 1791 VY,,CASH,Selesai,SYAFA,50000,,
b7b69047,12/07/2026,11.15.00,RUSH - BK 1960 ACS,,QRIS,Selesai,SYAFA,88000,,
bb037598,12/07/2026,11.41.00,BRIO - BK 1806 AGW,,CASH,Selesai,SYAFA,50000,,
889c3baf,12/07/2026,12.05.00,Avanza - BK 1535 UR,,QRIS,Selesai,SYAFA,155000,,
d608a446,12/07/2026,12.35.00,Swift - BK 1822 KC,,CASH,Selesai,SYAFA,65000,,
3a46aa8e,12/07/2026,13.44.00,Agya - Bkm1747 aeh,,CASH,Selesai,SYAFA,65000,,
8352b0b8,12/07/2026,13.45.00,Karimun - Bk 1909 qx,,CASH,Selesai,SYAFA,50000,,
2b308ac2,12/07/2026,14.05.00,Ignis - BK 1654 ACG,,CASH,Selesai,SYAFA,50000,,
4ac59192,12/07/2026,14.21.00,City - BK 1074 ACN,,QRIS,Selesai,SYAFA,55000,,
eecd5513,12/07/2026,14.22.00,Cvt - BK 1157 LAG,,CASH,Selesai,SYAFA,55000,,
ba942d3b,12/07/2026,14.41.00,Avanza - BK 1306 IB,,CASH,Selesai,SYAFA,70000,,
382aa82b,12/07/2026,15.28.00,Innova - Bk 1131 afs,,CASH,Selesai,SYAFA,75000,,
8034de94,12/07/2026,15.28.00,Etios - Bk 1121 ml,,CASH,Selesai,SYAFA,100000,,
af876742,12/07/2026,15.37.00,Innova - Bk 1477 aag,,CASH,Selesai,SYAFA,75000,,
0711c35f,12/07/2026,16.51.00,Terios - Bk 1870 abx,,CASH,Selesai,ALEXA,55000,,
60ed890d,12/07/2026,16.57.00,Avanza - Bk 1332 bh,,CASH,Selesai,ALEXA,55000,,
5ac2a9d9,12/07/2026,17.25.00,Rush - B 1649 wzt,,QRIS,Selesai,ALEXA,115000,,
c2754000,12/07/2026,17.24.00,Fortuner - Bk 1049 au,,CASH,Selesai,ALEXA,72000,,
cc789305,12/07/2026,17.25.00,Innova - Bk 1223 afm,,CASH,Selesai,ALEXA,60000,,
bd345d0a,12/07/2026,17.25.00,Terios - Bk 1403 jm,,CASH,Selesai,ALEXA,55000,,
9c3f5d42,12/07/2026,17.25.00,Mobilio - Bk 1602 un,,CASH,Selesai,ALEXA,70000,,
61498b19,12/07/2026,17.25.00,Ertiga - Bk 1283 ul,,CASH,Selesai,ALEXA,75000,,
0cfd6536,13/07/2026,08.55.00,Raize - Bk 1945 aeg,,CASH,Selesai,ALEXA,55000,,
be7a8891,13/07/2026,08.55.00,Rush - Bk 1450 yaa,,CASH,Selesai,ALEXA,55000,,
50b37564,13/07/2026,08.55.00,Pajero - Bm 1799 vf,,CASH,Selesai,ALEXA,80000,TRUE,
47733ebb,13/07/2026,08.56.00,Brio - Bk 1176 aag,,QRIS,Selesai,ALEXA,50000,,
4d0d6190,13/07/2026,08.56.00,Rush - Bk 1811 uv,,QRIS,Selesai,ALEXA,55000,,
3f9fac2f,13/07/2026,08.57.00,Xl-7 - Bk 1607 aga,,CASH,Selesai,ALEXA,55000,,
cb010a91,13/07/2026,09.13.00,Pajero - Bk 136 xl,,CASH,Selesai,ALEXA,110000,,
4994fe23,13/07/2026,09.41.00,Innova - Bk 1833 abb,,CASH,Selesai,ALEXA,60000,,
62feb29f,13/07/2026,09.53.00,Triton - Bm 8345 rg,,QRIS,Selesai,ALEXA,60000,,
6e93083a,13/07/2026,10.00.00,Avanza - Bk 1970  po,,QRIS,Selesai,ALEXA,55000,,
d385e5c3,13/07/2026,10.41.00,Triton - Bk 8589 fo,,,Pending,ALEXA,60000,,
fcf443af,13/07/2026,11.06.00,Ertiga - Bk 1677 et,,QRIS,Selesai,ALEXA,167000,,
b45271d1,13/07/2026,11.25.00,Ayla - Bk 1773 yr,,CASH,Selesai,ALEXA,65000,,
2fd84df7,13/07/2026,11.44.00,Terios - Bk 1080 adh,,QRIS,Selesai,ALEXA,105000,,
e85020eb,13/07/2026,12.03.00,Brio - Bk 1737 add,,CASH,Selesai,ALEXA,65000,,
339349cf,13/07/2026,12.33.00,Xenia - Bk 1379 aar,,CASH,Selesai,ALEXA,55000,,
571a7c4a,13/07/2026,13.06.00,Everest - Bk 1364 gq,,QRIS,Selesai,ALEXA,106000,,
d2fbffe3,13/07/2026,14.51.00,Pajero - Bk 1669 ado,,CASH,Selesai,ALEXA,60000,,
91d4d624,13/07/2026,14.52.00,Grand livina - Bk 1303 qn,,QRIS,Selesai,ALEXA,55000,,
2fd19606,13/07/2026,15.17.00, - ,,CASH,Selesai,ALEXA,5000,,
663edf29,13/07/2026,15.42.00,Trax - Ba 1781 al,,CASH,Selesai,ALEXA,55000,,
ae7e1326,13/07/2026,16.00.00,Innova - Bk 1612 agg,,CASH,Selesai,SYAFA,60000,,
06d6eb25,13/07/2026,16.17.00,Xpander - BK 1475 ABZ,,QRIS,Selesai,SYAFA,55000,,
8ab303bd,13/07/2026,16.35.00,Pajero - BK 1760 ADD,,CASH,Selesai,SYAFA,60000,,
21b7f10d,13/07/2026,17.40.00,Innova - DA 1654 ZAC,,CASH,Selesai,SYAFA,68000,,
0a40d23f,14/07/2026,08.45.00,Innova - Bk 1162 abz,,CASH,Selesai,ALEXA,120000,,
43d31bed,14/07/2026,08.50.00,Agya - Bk 1640 maa,,QRIS,Selesai,ALEXA,50000,,
1d62c0f4,14/07/2026,09.07.00,Ayla - Bk 1061 aff,,QRIS,Selesai,ALEXA,113000,,
c7bbcdff,14/07/2026,10.24.00,Brio - Kh 1797 gw,,CASH,Selesai,ALEXA,150000,,
daab5b3f,14/07/2026,10.25.00,Veloz - Bk 1366 taa,,CASH,Selesai,ALEXA,55000,,
b6a4159f,14/07/2026,10.32.00, - ,,CASH,Selesai,ALEXA,0,,
5c9fddcd,14/07/2026,10.33.00, - ,,CASH,Selesai,ALEXA,0,,
b5202982,14/07/2026,10.47.00,Pajero - Bk 1875 ic,,CASH,Selesai,ALEXA,60000,,
ff8ee5d8,14/07/2026,11.53.00,ATOZ - Bk 1874 aap,,,Pending,ALEXA,35000,,
e4a61c64,14/07/2026,13.31.00,Pajero - BK 1294 RX,,QRIS,Selesai,SYAFA,132000,,
2f5a76f2,14/07/2026,13.51.00,Innova - Bk 1433 aae,,QRIS,Selesai,ALEXA,60000,,
bbd12391,14/07/2026,14.08.00,Hilux - Bk 8619 af,,QRIS,Selesai,ALEXA,70000,,
f8adc735,14/07/2026,14.18.00,Innova - Bk 1732 xo,,CASH,Selesai,ALEXA,45000,,
b6bd8242,14/07/2026,14.29.00,Yaris - Bk 1385 rk,,CASH,Selesai,ALEXA,40000,,
da468a5d,14/07/2026,14.33.00,Altis - Bk 1325 xi,,CASH,Selesai,ALEXA,40000,,
205cfae7,14/07/2026,15.33.00,Pajero - Bk 1349 afe,,CASH,Selesai,ALEXA,65000,,
4261f42d,14/07/2026,16.14.00,Avanza - BK 1036 TX,,CASH,Selesai,SYAFA,55000,,
da3a8341,14/07/2026,16.46.00,Rush - BL 1552 RAD,,CASH,Selesai,SYAFA,55000,,
1b587655,14/07/2026,16.46.00, - ,,CASH,Selesai,SYAFA,50000,,
f772d807,15/07/2026,09.09.00,Innova - Bh 1741 wi,,QRIS,Selesai,ALEXA,133000,,
2cbde94c,15/07/2026,09.10.00,Freed - Bk 1730 ir,,CASH,Selesai,ALEXA,55000,,
593b4c89,15/07/2026,09.10.00,Sigra - BB 1481 dg,,CASH,Selesai,ALEXA,73000,,
1a655ec9,15/07/2026,11.13.00,Rush - Bk  1521 aff,,CASH,Selesai,ALEXA,55000,,
959a2a6f,15/07/2026,11.23.00,Innova - Bk 1362 mah,,CASH,Selesai,ALEXA,60000,,
81b9258f,15/07/2026,11.34.00,Freed - Bk 1845 vj,,QRIS,Selesai,ALEXA,55000,,
a0530b39,15/07/2026,12.04.00,Avanza - Bk 1567 mu,,QRIS,Selesai,ALEXA,90000,,
93caefda,15/07/2026,12.49.00,Jazz - Bm 1560 av,,QRIS,Selesai,ALEXA,55000,,
a3ec5cf3,15/07/2026,12.49.00,Ertiga - Bk 1013 abb,,CASH,Selesai,ALEXA,55000,,
74f0e88b,15/07/2026,12.58.00,Innova - Bk 1215 aca,,QRIS,Selesai,ALEXA,84000,,
60cb0980,15/07/2026,14.19.00,Pajero - Bk 1878 vab,,CASH,Selesai,ALEXA,75000,,
887baa6d,15/07/2026,14.47.00,Brio - Bk 1113 cca,,QRIS,Selesai,ALEXA,50000,,
97d50355,15/07/2026,14.48.00, - ,,CASH,Selesai,ALEXA,12000,,
4d96ce1c,15/07/2026,15.22.00,Cortes - Bk 1926 hr,,QRIS,Selesai,ALEXA,55000,,
c0849666,15/07/2026,17.25.00,Avanza - Bk 1679 oh,,QRIS,Selesai,ALEXA,55000,,
e4efc1e9,16/07/2026,11.52.00,Kijang - Bk 917 h,,QRIS,Selesai,ALEXA,40000,,
ca78c35a,16/07/2026,11.56.00, - ,,,Selesai,ALEXA,0,,
fe65b417,16/07/2026,13.55.00,Crv - Bk 1499 qd,,CASH,Selesai,ALEXA,55000,,
c6d26fdb,16/07/2026,14.04.00,Veloz - Bk 1576 adp,,CASH,Selesai,ALEXA,205000,,
c2735399,16/07/2026,14.32.00,Fortuner - Bk 1688 cui,,QRIS,Selesai,ALEXA,60000,,
a3254ca4,16/07/2026,15.03.00,Xenia - Bk 1962 agr,,CASH,Selesai,ALEXA,55000,,
7cc49eaf,16/07/2026,15.34.00,Sigra - Bk 1302 ace,,CASH,Selesai,ALEXA,55000,,
74dd34b7,16/07/2026,16.23.00,Avanza - BK 1323 FK,,QRIS,Selesai,SYAFA,155000,,
28cd8b86,17/07/2026,09.06.00,Xtrail - Bg 1910 ws,,CASH,Selesai,ALEXA,55000,,
2d071573,17/07/2026,09.06.00,Avanza - Bk 1680 ef,,QRIS,Selesai,ALEXA,60000,,
49f604b4,17/07/2026,09.06.00,Sigra - Bk 1782 gl,,,Pending,ALEXA,55000,,
70e9156f,17/07/2026,09.11.00,Rush - Bk 1816 aem,,QRIS,Selesai,ALEXA,55000,,
49aff05d,17/07/2026,09.45.00,Pajero - Bk 108 mai,,CASH,Selesai,ALEXA,73000,,
0fb881b6,17/07/2026,10.32.00,City - Bk 1131 gh,,CASH,Selesai,ALEXA,55000,,
b9613e4e,17/07/2026,11.28.00,Double cabin - Bk 8371 gm,,CASH,Selesai,ALEXA,60000,,
615cb570,17/07/2026,11.54.00,Avanza - Bk 1640 is,,CASH,Selesai,ALEXA,55000,,
4bc1b50d,17/07/2026,13.04.00,Touring - Bk 1260 qc,,CASH,Selesai,ALEXA,55000,,
82c516a8,17/07/2026,13.54.00,Yaris - Bk 1097 ap,,CASH,Selesai,ALEXA,50000,,
549cd810,17/07/2026,14.05.00,Alphard - Bk 1731 rs,,QRIS,Selesai,ALEXA,75000,,
259db5ad,17/07/2026,14.17.00,Xtrail - Bk 1797 qy,,QRIS,Selesai,ALEXA,67000,,
757ea2fa,17/07/2026,14.43.00,Innova - Bk 1933 kja,,CASH,Selesai,ALEXA,60000,,
cc85ccb9,17/07/2026,15.29.00,Brio - Bk 1253 ry,,CASH,Selesai,ALEXA,50000,,
4cd94496,17/07/2026,17.05.00,Innova - DA  1654 ZAC,,CASH,Selesai,SYAFA,90000,,
4866aa25,17/07/2026,17.24.00,Fortuner - BK 1984 AW,,QRIS,Selesai,SYAFA,68000,,
95d1010c,17/07/2026,17.30.00,Xpander - BK 1931 MW,,CASH,Selesai,SYAFA,60000,,
2c443af0,17/07/2026,19.01.00,BR-V - BK 1485 FY,,QRIS,Selesai,SYAFA,55000,,
546af4d8,18/07/2026,09.26.00,Innova - Bk 1270 cui,,CASH,Selesai,ALEXA,60000,,
784efc58,18/07/2026,09.27.00,Veloz - Bk 1849 agz,,CASH,Selesai,ALEXA,55000,,
282cb348,18/07/2026,09.28.00,Rush - Bk 1765 mab,,QRIS,Selesai,ALEXA,110000,,
342d8de5,18/07/2026,09.29.00,Brv - Bk 1448 aes,,QRIS,Selesai,ALEXA,55000,,
0071a9d9,18/07/2026,10.07.00,Avanza - Bk 1739 dc,,CASH,Selesai,ALEXA,55000,,
cc6fc982,18/07/2026,12.40.00,Hilux - Bk 8712 ya,,CASH,Selesai,ALEXA,72000,,
5fa3a407,18/07/2026,13.33.00,Innova - Bm 1953 jb,,CASH,Selesai,ALEXA,45000,,
6e78fd5d,18/07/2026,14.00.00,Hrv - Bk 1757 us,,QRIS,Selesai,ALEXA,155000,,
1d6a4f64,18/07/2026,14.48.00, - ,Kalibrasi,CASH,Selesai,ALEXA,0,,
1d47e32b,18/07/2026,15.11.00,Innova - Bk 1121 gz,,CASH,Selesai,ALEXA,60000,,
c0b48331,18/07/2026,15.32.00,Calya - Bk 1012 adv,,,Pending,ALEXA,55000,,
0194c506,18/07/2026,15.32.00,Xenia - B 2752 pzm,,CASH,Selesai,ALEXA,55000,,
575328bc,18/07/2026,15.43.00,Hrv - Bk 1530 aeu,,CASH,Selesai,ALEXA,70000,,
303a56b7,18/07/2026,16.28.00,Grand livina - BK 1681 VR,,QRIS,Selesai,SYAFA,55000,,
a777711f,18/07/2026,16.29.00,Byd - BK 1849 AGD,,CASH,Selesai,SYAFA,55000,,
a899c331,18/07/2026,16.29.00,Xpander - BK 1826 AAF,,CASH,Selesai,SYAFA,82000,,
42625453,18/07/2026,16.46.00,Pajero - BK 1011 BCN,,CASH,Selesai,SYAFA,82000,,
28af79fa,18/07/2026,17.06.00,Triton - BK 8988 J,,CASH,Selesai,SYAFA,60000,,
2a0ce199,18/07/2026,17.34.00,Pajero - BK 1876 VAB,,QRIS,Selesai,SYAFA,60000,,
76d0d3dd,19/07/2026,08.21.00,Avanza - BK 1976 AN,,QRIS,Selesai,SYAFA,55000,,
d4df2640,19/07/2026,08.21.00,Pajero - BK 1018 UCI,,CASH,Selesai,SYAFA,60000,,
803ec28a,19/07/2026,08.22.00,Innova - BK 1480 AEX,,QRIS,Selesai,SYAFA,60000,,
4b14a9e3,19/07/2026,08.23.00,Hilux - BK 8166 GW,,CASH,Selesai,SYAFA,60000,,
f5277e11,19/07/2026,08.29.00,Ayla - BK 1509 AEO,,QRIS,Selesai,SYAFA,50000,,
4a649846,19/07/2026,08.50.00,Innova - BK 1326 AFX,,QRIS,Selesai,SYAFA,60000,,
c9fe1b0f,19/07/2026,09.25.00,Xenia - BK 1801 QL,,QRIS,Selesai,SYAFA,55000,,
1376efb4,19/07/2026,09.26.00,Brv - BK 1121 OX,,CASH,Selesai,SYAFA,55000,,
7318fdf3,19/07/2026,09.56.00,Ayla - BK 1996 OP,,QRIS,Selesai,SYAFA,50000,TRUE,
2112d0d7,19/07/2026,10.13.00,Innova - BK 1084 AGU,,QRIS,Selesai,SYAFA,110000,,
c9d8f20d,19/07/2026,10.14.00,Xenia - BK 1927 KF,,CASH,Selesai,SYAFA,55000,,
438ba935,19/07/2026,10.14.00,Kijang - BK 1619 DN,,CASH,Selesai,SYAFA,55000,,
ea33dd51,19/07/2026,10.15.00,Avanza - BK 1426 KQ,,CASH,Selesai,SYAFA,55000,,
d4300402,19/07/2026,10.44.00,Ertiga - BK 1043 EM,,CASH,Selesai,SYAFA,55000,,
6095bc5b,19/07/2026,10.46.00,Innova - BK 1300 ACF,,CASH,Selesai,SYAFA,60000,,
a4c4d247,19/07/2026,10.47.00,Brio - BK 1728 acl,,CASH,Selesai,SYAFA,65000,,
492973aa,19/07/2026,11.34.00,Avanza - BK 1036 TX,,CASH,Selesai,SYAFA,55000,,
d43c8970,19/07/2026,11.34.00,Agya - BK 1930 AFB,,CASH,Selesai,SYAFA,50000,,
3a22e05b,19/07/2026,11.35.00,Livina - BK 1788 ZH,,QRIS,Selesai,SYAFA,55000,,
74640b43,19/07/2026,11.36.00,Innova - BK 124 NIA,,CASH,Selesai,SYAFA,60000,,
28e94b18,19/07/2026,11.36.00,Kijang - BK 1140 XO,,CASH,Selesai,SYAFA,55000,,
47965f03,19/07/2026,11.37.00,Avanza - BK 1465 AEI,,QRIS,Selesai,SYAFA,55000,,
aef04040,19/07/2026,11.41.00,Avanza - BK 1083 AS,,CASH,Selesai,SYAFA,55000,,
913ae86b,19/07/2026,11.41.00,Est - BK 1398 QJ,,CASH,Selesai,SYAFA,50000,,
ba70550f,19/07/2026,11.43.00,Rush - BK 1917 QR,,CASH,Selesai,SYAFA,105000,,
23b4bebe,19/07/2026,12.36.00,Brio - BK 1891 ACF,,CASH,Selesai,SYAFA,50000,,
61ff5cd8,19/07/2026,12.37.00,Harrier - BK 1673 DJ,,CASH,Selesai,SYAFA,155000,,
6a3d236d,19/07/2026,12.38.00,Pajero - BK 1438 ADG,,QRIS,Selesai,SYAFA,60000,,
9f2bf471,19/07/2026,12.38.00,Every - BK 1456 ABU,,QRIS,Selesai,SYAFA,55000,,
da5a561c,19/07/2026,12.39.00,Innova - BK 1852 AEZ,,QRIS,Selesai,SYAFA,60000,,
51e1a461,19/07/2026,12.40.00,Rocky - BK 1780 AF,,QRIS,Selesai,SYAFA,55000,,
beab730b,19/07/2026,12.41.00,BMW - BK 1185 AAF,,CASH,Selesai,SYAFA,55000,,
4ae9f9fe,19/07/2026,12.43.00,Pajero - BK 1482 T,,CASH,Selesai,SYAFA,60000,,
9a7bac8e,19/07/2026,12.44.00,Fortuner - BK 120 1QL,,CASH,Selesai,SYAFA,60000,,
c20413f4,19/07/2026,13.19.00,Rush - BK 1907 ABB,,CASH,Selesai,SYAFA,55000,,
10417939,19/07/2026,13.19.00,Innova - BK 1131 AFS,,CASH,Selesai,SYAFA,75000,,
f7ce7985,19/07/2026,13.20.00,Xenia - BA 1668 BD,,CASH,Selesai,SYAFA,55000,,
0b97270d,19/07/2026,13.20.00,Avanza - BK 1640 XZ,,CASH,Selesai,SYAFA,55000,,
39a56cce,19/07/2026,13.42.00, - ,,CASH,Selesai,SYAFA,5000,,
4f888969,19/07/2026,14.29.00,Yaris - B 1510 BZF,,QRIS,Selesai,SYAFA,205000,,
b228a3ad,19/07/2026,14.30.00,Ayla - BK 1068 II,,QRIS,Selesai,SYAFA,50000,,
69067b7b,19/07/2026,14.31.00, - ,,CASH,Selesai,SYAFA,53000,,
9b33747c,19/07/2026,15.36.00,Veloz - BK 1579 JOE,,QRIS,Selesai,SYAFA,55000,,
a299e364,19/07/2026,15.37.00,Innova - 1116 -37,,QRIS,Selesai,SYAFA,105000,,
c298771d,19/07/2026,15.37.00,Innova - BK 1691 AGC,,CASH,Selesai,SYAFA,60000,,
93eb66a6,19/07/2026,15.38.00,Innova - BK 1109 0,,QRIS,Selesai,SYAFA,60000,,
6c750c41,19/07/2026,15.38.00,Xl-7 - BK 1407 ACJ,,CASH,Selesai,SYAFA,55000,,
79a5ffc5,19/07/2026,15.39.00,Fortuner - BK 1050 ABL,,CASH,Selesai,SYAFA,60000,,
96022587,19/07/2026,15.40.00,Calya - BK 1707 AFV,,CASH,Selesai,SYAFA,65000,,
197d8fe4,19/07/2026,15.43.00,Rocky - BK 1207 AFC,,QRIS,Selesai,SYAFA,60000,,
f7ae1fba,19/07/2026,15.52.00,Rush - BK 1236 TL,,CASH,Selesai,SYAFA,55000,,
e0c320f3,19/07/2026,17.07.00,Altis - B 1609 FAA,,QRIS,Selesai,SYAFA,55000,,
46861143,19/07/2026,17.08.00,Mobilio - BK 1569 IA,,QRIS,Selesai,SYAFA,65000,,
61974d43,19/07/2026,17.10.00,Cr-v - BK 1735 ACB,,QRIS,Selesai,SYAFA,55000,,
41255a21,19/07/2026,17.11.00,Xl-7 - BK 1487 AGU,,QRIS,Selesai,SYAFA,55000,,
e569c5b0,19/07/2026,17.12.00,Avanza - BK 1843 L,,CASH,Selesai,SYAFA,55000,,
a068b9ef,19/07/2026,17.39.00,RUSH - BK 1672 RC,,QRIS,Selesai,SYAFA,55000,,
d920b6eb,19/07/2026,18.23.00,Xpander - BK 1067 ADO,,QRIS,Selesai,SYAFA,101000,,
2cca5e23,20/07/2026,08.28.00,Rush - Bk 1845 aef,,CASH,Selesai,ALEXA,55000,,
c3f66f15,20/07/2026,08.31.00,Fortuner - Bk 1910 dlo,,CASH,Selesai,ALEXA,60000,,
5b4347de,20/07/2026,08.53.00,Avanza - Bk 1744 ov,,CASH,Selesai,ALEXA,55000,TRUE,
a7fd399f,20/07/2026,08.59.00,Pajero - Bk 1297 fs,,CASH,Selesai,ALEXA,60000,,
ac2a0894,20/07/2026,09.06.00,Taruna - Bm 1157 az,,QRIS,Selesai,ALEXA,55000,,
254c482c,20/07/2026,09.13.00,Rush - B 1649 wzt,,QRIS,Selesai,ALEXA,55000,,
3b158532,20/07/2026,09.24.00,Karimun - Bk 1715 mx,,QRIS,Selesai,ALEXA,50000,,
1fb577db,20/07/2026,09.50.00,Avanza - Bk 1275 yh,,CASH,Selesai,ALEXA,60000,,
1cb4fefb,20/07/2026,09.54.00,Innova - Bk 1741 wi,,QRIS,Selesai,ALEXA,60000,,
34828771,20/07/2026,10.03.00,Jazz - Dm 1700 bg,,CASH,Selesai,ALEXA,55000,,
3da75a92,20/07/2026,10.09.00,Rush - Bk 1384 ai,,CASH,Selesai,ALEXA,65000,,
7460ea9b,20/07/2026,10.15.00,Vista - Bk 1282 ug,,CASH,Selesai,ALEXA,50000,,
a0471134,20/07/2026,10.32.00,Rush - Bk 1629 afc,,QRIS,Selesai,ALEXA,218000,,
116e438c,20/07/2026,10.50.00,Crv - Bk 1567 adx,,CASH,Selesai,ALEXA,55000,,
bf013dcb,20/07/2026,11.03.00,Pickup - Bk 8422 er,,CASH,Selesai,ALEXA,60000,,
372974c8,20/07/2026,11.44.00,Innova - Bk 1847 im,,CASH,Selesai,ALEXA,60000,,
738a484a,20/07/2026,12.13.00,Innova - Bk 1750 gi,,CASH,Selesai,ALEXA,60000,,
b4835e76,20/07/2026,12.27.00, - ,,CASH,Selesai,ALEXA,0,,
9e4a4a03,20/07/2026,13.47.00,Go panca - Bk 1372 ev,,CASH,Selesai,ALEXA,60000,,
8d896d8b,20/07/2026,13.47.00,Agya - Bk 1984 adp,,QRIS,Selesai,ALEXA,50000,,
aa268724,20/07/2026,14.46.00,Pajero - Bk 1086 zg,,CASH,Selesai,ALEXA,60000,,
227bb498,20/07/2026,14.55.00,Alphard - Bk 88 mg,,CASH,Selesai,ALEXA,90000,,
c7f6e3fb,20/07/2026,18.21.00, - ,,CASH,Selesai,SYAFA,15000,,
49f21992,21/07/2026,08.27.00,Avanza - BK 1106 ZL,,CASH,Selesai,SYAFA,55000,,
c21f5ea6,21/07/2026,08.27.00,Brio - BK 1504 VW,,CASH,Selesai,SYAFA,50000,,
b5873599,21/07/2026,08.40.00,Taft - BK 1977 LAJ,,QRIS,Selesai,SYAFA,55000,TRUE,
b124b8eb,21/07/2026,08.40.00,Innova - Bk 1482 pm,,QRIS,Selesai,SYAFA,60000,,
ff463f8d,21/07/2026,08.43.00,Xenia - BK 1976 UT,,CASH,Selesai,SYAFA,55000,,
81487643,21/07/2026,09.03.00,Byd - BK 1525 INY,,CASH,Selesai,SYAFA,55000,,
d5eca0b8,21/07/2026,09.21.00,Ayla - BK 1796 IR,,CASH,Selesai,SYAFA,50000,,
01c0f7e0,21/07/2026,10.12.00,BR-V - BK 1992 FYA,,QRIS,Selesai,SYAFA,55000,,
05d5da1d,21/07/2026,10.36.00,Innova - Bk 1214 aeh,,CASH,Selesai,SYAFA,70000,,
f6d77171,21/07/2026,11.22.00,Mirage - BK 1128 FN,,CASH,Selesai,SYAFA,65000,,
79673d93,21/07/2026,11.34.00,Xenia - Bg 1412 zw,,CASH,Selesai,SYAFA,70000,,
8da1ff02,21/07/2026,11.35.00,Rush - Bk 1032 fo,,CASH,Selesai,SYAFA,70000,,
490a7e3c,21/07/2026,11.57.00,Calya - BK 1500 FB,,QRIS,Selesai,SYAFA,155000,TRUE,
81073375,21/07/2026,12.12.00,Rush - Bk 1558 afe,,CASH,Selesai,SYAFA,55000,,
795008af,21/07/2026,12.58.00,Innova - BK 1567 VBA,,QRIS,Selesai,SYAFA,80000,,
d9a860d9,21/07/2026,13.09.00,Mitshubishi - BK 1131 XM,,QRIS,Selesai,SYAFA,70000,,
d3df40a4,21/07/2026,13.51.00,Fortuner - Bk 1264 a,,CASH,Selesai,SYAFA,90000,,
33953fc7,21/07/2026,14.03.00,Innova - Bk 1101 idm,,CASH,Selesai,SYAFA,60000,,
90effcce,21/07/2026,14.53.00,Xenia - BK 1512 JK,,QRIS,Selesai,SYAFA,55000,,
5bb90661,21/07/2026,14.54.00,Brio - B 2504 KML,,CASH,Selesai,SYAFA,50000,,
2e12a21b,21/07/2026,14.54.00,Calya - BK 1391 EA,,CASH,Selesai,SYAFA,55000,,
f8db771a,21/07/2026,15.17.00,Innova - Bk 1774 aen,,QRIS,Selesai,ALEXA,60000,,
8c846899,21/07/2026,15.18.00, - ,,CASH,Selesai,ALEXA,0,,
4b2fecff,21/07/2026,15.40.00,Rush - Bk 1740 cc,,CASH,Selesai,ALEXA,55000,,
24eaabfb,21/07/2026,15.54.00, - ,,CASH,Selesai,ALEXA,5000,,
e947ed5d,21/07/2026,16.32.00,Calya - Bk 1529 aeh,,QRIS,Selesai,ALEXA,73000,,
9b009357,22/07/2026,08.50.00,Sigra - BK 1649 WAG,,CASH,Selesai,SYAFA,55000,,
05241ee7,22/07/2026,08.52.00,Brio - BK 1113 CCA,,QRIS,Selesai,SYAFA,50000,,
06fd87b6,22/07/2026,09.11.00,Sigra - BK 1542 ACR,,CASH,Selesai,SYAFA,55000,,
4d029146,22/07/2026,09.27.00,Rush - BK 1921 AGK,,CASH,Selesai,SYAFA,55000,,
af32b9bc,22/07/2026,09.30.00,Xenia - BK 1864 DP,,CASH,Selesai,SYAFA,55000,,
0d0e0186,22/07/2026,09.48.00,MOBILIO - BK 1740 LAA,,CASH,Selesai,SYAFA,55000,,
c85ce92e,22/07/2026,10.08.00,Fortuner - BK 1049 AU,,CASH,Selesai,SYAFA,70000,,
0442844c,22/07/2026,10.33.00,Cx-5 - BK 2721 SFS,,CASH,Selesai,SYAFA,55000,TRUE,
7b228bc5,22/07/2026,10.49.00,Innova - BK 1638 NK,,,Pending,SYAFA,60000,,
0ebb2793,22/07/2026,11.49.00,Alvez - BH 1778 GR,,QRIS,Selesai,SYAFA,55000,,
56d30343,22/07/2026,11.50.00,Rush - BK 1552 RAD,,QRIS,Selesai,SYAFA,55000,,
eddb1c08,22/07/2026,12.54.00,Hilux - B 9277 PBH,,QRIS,Selesai,SYAFA,45000,,
5e3a2084,22/07/2026,13.33.00, - ,,,Pending,SYAFA,30000,TRUE,
684f4fa3,22/07/2026,13.40.00,Jimmny - BK 1536 QY,,,Pending,SYAFA,50000,,
41ca1cc4,22/07/2026,13.40.00,Jimmny - BK 1488 DY,,,Pending,SYAFA,50000,,
a16e7232,22/07/2026,14.07.00,Evalia - BK 1658 JS,,CASH,Selesai,SYAFA,60000,,
1795fe42,22/07/2026,17.01.00, - ,,CASH,Selesai,SYAFA,32000,,
f8c7c790,23/07/2026,09.24.00,Fortuner - Bk 1460 aal,,CASH,Selesai,ALEXA,60000,,
7ee94c63,23/07/2026,09.24.00,Panther - Bk 8190 mg,,CASH,Selesai,ALEXA,60000,,
1e227edb,23/07/2026,09.25.00,Innova - Bk 1818 bj,,CASH,Selesai,ALEXA,60000,,
3fa13d90,23/07/2026,09.25.00,Pajero - Bk 1150 qz,,CASH,Selesai,ALEXA,60000,,
686abaae,23/07/2026,09.51.00,Avanza - Bk 1620 adv,,QRIS,Selesai,ALEXA,55000,,
52ea4cf1,23/07/2026,10.43.00,Veloz - Bk 1130 acx,,CASH,Selesai,ALEXA,55000,,
e1ba0126,23/07/2026,11.16.00,Innova - Bk 1967 lag,,QRIS,Selesai,ALEXA,82000,,
5bd37a47,23/07/2026,11.30.00,Pajero - B 1471 vlq,,CASH,Selesai,ALEXA,75000,,
054423a2,23/07/2026,11.31.00,Rush - Bk 1125 agv,,CASH,Selesai,ALEXA,55000,,
7d9476e4,23/07/2026,12.20.00,Rush - Bk 1312 adz,,CASH,Selesai,ALEXA,63000,,
6bb152d9,23/07/2026,12.47.00,Crv - Bk 1277 ur,,CASH,Selesai,ALEXA,55000,,
f1364b8e,23/07/2026,13.04.00,Offroad - Bk 1353 vu,Potongan 20.000 ( 80.000 ),,Pending,ALEXA,100000,,
b9a7ec31,23/07/2026,14.23.00,Hrv - Bk 1227 ij,,CASH,Selesai,ALEXA,55000,,
420fd0b4,23/07/2026,14.24.00,WR-V - Bk 1127 afh,,QRIS,Selesai,ALEXA,67000,,
ceffa3a1,23/07/2026,14.25.00,Avanza - Bk 1269 adv,,CASH,Selesai,ALEXA,55000,,
da2ae434,23/07/2026,14.25.00,Avanza - Bk 1929 ja,,CASH,Selesai,ALEXA,70000,,
77c24e33,23/07/2026,14.53.00,Xtrail - Bk 1525 zo,,CASH,Selesai,ALEXA,45000,,
109c5f6b,23/07/2026,15.32.00,Terios - Bk 1740 adc,,CASH,Selesai,ALEXA,55000,,
e2184e9a,23/07/2026,15.47.00,Agya - Bk 1255 aeo,,CASH,Selesai,ALEXA,55000,,
6b714a86,23/07/2026,16.11.00,Raize - Bk 1872 maj,,CASH,Selesai,ALEXA,55000,,
178a8211,23/07/2026,16.41.00,Terios - Bk 1752 abf,,CASH,Selesai,ALEXA,67000,,
137ea2ee,23/07/2026,16.42.00,Xenia - Bk 1959 gh,,CASH,Selesai,ALEXA,55000,,
3970168b,23/07/2026,17.28.00,Vios - Bk 1955 aap,,CASH,Selesai,ALEXA,82000,,
68633ac1,23/07/2026,17.25.00,Xenia - B 1891 kgy,,QRIS,Selesai,ALEXA,55000,,